,epoch,train_loss,PCC_train,val_loss,PCC_val
0,0,0.3383659766554463,"tensor([ 1.1585e-01,  1.2782e-01,  5.1807e-02,  4.9025e-02,  1.3920e-02,
         2.4123e-01,  3.2727e-02,  1.7396e-02, -1.4664e-03,  6.6340e-03,
         3.1557e-02,  7.7030e-03,  2.7164e-02,  3.0460e-02,  6.7350e-03,
         6.0121e-02,  1.2464e-01,  2.7211e-03,  2.7174e-04,  1.1258e-01,
         1.2145e-01, -4.0363e-03,  4.9024e-02, -1.1204e-03,  1.1131e-02,
         8.0181e-02,  8.0873e-02,  3.9691e-02,  2.7869e-02,  2.3083e-02,
         1.1213e-02, -1.3259e-03,  3.1490e-02, -2.7755e-03,  7.9312e-02,
         2.6223e-02,  4.6619e-02,  2.9675e-01,  8.0328e-03,  4.3521e-02,
        -9.3801e-03,  1.9535e-01,  1.2365e-02,  9.3481e-02,  3.3824e-02,
         6.0145e-02,  1.7116e-02,  2.8327e-02,  1.4848e-02,  2.0538e-02,
         1.7545e-02,  9.7895e-03,  6.8797e-02,  5.3662e-03,  3.4079e-02,
         1.7442e-02,  1.6320e-02,  5.4885e-03,  1.1692e-02,  1.3440e-04,
         1.6826e-02,  1.6776e-02,  5.1521e-02,  2.7925e-03,  9.3720e-02,
         2.9670e-02, -3.5620e-03,  6.3661e-02,  1.3105e-01,  4.3641e-03,
         2.2250e-02,  5.1158e-03,  3.9744e-02,  1.5771e-02,  8.7498e-03,
         1.8363e-02,  2.8918e-03,  5.3112e-03,  1.0031e-03, -3.3903e-03,
         8.1724e-02, -7.7289e-04,  1.9222e-03,  1.8095e-02,  5.9092e-03,
         7.8768e-02,  6.0992e-03,  2.7991e-01,  1.5362e-02,  1.8650e-03,
         9.1895e-02,  1.7555e-03,  6.3212e-02, -6.3729e-03, -5.5657e-03,
         1.1228e-02,  4.4072e-03, -2.0623e-03,  7.7698e-02,  8.3668e-02,
         8.4784e-02,  2.5709e-02,  4.1055e-03,  7.1630e-03,  2.2317e-02,
         2.4929e-02, -6.8870e-03,  7.5660e-02,  2.6078e-03,  3.1159e-02,
         2.1651e-02,  9.3225e-02,  2.4449e-01,  2.4789e-01,  1.6964e-02,
         1.0261e-01,  2.2795e-02,  2.9695e-02,  1.0965e-02,  2.5558e-01,
         1.5447e-02,  2.5049e-01,  4.9707e-02,  3.7584e-02,  6.1267e-02,
         4.5329e-02,  4.2556e-02,  2.6907e-01,  8.3578e-03,  6.8363e-03,
         3.0793e-02,  2.1081e-01,  1.4201e-01,  1.2980e-02,  6.5924e-03,
         8.1068e-02,  1.0217e-02,  2.3189e-02,  6.0706e-03,  4.2787e-02,
         3.7557e-03,  3.2990e-02,  4.8064e-03,  1.3413e-02,  1.0416e-02,
         2.3027e-03,  1.8675e-01,  6.3682e-03,  1.6692e-02,  7.7605e-02,
         8.2410e-03,  1.7337e-01, -3.9988e-03,  3.6447e-02,  5.7690e-02,
         2.9618e-02,  4.6152e-03,  5.9258e-02, -8.8204e-03,  4.2562e-02,
         4.5863e-02, -1.2400e-03, -2.4148e-03,  4.5904e-03,  1.1205e-01,
         1.7903e-01,  8.0657e-02,  2.8551e-02,  1.2945e-01,  1.7025e-01,
         2.4759e-01,  2.0456e-01,  5.2026e-03,  1.2912e-02,  1.6636e-02,
         1.3849e-02,  9.9125e-03,  7.6960e-03,  7.0668e-03,  8.0422e-02,
         5.2134e-03,  9.3678e-02,  6.1276e-02,  2.1940e-01, -2.4818e-03,
         3.1832e-02,  1.3291e-01,  1.7311e-02,  5.3392e-02,  9.0316e-02,
         8.0174e-03,  1.2291e-01,  1.1616e-02,  4.4566e-02,  2.4974e-01,
         7.6846e-03,  2.7277e-02, -2.5731e-03,  4.8474e-02,  3.6765e-02,
         2.6392e-03, -1.0224e-03,  1.2931e-01,  1.1844e-01,  1.1796e-01,
         4.5380e-02,  9.6677e-02,  6.8011e-03,  4.6660e-04,  8.5838e-03,
         5.7922e-03,  1.3257e-02,  5.5211e-03,  5.9170e-02,  2.2893e-03,
         6.0286e-02,  3.2773e-02, -3.8401e-03,  6.6077e-03, -4.9308e-03,
         9.3362e-02,  1.0795e-01,  1.1194e-01,  3.3054e-02,  1.1461e-02,
         1.3028e-02, -2.4238e-02,  1.2095e-02, -7.3187e-03,  3.0689e-02,
         2.5988e-01,  4.7535e-02,  1.0285e-02, -1.1467e-04,  1.9381e-01,
         1.3125e-01,  1.0609e-01,  1.4652e-02,  3.5236e-02, -5.0497e-03,
         1.6984e-02,  1.4251e-03, -2.1170e-03,  1.9629e-02, -9.0949e-04,
        -9.0607e-04,  6.3717e-02,  9.4676e-02,  4.2055e-02,  1.5885e-02,
         2.6056e-01, -4.6948e-03,  2.4080e-02,  2.5460e-02,  2.6806e-02,
         1.1547e-01,  1.3211e-01,  1.5783e-01,  3.2406e-02,  2.1346e-01,
         2.1081e-01,  2.0521e-02, -2.5844e-03,  3.8859e-02,  1.2398e-02,
         1.0003e-03,  9.1286e-03,  5.9869e-02,  5.0467e-02,  1.6208e-02,
         7.8200e-03, -3.1793e-03,  1.1847e-02,  2.8605e-02,  1.5691e-02,
        -3.3029e-03,  4.5372e-03,  4.2622e-02,  3.0448e-02,  1.0780e-01,
         2.8791e-02, -4.5683e-04,  3.1868e-02,  5.4226e-02,  1.0151e-01,
         3.6453e-03,  9.0933e-02,  4.2083e-02,  2.4650e-03,  1.0540e-02,
         3.0935e-02,  2.7186e-02,  1.9733e-02, -7.0416e-04,  2.3192e-02,
         4.3724e-02,  5.6887e-02,  4.8420e-04,  7.4321e-02,  3.9666e-02,
         2.2015e-02,  1.8252e-02,  4.3555e-03, -3.0228e-03,  2.8051e-03,
        -7.2244e-03,  3.8879e-02,  1.3494e-02,  2.4864e-02,  7.9886e-02,
         6.3142e-02,  5.8387e-02,  9.6355e-03])",0.32634767706011547,"tensor([ 1.9393e-01,  2.1801e-01,  1.0795e-01,  9.9743e-02,  3.0949e-02,
         3.3303e-01,  1.7185e-01,  6.8977e-02, -1.9137e-02,  6.5472e-02,
         8.9088e-02,  5.5645e-02,  6.5464e-02,  4.2201e-02,  1.3696e-02,
         1.2598e-01,  2.2163e-01,  5.9791e-03,  1.8108e-02,  2.2335e-01,
         1.5722e-01,  2.4784e-02,  1.3399e-01,  6.5772e-02,  6.5714e-02,
         1.4162e-01,  1.3108e-01,  1.1054e-01,  1.5043e-01,  4.4437e-02,
         4.7199e-02,  1.9269e-03,  7.6244e-02, -2.9654e-02,  1.3361e-01,
         8.7455e-02,  9.1484e-02,  3.7853e-01,  1.1275e-02,  1.0241e-01,
        -1.8534e-02,  2.7736e-01,  4.5881e-02,  1.5241e-01,  8.2365e-02,
         7.7943e-02,  4.1462e-02,  1.0377e-01,  2.8607e-02,  5.6787e-02,
         7.4452e-03,  3.6429e-02,  1.2093e-01,  3.2461e-02,  5.4653e-02,
         1.1672e-01,  4.2198e-02,  4.9248e-02,  2.1790e-02,  5.4847e-03,
         5.7037e-02,  3.0562e-02,  1.2847e-01,  1.8852e-02,  2.0546e-01,
         6.3062e-02, -1.4094e-02,  1.6991e-01,  1.8001e-01, -1.3375e-03,
         5.7396e-02,  2.5787e-02,  7.6561e-02,  3.0257e-02,  4.4840e-02,
         2.8538e-02,  6.3554e-03, -1.0925e-02,  1.7044e-02, -8.9823e-03,
         2.0392e-01, -3.2791e-03,  1.8414e-02,  2.7629e-02,  4.1521e-03,
         1.1992e-01,  3.5939e-02,  3.6924e-01,  6.7389e-02,  7.3064e-03,
         1.3352e-01,  7.5994e-03,  9.2354e-02,  1.2129e-03,  3.0134e-02,
         2.6978e-02,  8.3430e-03, -2.6170e-03,  1.1733e-01,  1.3734e-01,
         1.4548e-01,  1.0450e-01,  1.5958e-02,  3.2425e-02,  1.2118e-01,
         9.4643e-02,  9.1355e-03,  1.2430e-01,  4.1781e-02,  9.1470e-02,
         5.4688e-02,  1.6086e-01,  3.4905e-01,  3.4726e-01,  4.7916e-02,
         1.8509e-01,  8.3101e-02,  6.1087e-02,  2.9819e-02,  3.3782e-01,
         6.3096e-02,  3.3648e-01,  1.2481e-01,  8.4364e-02,  1.4379e-01,
         1.0414e-01,  8.2183e-02,  3.9533e-01,  3.2392e-02,  3.5591e-02,
         7.6541e-02,  2.8020e-01,  2.7733e-01,  2.7623e-02,  8.6685e-03,
         9.7047e-02,  4.5411e-02,  4.4545e-02,  1.2990e-02,  7.9735e-02,
        -9.9205e-03,  9.6187e-02,  3.3113e-02,  4.9115e-02,  1.3801e-02,
         5.7057e-03,  2.5577e-01,  5.6723e-02,  6.0688e-02,  1.2037e-01,
         2.3197e-02,  2.1313e-01,  4.7530e-03,  9.6106e-02,  1.1295e-01,
         9.2878e-02,  1.9381e-02,  1.7081e-01,  6.4037e-02,  8.5193e-02,
         5.5544e-02, -8.5957e-03,  3.1328e-03,  2.6734e-02,  2.6975e-01,
         2.2482e-01,  1.8016e-01,  8.7906e-02,  2.3234e-01,  2.6056e-01,
         4.0433e-01,  3.1269e-01, -2.4399e-03,  3.5688e-02,  4.6830e-02,
         1.0045e-02,  1.5661e-02,  9.2822e-03,  1.1849e-02,  1.6989e-01,
         2.0365e-02,  1.6317e-01,  9.1027e-02,  2.7904e-01, -1.1214e-02,
         8.8378e-02,  1.7787e-01,  1.3916e-02,  9.3446e-02,  1.8011e-01,
         4.2177e-02,  2.1382e-01,  4.6848e-02,  1.0482e-01,  3.3267e-01,
         3.6451e-02,  7.8287e-02, -1.3114e-03,  1.1353e-01,  1.2227e-01,
         9.2597e-03, -1.6681e-02,  2.5347e-01,  2.3225e-01,  1.7390e-01,
         1.0608e-01,  1.3429e-01,  9.3858e-03,  1.6386e-03,  1.6431e-02,
         2.1345e-02,  6.1811e-03,  4.2731e-02,  1.2704e-01,  1.4524e-02,
         1.0822e-01,  5.8419e-02, -6.0884e-03,  3.7144e-02,  3.1130e-03,
         2.1634e-01,  1.6103e-01,  1.9819e-01,  6.2554e-02,  3.5032e-02,
         2.5902e-02,  4.1577e-02,  5.0026e-02,  8.1861e-03,  6.4624e-02,
         3.4258e-01,  1.0314e-01,  2.7422e-02,  7.9810e-03,  3.2557e-01,
         1.9168e-01,  1.5184e-01,  5.6257e-02,  6.1957e-02, -2.1278e-02,
         5.9375e-02, -3.9343e-03, -8.2081e-05,  5.2420e-02,  4.0065e-03,
        -1.8621e-03,  1.0888e-01,  1.7217e-01,  1.0371e-01,  1.0408e-02,
         3.6327e-01, -1.1602e-02,  7.2995e-02,  7.1818e-02,  6.6731e-02,
         1.1980e-01,  1.9374e-01,  2.2673e-01,  8.0219e-02,  2.9359e-01,
         2.6906e-01,  7.6171e-02,  5.1206e-03,  1.0244e-01,  2.3952e-02,
        -2.5838e-03,  5.4679e-02,  9.1950e-02,  1.2213e-01,  2.8541e-02,
         2.5906e-02,  1.1900e-02,  3.9793e-02,  1.0368e-01,  5.1949e-02,
         3.6867e-03,  4.3208e-02,  8.6097e-02,  5.7611e-02,  1.7767e-01,
         4.8741e-02, -7.8081e-03,  7.7082e-02,  8.8412e-02,  1.7661e-01,
         9.9834e-03,  1.3052e-01,  1.1736e-01, -5.7588e-03,  2.0815e-02,
         3.9920e-02,  6.1352e-02,  4.9667e-02,  2.3396e-02,  5.5012e-02,
         1.0016e-01,  1.1935e-01,  2.5091e-02,  1.2544e-01,  1.1182e-01,
         2.1824e-02,  5.2047e-02,  3.6484e-02,  5.1101e-03,  2.6182e-02,
         6.6778e-03,  9.8308e-02,  3.5870e-02,  8.4744e-02,  1.1933e-01,
         1.1104e-01,  1.1622e-01,  3.0132e-02])"
1,1,0.3271110154711425,"tensor([ 0.2035,  0.2445,  0.1192,  0.1285,  0.0475,  0.3554,  0.2297,  0.1083,
        -0.0037,  0.0683,  0.0871,  0.0439,  0.0668,  0.0666,  0.0178,  0.1789,
         0.2504, -0.0005,  0.0109,  0.2873,  0.2101,  0.0268,  0.1261,  0.0685,
         0.0716,  0.1765,  0.1545,  0.1319,  0.1704,  0.0679,  0.0999,  0.0052,
         0.0696,  0.0243,  0.1450,  0.1096,  0.1021,  0.3972,  0.0112,  0.1024,
         0.0195,  0.2955,  0.0577,  0.1682,  0.0954,  0.0890,  0.0502,  0.1235,
         0.0436,  0.0495,  0.0148,  0.0557,  0.1440,  0.0341,  0.0653,  0.1518,
         0.0503,  0.0642,  0.0233,  0.0221,  0.0811,  0.0379,  0.1442,  0.0278,
         0.2185,  0.0815,  0.0022,  0.1780,  0.2475,  0.0135,  0.0749,  0.0521,
         0.1151,  0.0668,  0.0491,  0.0376,  0.0278,  0.0068,  0.0185,  0.0022,
         0.2183,  0.0008,  0.0139,  0.0458,  0.0162,  0.1391,  0.0632,  0.3960,
         0.0881,  0.0169,  0.1536,  0.0026,  0.1193,  0.0028,  0.0182,  0.0387,
        -0.0015,  0.0134,  0.1562,  0.1577,  0.1712,  0.1454,  0.0308,  0.0545,
         0.1689,  0.1425,  0.0209,  0.1332,  0.0474,  0.1211,  0.0741,  0.1859,
         0.3696,  0.3796,  0.0524,  0.2472,  0.0827,  0.0677,  0.0413,  0.3569,
         0.0778,  0.3508,  0.1782,  0.1122,  0.1757,  0.1461,  0.1073,  0.4008,
         0.0471,  0.0365,  0.0734,  0.2987,  0.3372,  0.0426,  0.0161,  0.1190,
         0.0339,  0.0433, -0.0033,  0.0883,  0.0223,  0.0921,  0.0268,  0.0549,
         0.0445,  0.0041,  0.2782,  0.0730,  0.0502,  0.1420,  0.0246,  0.2287,
        -0.0013,  0.1048,  0.1179,  0.0993,  0.0365,  0.2199,  0.1145,  0.0898,
         0.0739,  0.0124,  0.0274,  0.0135,  0.3380,  0.2503,  0.1993,  0.1391,
         0.2796,  0.2832,  0.4241,  0.3161,  0.0114,  0.0353,  0.0831,  0.0262,
         0.0328,  0.0140,  0.0115,  0.1874,  0.0446,  0.1900,  0.0988,  0.3193,
         0.0201,  0.0943,  0.2020,  0.0287,  0.1048,  0.1650,  0.0581,  0.2237,
         0.0746,  0.1644,  0.3596,  0.0755,  0.0952, -0.0014,  0.1487,  0.1773,
         0.0044, -0.0014,  0.2530,  0.2687,  0.1863,  0.1302,  0.1416,  0.0137,
         0.0087,  0.0126,  0.0356,  0.0074,  0.0570,  0.1421,  0.0370,  0.1147,
         0.0640, -0.0028,  0.0186,  0.0208,  0.2400,  0.1918,  0.2200,  0.0901,
         0.0334,  0.0288,  0.0647,  0.0436,  0.0074,  0.0739,  0.3742,  0.1282,
         0.0768,  0.0176,  0.3466,  0.2070,  0.1635,  0.0399,  0.0679,  0.0212,
         0.0844,  0.0188,  0.0065,  0.0713,  0.0140,  0.0140,  0.1429,  0.1888,
         0.1031,  0.0357,  0.3842, -0.0034,  0.0979,  0.0735,  0.0575,  0.1592,
         0.2249,  0.2561,  0.0802,  0.3419,  0.3148,  0.0908,  0.0224,  0.1366,
         0.0404,  0.0025,  0.0538,  0.1119,  0.1247,  0.0298,  0.0319,  0.0086,
         0.0694,  0.1006,  0.0438,  0.0041,  0.0370,  0.1216,  0.0781,  0.2187,
         0.0658,  0.0090,  0.0920,  0.1103,  0.1881,  0.0140,  0.1614,  0.1234,
         0.0079,  0.0258,  0.0471,  0.0480,  0.0608,  0.0355,  0.0729,  0.1160,
         0.1221,  0.0403,  0.1428,  0.1065,  0.0389,  0.0537,  0.0546,  0.0186,
         0.0306,  0.0029,  0.1137,  0.0518,  0.1185,  0.1391,  0.1327,  0.1331,
         0.0375])",0.32118540855101596,"tensor([ 0.2216,  0.2871,  0.1519,  0.1246,  0.0398,  0.4208,  0.3268,  0.1442,
        -0.0076,  0.0778,  0.0993,  0.0409,  0.0827,  0.0772,  0.0326,  0.2025,
         0.2674,  0.0073,  0.0157,  0.3030,  0.2356,  0.0471,  0.1481,  0.0898,
         0.1086,  0.1816,  0.1779,  0.2030,  0.2357,  0.0790,  0.1046, -0.0052,
         0.1056,  0.0174,  0.1688,  0.1279,  0.1050,  0.4174,  0.0192,  0.1173,
         0.0418,  0.3138,  0.0419,  0.1813,  0.1065,  0.1000,  0.0413,  0.1653,
         0.0368,  0.0715,  0.0273,  0.0553,  0.1627,  0.0653,  0.0651,  0.1748,
         0.0519,  0.0669,  0.0198,  0.0350,  0.1182,  0.0360,  0.1537,  0.0426,
         0.2420,  0.0810,  0.0315,  0.2020,  0.2955,  0.0038,  0.0927,  0.0525,
         0.1479,  0.1024,  0.0648,  0.0300,  0.0131, -0.0009,  0.0139, -0.0118,
         0.2423,  0.0076,  0.0194,  0.0501,  0.0146,  0.1357,  0.0744,  0.4310,
         0.1192,  0.0163,  0.1584,  0.0037,  0.1178,  0.0131,  0.0427,  0.0410,
         0.0047,  0.0097,  0.1601,  0.1719,  0.1889,  0.1709,  0.0606,  0.0545,
         0.2244,  0.1713,  0.0247,  0.1578,  0.0555,  0.1394,  0.0992,  0.1986,
         0.3913,  0.4048,  0.0620,  0.2941,  0.1202,  0.0838,  0.0522,  0.3766,
         0.0775,  0.3834,  0.2079,  0.1396,  0.2070,  0.1471,  0.1415,  0.4362,
         0.0860,  0.0376,  0.0721,  0.3098,  0.3559,  0.0465,  0.0237,  0.1131,
         0.0461,  0.0532,  0.0176,  0.1084,  0.0197,  0.1177,  0.0419,  0.0598,
         0.0568,  0.0053,  0.2983,  0.0735,  0.0704,  0.1501,  0.0419,  0.2482,
         0.0020,  0.1284,  0.1360,  0.1280,  0.0506,  0.2709,  0.1375,  0.1034,
         0.0747,  0.0179,  0.0081,  0.0266,  0.3953,  0.2886,  0.2158,  0.1650,
         0.3225,  0.3063,  0.4552,  0.3385,  0.0170,  0.0561,  0.0807,  0.0663,
         0.0367,  0.0195,  0.0010,  0.2524,  0.0453,  0.2133,  0.1050,  0.3493,
         0.0059,  0.0991,  0.2324,  0.0390,  0.1044,  0.2025,  0.0831,  0.2454,
         0.1041,  0.1852,  0.3931,  0.0869,  0.1051, -0.0062,  0.1640,  0.1766,
         0.0088,  0.0143,  0.3237,  0.3232,  0.1898,  0.1374,  0.1492,  0.0123,
         0.0080,  0.0018,  0.0392,  0.0065,  0.0667,  0.1873,  0.0476,  0.1212,
         0.0762, -0.0057,  0.0581,  0.0279,  0.2692,  0.2106,  0.2400,  0.0930,
         0.0314,  0.0523,  0.0930,  0.0599,  0.0094,  0.0887,  0.4141,  0.1467,
         0.1021,  0.0121,  0.3962,  0.2327,  0.1745,  0.0603,  0.0771,  0.0250,
         0.0994,  0.0274,  0.0163,  0.0680, -0.0043,  0.0326,  0.1744,  0.2122,
         0.1255,  0.0352,  0.4190,  0.0123,  0.1079,  0.0944,  0.0766,  0.1612,
         0.2382,  0.3003,  0.0922,  0.3733,  0.3452,  0.1052,  0.0239,  0.1380,
         0.0369,  0.0087,  0.0470,  0.1228,  0.1475,  0.0547,  0.0360,  0.0105,
         0.0954,  0.1238,  0.0496,  0.0068,  0.0519,  0.1366,  0.1110,  0.2398,
         0.0685,  0.0059,  0.1066,  0.1191,  0.2309,  0.0203,  0.1617,  0.1381,
         0.0010,  0.0211,  0.0611,  0.0869,  0.0592,  0.0616,  0.0828,  0.1154,
         0.1392,  0.0594,  0.1415,  0.1282,  0.0438,  0.0598,  0.0629,  0.0389,
         0.0311, -0.0069,  0.1235,  0.0812,  0.1467,  0.1489,  0.1591,  0.1485,
         0.0484])"
2,2,0.32266771184401616,"tensor([ 2.2687e-01,  3.0414e-01,  1.6398e-01,  1.5232e-01,  5.4143e-02,
         4.2288e-01,  3.2248e-01,  1.5376e-01,  3.9164e-04,  8.9166e-02,
         1.1098e-01,  5.6168e-02,  1.0251e-01,  8.8601e-02,  2.8382e-02,
         2.3119e-01,  2.8273e-01,  6.1359e-03,  1.8100e-02,  3.4170e-01,
         2.7572e-01,  5.4577e-02,  1.4287e-01,  1.0113e-01,  1.0452e-01,
         1.9980e-01,  1.8839e-01,  2.0237e-01,  2.2357e-01,  8.9720e-02,
         1.4008e-01,  7.8724e-03,  1.0236e-01,  3.2934e-02,  1.9943e-01,
         1.4593e-01,  1.1674e-01,  4.2774e-01,  2.5963e-02,  1.1805e-01,
         5.1894e-02,  3.2977e-01,  7.3823e-02,  1.8265e-01,  1.1391e-01,
         1.1449e-01,  5.0395e-02,  1.7278e-01,  4.5665e-02,  6.0678e-02,
         2.9197e-02,  6.6959e-02,  1.6297e-01,  5.3862e-02,  8.2518e-02,
         1.9624e-01,  6.6564e-02,  6.7281e-02,  2.1135e-02,  3.5317e-02,
         1.1682e-01,  4.2903e-02,  1.6386e-01,  4.3906e-02,  2.4571e-01,
         1.1491e-01,  3.2578e-02,  2.0269e-01,  3.3471e-01,  3.3467e-02,
         9.5921e-02,  5.7660e-02,  1.7319e-01,  1.1833e-01,  6.6635e-02,
         4.8023e-02,  3.8506e-02,  1.2506e-02,  2.6181e-02,  5.0838e-03,
         2.4817e-01, -2.9495e-03,  5.2230e-03,  5.3428e-02,  2.8053e-02,
         1.6091e-01,  9.1122e-02,  4.4142e-01,  1.1311e-01,  2.5503e-02,
         1.8071e-01,  2.9520e-03,  1.3641e-01,  1.2988e-02,  3.8045e-02,
         5.4582e-02,  5.1450e-03,  1.4672e-02,  1.8984e-01,  1.9298e-01,
         2.0335e-01,  1.9361e-01,  5.4957e-02,  7.5274e-02,  2.2995e-01,
         1.9381e-01,  2.8754e-02,  1.5855e-01,  5.6022e-02,  1.5050e-01,
         1.2660e-01,  2.1531e-01,  4.0061e-01,  4.3698e-01,  6.6964e-02,
         3.1436e-01,  1.3618e-01,  8.5901e-02,  5.0974e-02,  3.9672e-01,
         1.0263e-01,  3.8082e-01,  2.2662e-01,  1.4559e-01,  2.0294e-01,
         1.7175e-01,  1.5495e-01,  4.3133e-01,  6.9745e-02,  3.4574e-02,
         9.0064e-02,  3.2250e-01,  3.8809e-01,  6.7588e-02,  3.1224e-02,
         1.3117e-01,  4.3229e-02,  5.7633e-02,  8.6602e-03,  1.1971e-01,
         3.5967e-02,  1.1183e-01,  4.2009e-02,  6.5432e-02,  6.8097e-02,
         9.8347e-03,  3.1019e-01,  9.9523e-02,  6.8851e-02,  1.5868e-01,
         4.8031e-02,  2.4903e-01,  7.8211e-03,  1.2874e-01,  1.4350e-01,
         1.2350e-01,  5.9003e-02,  2.9158e-01,  1.4927e-01,  1.0534e-01,
         9.0373e-02,  2.6158e-02,  4.0473e-02,  2.4893e-02,  4.3393e-01,
         3.0830e-01,  2.4713e-01,  2.3276e-01,  3.4120e-01,  3.2597e-01,
         4.6058e-01,  3.3711e-01,  2.3986e-02,  5.0611e-02,  1.0940e-01,
         6.2281e-02,  4.2571e-02,  2.5192e-02,  1.4638e-02,  2.5693e-01,
         6.2558e-02,  2.2770e-01,  1.0887e-01,  3.7800e-01,  2.4265e-02,
         1.0834e-01,  2.5296e-01,  3.9246e-02,  1.1311e-01,  1.8075e-01,
         7.1587e-02,  2.4790e-01,  1.1263e-01,  2.1637e-01,  4.0420e-01,
         1.0826e-01,  1.2213e-01, -3.5113e-03,  1.8273e-01,  2.0954e-01,
         4.5669e-03,  5.6124e-03,  3.2821e-01,  3.5347e-01,  2.0670e-01,
         1.6885e-01,  1.5162e-01,  2.6358e-02,  1.3016e-02,  2.0230e-02,
         5.6428e-02,  1.0752e-02,  6.7624e-02,  2.0263e-01,  8.6803e-02,
         1.2735e-01,  7.9450e-02,  4.9244e-04,  4.2436e-02,  3.4387e-02,
         2.8107e-01,  2.3901e-01,  2.5114e-01,  1.2157e-01,  4.5624e-02,
         5.9457e-02,  8.9411e-02,  5.5119e-02,  1.0635e-02,  8.6282e-02,
         4.2859e-01,  1.5710e-01,  1.0782e-01,  1.8532e-02,  4.1482e-01,
         2.6275e-01,  1.7871e-01,  5.7299e-02,  7.6738e-02,  3.5984e-02,
         1.0772e-01,  3.7904e-02,  8.0388e-03,  8.1905e-02,  1.5469e-02,
         3.1576e-02,  1.9175e-01,  2.2508e-01,  1.1828e-01,  5.7002e-02,
         4.3563e-01,  1.2912e-02,  1.1816e-01,  1.0119e-01,  6.2727e-02,
         1.8165e-01,  2.6264e-01,  3.1273e-01,  8.9806e-02,  4.1677e-01,
         3.9635e-01,  1.0304e-01,  3.5544e-02,  1.6936e-01,  5.0734e-02,
         3.1201e-03,  6.2080e-02,  1.3004e-01,  1.4300e-01,  5.9823e-02,
         4.9749e-02,  1.5180e-02,  8.8902e-02,  1.1517e-01,  4.3979e-02,
         1.0816e-02,  5.2023e-02,  1.5302e-01,  1.1314e-01,  2.7770e-01,
         7.4520e-02,  9.2093e-03,  1.1688e-01,  1.2983e-01,  2.4408e-01,
         1.9847e-02,  2.0671e-01,  1.3888e-01,  1.6517e-02,  3.1577e-02,
         7.6927e-02,  9.2796e-02,  7.6651e-02,  6.1664e-02,  9.7752e-02,
         1.2765e-01,  1.4475e-01,  7.5410e-02,  1.6023e-01,  1.2396e-01,
         5.0636e-02,  7.0763e-02,  7.4728e-02,  3.3769e-02,  3.8648e-02,
         3.2085e-03,  1.4020e-01,  7.7244e-02,  1.7499e-01,  1.5109e-01,
         1.6751e-01,  1.6455e-01,  6.0183e-02])",0.3176362028828374,"tensor([ 0.2365,  0.3299,  0.1898,  0.1438,  0.0529,  0.4754,  0.4141,  0.1889,
        -0.0030,  0.0897,  0.1061,  0.0597,  0.1070,  0.1068,  0.0291,  0.2320,
         0.2942,  0.0091,  0.0118,  0.3372,  0.2778,  0.0765,  0.1582,  0.1019,
         0.1208,  0.1897,  0.2013,  0.2388,  0.2839,  0.0921,  0.1321, -0.0042,
         0.1184,  0.0070,  0.2215,  0.1516,  0.1149,  0.4467,  0.0328,  0.1305,
         0.0569,  0.3438,  0.0628,  0.1889,  0.1186,  0.1126,  0.0403,  0.1848,
         0.0464,  0.0725,  0.0394,  0.0614,  0.1765,  0.0721,  0.0778,  0.2021,
         0.0593,  0.0624,  0.0157,  0.0358,  0.1383,  0.0505,  0.1739,  0.0430,
         0.2594,  0.1253,  0.0414,  0.2182,  0.3567,  0.0370,  0.1051,  0.0601,
         0.1847,  0.1421,  0.0817,  0.0271,  0.0140, -0.0102,  0.0285, -0.0088,
         0.2559,  0.0082,  0.0145,  0.0544,  0.0281,  0.1563,  0.0916,  0.4669,
         0.1324,  0.0241,  0.1784,  0.0047,  0.1239,  0.0147,  0.0623,  0.0626,
         0.0081,  0.0140,  0.1846,  0.2119,  0.2217,  0.2005,  0.0745,  0.0672,
         0.2422,  0.2071,  0.0349,  0.1688,  0.0567,  0.1728,  0.1750,  0.2227,
         0.4118,  0.4510,  0.0706,  0.3159,  0.1606,  0.1013,  0.0543,  0.4101,
         0.1022,  0.4049,  0.2399,  0.1577,  0.2125,  0.1717,  0.1684,  0.4579,
         0.0942,  0.0413,  0.0918,  0.3286,  0.3760,  0.0624,  0.0284,  0.1184,
         0.0402,  0.0521,  0.0364,  0.1224,  0.0295,  0.1308,  0.0485,  0.0780,
         0.0746,  0.0202,  0.3244,  0.0848,  0.0776,  0.1606,  0.0655,  0.2600,
        -0.0038,  0.1469,  0.1633,  0.1454,  0.0599,  0.2925,  0.1787,  0.1211,
         0.0872,  0.0300,  0.0225,  0.0387,  0.4587,  0.3328,  0.2402,  0.2626,
         0.3683,  0.3385,  0.4854,  0.3579,  0.0166,  0.0660,  0.1022,  0.1235,
         0.0545,  0.0265,  0.0243,  0.3273,  0.0518,  0.2406,  0.1167,  0.4010,
         0.0091,  0.1148,  0.2787,  0.0476,  0.1104,  0.2140,  0.0879,  0.2604,
         0.1399,  0.2241,  0.4164,  0.1055,  0.1095, -0.0083,  0.1864,  0.1894,
         0.0089,  0.0124,  0.3748,  0.3810,  0.2102,  0.1711,  0.1572,  0.0235,
         0.0099, -0.0147,  0.0688,  0.0068,  0.0744,  0.2256,  0.0967,  0.1269,
         0.0579,  0.0031,  0.0663,  0.0304,  0.2962,  0.2366,  0.2624,  0.1201,
         0.0369,  0.0763,  0.1077,  0.0621,  0.0154,  0.0978,  0.4538,  0.1709,
         0.1187,  0.0111,  0.4489,  0.2850,  0.1848,  0.0662,  0.0861,  0.0271,
         0.1048,  0.0302,  0.0197,  0.0747,  0.0151,  0.0368,  0.2022,  0.2344,
         0.1355,  0.0637,  0.4659,  0.0264,  0.1184,  0.1224,  0.0837,  0.1723,
         0.2628,  0.3462,  0.1028,  0.4301,  0.4291,  0.1095,  0.0371,  0.1590,
         0.0415,  0.0160,  0.0578,  0.1296,  0.1592,  0.0720,  0.0486,  0.0151,
         0.0860,  0.1302,  0.0490,  0.0213,  0.0792,  0.1558,  0.1364,  0.2902,
         0.0780,  0.0008,  0.1252,  0.1268,  0.2800,  0.0166,  0.2121,  0.1542,
         0.0092,  0.0205,  0.0808,  0.1306,  0.0719,  0.0731,  0.1029,  0.1234,
         0.1531,  0.0864,  0.1538,  0.1372,  0.0622,  0.0706,  0.0732,  0.0461,
         0.0350,  0.0024,  0.1536,  0.0910,  0.2062,  0.1583,  0.1768,  0.1764,
         0.0609])"
3,3,0.31935140795013855,"tensor([ 0.2442,  0.3371,  0.1955,  0.1658,  0.0702,  0.4729,  0.4055,  0.1959,
        -0.0030,  0.0967,  0.1215,  0.0617,  0.1189,  0.1114,  0.0428,  0.2478,
         0.3106,  0.0023,  0.0217,  0.3647,  0.3049,  0.0770,  0.1539,  0.1296,
         0.1166,  0.2059,  0.2135,  0.2258,  0.2532,  0.1018,  0.1539,  0.0051,
         0.1216,  0.0245,  0.2380,  0.1601,  0.1237,  0.4549,  0.0322,  0.1374,
         0.0610,  0.3538,  0.0816,  0.1881,  0.1228,  0.1290,  0.0494,  0.1942,
         0.0514,  0.0627,  0.0401,  0.0707,  0.1809,  0.0696,  0.0987,  0.2165,
         0.0736,  0.0758,  0.0189,  0.0479,  0.1333,  0.0514,  0.1855,  0.0543,
         0.2639,  0.1572,  0.0361,  0.2225,  0.3919,  0.0517,  0.0974,  0.0716,
         0.1966,  0.1442,  0.1027,  0.0505,  0.0397,  0.0146,  0.0355,  0.0058,
         0.2670, -0.0020,  0.0094,  0.0608,  0.0231,  0.1753,  0.1090,  0.4659,
         0.1180,  0.0233,  0.1993,  0.0026,  0.1461,  0.0208,  0.0450,  0.0702,
         0.0087,  0.0255,  0.2196,  0.2252,  0.2339,  0.2201,  0.0694,  0.0919,
         0.2357,  0.2218,  0.0375,  0.1696,  0.0557,  0.1716,  0.1758,  0.2299,
         0.4196,  0.4719,  0.0790,  0.3244,  0.1739,  0.1004,  0.0585,  0.4263,
         0.1215,  0.3989,  0.2416,  0.1713,  0.2104,  0.1911,  0.1814,  0.4513,
         0.0895,  0.0375,  0.1048,  0.3445,  0.4065,  0.0819,  0.0395,  0.1392,
         0.0529,  0.0638,  0.0133,  0.1296,  0.0396,  0.1187,  0.0563,  0.0808,
         0.0789,  0.0185,  0.3288,  0.1164,  0.0745,  0.1687,  0.0668,  0.2648,
         0.0150,  0.1430,  0.1778,  0.1406,  0.0692,  0.3042,  0.1840,  0.1213,
         0.1036,  0.0346,  0.0435,  0.0307,  0.4770,  0.3347,  0.2741,  0.3057,
         0.3765,  0.3543,  0.4884,  0.3536,  0.0257,  0.0610,  0.1295,  0.0932,
         0.0600,  0.0368,  0.0280,  0.3137,  0.0678,  0.2561,  0.1106,  0.4217,
         0.0216,  0.1213,  0.2875,  0.0529,  0.1210,  0.1948,  0.0810,  0.2668,
         0.1220,  0.2618,  0.4276,  0.1332,  0.1331, -0.0021,  0.1999,  0.2193,
         0.0065,  0.0056,  0.3714,  0.3934,  0.2242,  0.2022,  0.1612,  0.0305,
         0.0053,  0.0304,  0.0832,  0.0162,  0.0761,  0.2385,  0.1241,  0.1325,
         0.0767,  0.0026,  0.0494,  0.0417,  0.3120,  0.2655,  0.2730,  0.1627,
         0.0526,  0.0700,  0.1111,  0.0659,  0.0123,  0.0957,  0.4643,  0.1718,
         0.1253,  0.0165,  0.4450,  0.3016,  0.1893,  0.0635,  0.0864,  0.0477,
         0.1174,  0.0417,  0.0079,  0.0962,  0.0166,  0.0514,  0.2103,  0.2499,
         0.1300,  0.0695,  0.4804,  0.0313,  0.1278,  0.1351,  0.0716,  0.1877,
         0.2781,  0.3542,  0.1080,  0.4554,  0.4708,  0.1090,  0.0455,  0.1953,
         0.0592,  0.0029,  0.0769,  0.1380,  0.1512,  0.0652,  0.0609,  0.0206,
         0.0873,  0.1237,  0.0466,  0.0156,  0.0745,  0.1685,  0.1243,  0.3223,
         0.0836,  0.0059,  0.1333,  0.1343,  0.2780,  0.0217,  0.2601,  0.1483,
         0.0197,  0.0363,  0.0846,  0.1025,  0.0852,  0.0638,  0.1092,  0.1371,
         0.1642,  0.0947,  0.1736,  0.1329,  0.0653,  0.0860,  0.0809,  0.0422,
         0.0422,  0.0021,  0.1551,  0.0896,  0.2337,  0.1630,  0.1791,  0.1892,
         0.0717])",0.3155009341828617,"tensor([ 2.5330e-01,  3.4813e-01,  2.1098e-01,  1.5296e-01,  6.1668e-02,
         5.1686e-01,  4.6737e-01,  2.3373e-01,  1.8234e-03,  9.4114e-02,
         1.1291e-01,  6.3282e-02,  1.2168e-01,  1.1471e-01,  3.5425e-02,
         2.4896e-01,  3.1011e-01,  1.2459e-02,  2.2656e-02,  3.5490e-01,
         2.9992e-01,  9.3410e-02,  1.7058e-01,  1.2504e-01,  1.3458e-01,
         1.9591e-01,  2.1785e-01,  2.6364e-01,  3.0968e-01,  1.0103e-01,
         1.4242e-01,  3.5695e-03,  1.5574e-01,  1.3160e-02,  2.4255e-01,
         1.5497e-01,  1.1389e-01,  4.6672e-01,  4.3887e-02,  1.4863e-01,
         8.5630e-02,  3.5578e-01,  7.1560e-02,  1.9280e-01,  1.2747e-01,
         1.2688e-01,  4.8854e-02,  1.9573e-01,  5.2284e-02,  6.6130e-02,
         4.1518e-02,  6.4215e-02,  1.8817e-01,  8.2335e-02,  9.8978e-02,
         2.2139e-01,  6.8379e-02,  8.0953e-02,  2.2066e-02,  4.5072e-02,
         1.4936e-01,  6.0078e-02,  1.9326e-01,  5.5909e-02,  2.7068e-01,
         1.7154e-01,  5.2366e-02,  2.2831e-01,  3.9784e-01,  4.5111e-02,
         1.1277e-01,  7.8938e-02,  1.9769e-01,  1.5457e-01,  1.3195e-01,
         2.3723e-02,  1.4279e-02, -2.4188e-03,  4.1393e-02, -2.3317e-03,
         2.6745e-01,  9.6499e-03,  1.4284e-02,  6.0177e-02,  2.5410e-02,
         1.6832e-01,  1.0622e-01,  4.8149e-01,  1.3271e-01,  1.4639e-02,
         1.9332e-01, -4.6159e-04,  1.3126e-01,  2.8259e-02,  5.2265e-02,
         7.6686e-02,  2.4981e-03,  1.5001e-02,  2.0357e-01,  2.3498e-01,
         2.3443e-01,  2.1512e-01,  7.0059e-02,  7.5446e-02,  2.4611e-01,
         2.2865e-01,  2.8082e-02,  1.7657e-01,  5.7193e-02,  1.9001e-01,
         2.1576e-01,  2.2946e-01,  4.2269e-01,  4.7074e-01,  7.8908e-02,
         3.2289e-01,  1.9406e-01,  1.0375e-01,  5.8974e-02,  4.3450e-01,
         1.2080e-01,  4.2061e-01,  2.5496e-01,  1.7689e-01,  2.1914e-01,
         1.8715e-01,  1.9277e-01,  4.6953e-01,  1.1326e-01,  4.8814e-02,
         1.0136e-01,  3.4741e-01,  3.8989e-01,  7.5976e-02,  2.7751e-02,
         1.2215e-01,  5.8176e-02,  4.6637e-02,  1.7416e-02,  1.2790e-01,
         3.8112e-02,  1.3593e-01,  6.7426e-02,  8.8392e-02,  8.7508e-02,
         1.6319e-02,  3.3863e-01,  1.0046e-01,  8.5493e-02,  1.6509e-01,
         7.5034e-02,  2.6920e-01,  1.1178e-02,  1.5371e-01,  1.9048e-01,
         1.5567e-01,  5.9745e-02,  3.0219e-01,  2.0589e-01,  1.3742e-01,
         9.0852e-02,  3.2445e-02,  1.5758e-02,  4.6574e-02,  4.7661e-01,
         3.4908e-01,  2.5112e-01,  3.0581e-01,  3.9091e-01,  3.5531e-01,
         5.0230e-01,  3.6563e-01,  1.6110e-02,  6.7874e-02,  1.1881e-01,
         1.3632e-01,  7.4821e-02,  3.4048e-02,  1.6095e-02,  3.7169e-01,
         5.2722e-02,  2.6479e-01,  1.2322e-01,  4.2487e-01,  1.3214e-02,
         1.2663e-01,  2.9477e-01,  5.3442e-02,  1.1682e-01,  2.2448e-01,
         9.5626e-02,  2.7467e-01,  1.5196e-01,  2.6566e-01,  4.3379e-01,
         1.1483e-01,  1.2218e-01, -3.3438e-03,  1.9707e-01,  1.9797e-01,
         9.9180e-03,  1.7615e-02,  4.0054e-01,  4.0040e-01,  2.2564e-01,
         1.9751e-01,  1.6448e-01,  2.9205e-02,  1.4206e-02,  1.0614e-02,
         9.2139e-02, -1.1968e-03,  8.2968e-02,  2.6800e-01,  1.2325e-01,
         1.3077e-01,  7.6766e-02, -2.1679e-03,  5.0368e-02,  3.6033e-02,
         3.1634e-01,  2.5406e-01,  2.8073e-01,  1.5649e-01,  5.0147e-02,
         8.7517e-02,  1.1274e-01,  7.9510e-02,  1.0170e-02,  1.0085e-01,
         4.7549e-01,  1.8888e-01,  1.2633e-01,  1.1444e-02,  4.6296e-01,
         3.0413e-01,  2.0088e-01,  6.2129e-02,  9.3637e-02,  3.3139e-02,
         1.1680e-01,  2.9000e-02,  1.9759e-02,  8.7581e-02, -5.5472e-04,
         5.1795e-02,  2.1211e-01,  2.5297e-01,  1.4710e-01,  7.3655e-02,
         4.9960e-01,  2.5747e-02,  1.2352e-01,  1.4587e-01,  8.6585e-02,
         1.8026e-01,  2.7414e-01,  3.8151e-01,  1.1500e-01,  4.4937e-01,
         4.8195e-01,  1.1463e-01,  4.4577e-02,  1.9412e-01,  4.5154e-02,
         8.4982e-03,  7.7464e-02,  1.3790e-01,  1.6777e-01,  7.9854e-02,
         4.8668e-02,  3.3243e-02,  9.4864e-02,  1.4112e-01,  5.2363e-02,
         1.5682e-02,  1.0037e-01,  1.6329e-01,  1.3536e-01,  3.2057e-01,
         7.7720e-02,  1.9706e-02,  1.3141e-01,  1.2736e-01,  3.0253e-01,
         1.8066e-02,  2.5490e-01,  1.5972e-01,  8.9621e-03,  2.2391e-02,
         9.1639e-02,  1.5911e-01,  8.1448e-02,  7.3624e-02,  1.1230e-01,
         1.3540e-01,  1.6592e-01,  9.3286e-02,  1.6718e-01,  1.4093e-01,
         7.2108e-02,  8.4989e-02,  7.9428e-02,  5.0459e-02,  3.6497e-02,
        -5.6093e-03,  1.5972e-01,  1.0139e-01,  2.4963e-01,  1.6867e-01,
         1.8414e-01,  1.8321e-01,  6.8281e-02])"
4,4,0.31711923494796634,"tensor([ 0.2542,  0.3570,  0.2148,  0.1789,  0.0797,  0.5026,  0.4538,  0.2443,
        -0.0016,  0.1078,  0.1292,  0.0635,  0.1318,  0.1203,  0.0501,  0.2578,
         0.3288,  0.0063,  0.0262,  0.3765,  0.3235,  0.0968,  0.1634,  0.1500,
         0.1340,  0.2126,  0.2299,  0.2426,  0.2724,  0.1124,  0.1699,  0.0111,
         0.1475,  0.0269,  0.2557,  0.1741,  0.1297,  0.4684,  0.0418,  0.1577,
         0.0843,  0.3671,  0.0904,  0.1939,  0.1342,  0.1452,  0.0676,  0.2010,
         0.0616,  0.0710,  0.0496,  0.0783,  0.1927,  0.0804,  0.1153,  0.2339,
         0.0840,  0.0842,  0.0265,  0.0560,  0.1397,  0.0561,  0.2036,  0.0594,
         0.2773,  0.1822,  0.0398,  0.2374,  0.4270,  0.0682,  0.1125,  0.0919,
         0.2101,  0.1511,  0.1394,  0.0496,  0.0434,  0.0149,  0.0449,  0.0042,
         0.2795,  0.0018,  0.0066,  0.0751,  0.0251,  0.1874,  0.1154,  0.4779,
         0.1252,  0.0274,  0.2123,  0.0007,  0.1552,  0.0255,  0.0514,  0.0833,
         0.0114,  0.0251,  0.2297,  0.2411,  0.2500,  0.2354,  0.0780,  0.0988,
         0.2404,  0.2345,  0.0375,  0.1802,  0.0642,  0.1841,  0.2059,  0.2402,
         0.4311,  0.4867,  0.0825,  0.3300,  0.2105,  0.1089,  0.0582,  0.4481,
         0.1345,  0.4134,  0.2507,  0.1913,  0.2243,  0.2106,  0.2028,  0.4643,
         0.1092,  0.0451,  0.1135,  0.3609,  0.4215,  0.0950,  0.0430,  0.1460,
         0.0598,  0.0654,  0.0072,  0.1395,  0.0496,  0.1233,  0.0582,  0.0954,
         0.0928,  0.0176,  0.3421,  0.1298,  0.0756,  0.1768,  0.0772,  0.2727,
         0.0200,  0.1546,  0.1926,  0.1540,  0.0722,  0.3187,  0.2022,  0.1370,
         0.1110,  0.0375,  0.0492,  0.0422,  0.4934,  0.3471,  0.2887,  0.3338,
         0.3975,  0.3709,  0.5028,  0.3634,  0.0243,  0.0697,  0.1426,  0.1177,
         0.0638,  0.0427,  0.0352,  0.3480,  0.0729,  0.2795,  0.1193,  0.4415,
         0.0304,  0.1281,  0.3041,  0.0598,  0.1269,  0.2011,  0.0891,  0.2813,
         0.1265,  0.2976,  0.4399,  0.1508,  0.1498,  0.0024,  0.2057,  0.2307,
         0.0076,  0.0059,  0.3972,  0.4136,  0.2342,  0.2203,  0.1693,  0.0344,
         0.0085,  0.0332,  0.1070,  0.0156,  0.0850,  0.2690,  0.1414,  0.1416,
         0.0824,  0.0042,  0.0490,  0.0477,  0.3319,  0.2786,  0.2868,  0.1830,
         0.0569,  0.0805,  0.1281,  0.0747,  0.0167,  0.1009,  0.4832,  0.1838,
         0.1385,  0.0246,  0.4580,  0.3218,  0.2034,  0.0647,  0.0926,  0.0537,
         0.1241,  0.0449,  0.0073,  0.1078,  0.0151,  0.0625,  0.2179,  0.2779,
         0.1377,  0.0762,  0.5132,  0.0417,  0.1346,  0.1514,  0.0769,  0.1955,
         0.2911,  0.3964,  0.1161,  0.4750,  0.5015,  0.1165,  0.0517,  0.2128,
         0.0628,  0.0032,  0.0902,  0.1445,  0.1565,  0.0716,  0.0714,  0.0277,
         0.0957,  0.1339,  0.0481,  0.0163,  0.0870,  0.1756,  0.1275,  0.3459,
         0.0844,  0.0101,  0.1422,  0.1365,  0.3002,  0.0208,  0.2902,  0.1581,
         0.0209,  0.0376,  0.0916,  0.1269,  0.0951,  0.0673,  0.1198,  0.1484,
         0.1754,  0.1052,  0.1860,  0.1386,  0.0728,  0.0991,  0.0860,  0.0495,
         0.0431,  0.0012,  0.1660,  0.0972,  0.2615,  0.1715,  0.1843,  0.1990,
         0.0800])",0.3136700656678941,"tensor([ 2.6308e-01,  3.5957e-01,  2.2276e-01,  1.6234e-01,  6.6367e-02,
         5.4048e-01,  4.9809e-01,  2.7789e-01,  5.3458e-04,  1.1036e-01,
         1.2436e-01,  7.5243e-02,  1.3710e-01,  1.3321e-01,  3.7151e-02,
         2.5680e-01,  3.2492e-01,  1.4304e-02,  2.2020e-02,  3.6420e-01,
         3.1204e-01,  1.0333e-01,  1.8765e-01,  1.4183e-01,  1.4106e-01,
         1.9867e-01,  2.3223e-01,  2.7141e-01,  3.2563e-01,  1.1310e-01,
         1.5646e-01, -1.2238e-04,  1.7861e-01,  2.2356e-02,  2.5640e-01,
         1.6436e-01,  1.2658e-01,  4.7625e-01,  4.8760e-02,  1.5257e-01,
         9.5226e-02,  3.6519e-01,  7.4317e-02,  1.9770e-01,  1.3706e-01,
         1.4243e-01,  5.5859e-02,  1.9868e-01,  5.8816e-02,  8.4192e-02,
         4.4994e-02,  6.6401e-02,  1.9252e-01,  8.8572e-02,  1.1520e-01,
         2.3510e-01,  7.4163e-02,  9.8495e-02,  1.3655e-02,  5.7265e-02,
         1.5878e-01,  5.6243e-02,  1.9877e-01,  5.8341e-02,  2.7791e-01,
         1.9129e-01,  5.6094e-02,  2.4088e-01,  4.2189e-01,  6.0212e-02,
         1.1712e-01,  9.0360e-02,  2.0772e-01,  1.4984e-01,  1.6008e-01,
         1.3938e-02,  1.7649e-02, -1.3640e-02,  5.0642e-02,  2.0391e-03,
         2.7792e-01,  1.8002e-02,  1.2439e-02,  6.8381e-02,  3.3559e-02,
         1.7915e-01,  1.2029e-01,  4.8828e-01,  1.3838e-01,  3.3192e-02,
         2.0208e-01,  5.3818e-04,  1.3798e-01,  2.5617e-02,  6.1274e-02,
         7.8972e-02,  6.9206e-04,  2.5250e-02,  2.1121e-01,  2.4614e-01,
         2.3973e-01,  2.2313e-01,  8.0558e-02,  8.1743e-02,  2.4180e-01,
         2.3133e-01,  2.8697e-02,  1.7964e-01,  6.5050e-02,  2.0155e-01,
         2.4364e-01,  2.3989e-01,  4.2887e-01,  4.7951e-01,  8.3155e-02,
         3.2672e-01,  2.2987e-01,  1.1224e-01,  5.8655e-02,  4.5321e-01,
         1.2776e-01,  4.3193e-01,  2.6440e-01,  1.9177e-01,  2.3076e-01,
         2.0273e-01,  2.0786e-01,  4.8115e-01,  1.3704e-01,  4.3137e-02,
         1.0829e-01,  3.6447e-01,  4.0521e-01,  8.1884e-02,  1.8096e-02,
         1.2283e-01,  6.0281e-02,  6.1869e-02,  3.4546e-02,  1.3980e-01,
         4.1330e-02,  1.4291e-01,  6.5347e-02,  1.0501e-01,  9.6866e-02,
         2.0744e-02,  3.4718e-01,  1.1740e-01,  9.2117e-02,  1.7068e-01,
         7.6945e-02,  2.7356e-01,  2.0089e-02,  1.6173e-01,  1.9367e-01,
         1.6257e-01,  6.2283e-02,  3.1609e-01,  2.1444e-01,  1.5181e-01,
         1.0412e-01,  3.1132e-02,  2.8814e-02,  4.5925e-02,  4.8298e-01,
         3.5870e-01,  2.7199e-01,  3.1884e-01,  4.0530e-01,  3.7164e-01,
         5.1099e-01,  3.7108e-01,  7.7702e-03,  7.4032e-02,  1.2874e-01,
         1.8435e-01,  7.3911e-02,  2.7409e-02,  4.1562e-02,  3.9843e-01,
         5.6307e-02,  2.7978e-01,  1.2629e-01,  4.3798e-01,  1.7857e-02,
         1.3464e-01,  3.0465e-01,  5.6947e-02,  1.2660e-01,  2.3162e-01,
         1.0088e-01,  2.8508e-01,  1.5891e-01,  2.9134e-01,  4.4357e-01,
         1.2916e-01,  1.3529e-01, -2.1844e-03,  2.0780e-01,  2.0559e-01,
         5.1224e-03,  1.2786e-02,  4.2176e-01,  4.1383e-01,  2.3159e-01,
         2.0184e-01,  1.7204e-01,  3.2039e-02,  2.5518e-02,  1.6315e-02,
         1.1305e-01,  1.0166e-02,  8.6016e-02,  2.9587e-01,  1.3344e-01,
         1.4473e-01,  8.3282e-02,  1.0119e-03,  6.0086e-02,  4.0190e-02,
         3.2678e-01,  2.6124e-01,  2.9241e-01,  1.7477e-01,  5.6965e-02,
         8.7444e-02,  1.3141e-01,  8.1737e-02,  1.4942e-02,  1.0384e-01,
         4.8727e-01,  1.9955e-01,  1.3851e-01,  1.1371e-02,  4.7011e-01,
         3.1312e-01,  2.0617e-01,  7.0080e-02,  1.0263e-01,  3.2928e-02,
         1.3554e-01,  3.5486e-02,  1.9990e-02,  9.7475e-02, -1.7257e-03,
         5.4077e-02,  2.1605e-01,  2.7995e-01,  1.5167e-01,  7.5592e-02,
         5.3008e-01,  3.4906e-02,  1.3005e-01,  1.5115e-01,  9.3095e-02,
         1.8168e-01,  2.8882e-01,  4.2942e-01,  1.1869e-01,  4.6158e-01,
         4.9930e-01,  1.1992e-01,  3.9709e-02,  2.0384e-01,  5.1523e-02,
         1.4630e-02,  8.8908e-02,  1.4231e-01,  1.7563e-01,  8.4909e-02,
         5.5742e-02,  3.9619e-02,  9.3289e-02,  1.4536e-01,  5.9369e-02,
         2.3652e-02,  1.1605e-01,  1.6808e-01,  1.4353e-01,  3.3666e-01,
         8.3730e-02,  2.0702e-02,  1.3997e-01,  1.3242e-01,  3.2071e-01,
         1.8760e-02,  2.7832e-01,  1.6857e-01,  1.7328e-02,  2.6953e-02,
         9.8068e-02,  1.6288e-01,  8.7604e-02,  8.2045e-02,  1.1930e-01,
         1.4236e-01,  1.7484e-01,  1.0098e-01,  1.7132e-01,  1.4602e-01,
         7.5568e-02,  9.3869e-02,  8.2450e-02,  5.3864e-02,  3.1160e-02,
        -1.0932e-02,  1.6715e-01,  1.0344e-01,  2.6906e-01,  1.7916e-01,
         1.8797e-01,  1.8721e-01,  7.6792e-02])"
5,5,0.31540665233467385,"tensor([ 2.6345e-01,  3.6922e-01,  2.2805e-01,  1.9092e-01,  8.4016e-02,
         5.2023e-01,  4.7995e-01,  2.8818e-01, -5.7376e-03,  1.2386e-01,
         1.3738e-01,  6.6025e-02,  1.4333e-01,  1.4002e-01,  4.8683e-02,
         2.6288e-01,  3.4179e-01,  3.7618e-03,  2.6553e-02,  3.8695e-01,
         3.3460e-01,  1.0574e-01,  1.8298e-01,  1.6949e-01,  1.5303e-01,
         2.1740e-01,  2.4540e-01,  2.5226e-01,  2.8843e-01,  1.2070e-01,
         1.8283e-01,  9.9118e-03,  1.7715e-01,  3.7403e-02,  2.6806e-01,
         1.8303e-01,  1.3688e-01,  4.7853e-01,  4.3632e-02,  1.6576e-01,
         9.4361e-02,  3.7848e-01,  9.2361e-02,  1.9065e-01,  1.4857e-01,
         1.5440e-01,  7.4689e-02,  2.0824e-01,  6.2805e-02,  8.1156e-02,
         4.9279e-02,  8.5527e-02,  1.9966e-01,  8.3155e-02,  1.2931e-01,
         2.4731e-01,  8.8585e-02,  1.1113e-01,  2.3140e-02,  5.8219e-02,
         1.4896e-01,  6.6382e-02,  2.0877e-01,  6.0911e-02,  2.8598e-01,
         1.9466e-01,  4.9218e-02,  2.5018e-01,  4.4664e-01,  7.5425e-02,
         1.2248e-01,  9.7545e-02,  2.2047e-01,  1.5314e-01,  1.6298e-01,
         5.2571e-02,  4.1173e-02,  1.4901e-02,  5.0123e-02,  1.9314e-03,
         2.8920e-01,  1.4819e-03,  8.2866e-03,  7.7095e-02,  2.6725e-02,
         1.9857e-01,  1.3328e-01,  4.8774e-01,  1.3238e-01,  3.4547e-02,
         2.1934e-01,  2.2700e-03,  1.6322e-01,  2.7462e-02,  5.5601e-02,
         9.4590e-02,  8.1200e-03,  3.2201e-02,  2.3822e-01,  2.4799e-01,
         2.5576e-01,  2.4455e-01,  8.5869e-02,  1.0256e-01,  2.5120e-01,
         2.4307e-01,  4.0093e-02,  1.8640e-01,  7.1084e-02,  1.9080e-01,
         2.2871e-01,  2.4874e-01,  4.3959e-01,  4.9391e-01,  8.9542e-02,
         3.3531e-01,  2.4457e-01,  1.1663e-01,  6.3869e-02,  4.6507e-01,
         1.4650e-01,  4.2072e-01,  2.6570e-01,  2.0566e-01,  2.3516e-01,
         2.2621e-01,  2.2088e-01,  4.7432e-01,  1.2511e-01,  4.6197e-02,
         1.1847e-01,  3.7638e-01,  4.3157e-01,  1.0238e-01,  4.2734e-02,
         1.5286e-01,  6.7636e-02,  7.4254e-02,  1.2628e-02,  1.4855e-01,
         5.3453e-02,  1.2850e-01,  5.6762e-02,  1.0727e-01,  1.0811e-01,
         1.6457e-02,  3.5267e-01,  1.3671e-01,  8.5517e-02,  1.8125e-01,
         8.4697e-02,  2.7840e-01,  2.7850e-02,  1.6340e-01,  1.9611e-01,
         1.5999e-01,  8.1008e-02,  3.2636e-01,  2.1212e-01,  1.5314e-01,
         1.1658e-01,  4.0572e-02,  5.5550e-02,  4.5781e-02,  5.0187e-01,
         3.5243e-01,  3.0798e-01,  3.4753e-01,  4.0881e-01,  3.8552e-01,
         5.1173e-01,  3.7251e-01,  3.3577e-02,  7.5409e-02,  1.5146e-01,
         1.4525e-01,  7.0091e-02,  4.8032e-02,  4.5405e-02,  3.6609e-01,
         7.7090e-02,  2.9804e-01,  1.2154e-01,  4.5282e-01,  3.5865e-02,
         1.4017e-01,  3.1609e-01,  6.7135e-02,  1.3251e-01,  2.1354e-01,
         9.6024e-02,  2.9505e-01,  1.4112e-01,  3.2724e-01,  4.5119e-01,
         1.6339e-01,  1.6097e-01, -2.1601e-05,  2.1774e-01,  2.3795e-01,
         6.4240e-03,  1.0825e-02,  4.1778e-01,  4.2468e-01,  2.4513e-01,
         2.2845e-01,  1.7519e-01,  3.5235e-02,  1.4664e-02,  3.4187e-02,
         1.2159e-01,  1.7869e-02,  9.0351e-02,  2.9870e-01,  1.4717e-01,
         1.5398e-01,  9.3264e-02,  3.0428e-03,  5.6930e-02,  5.2931e-02,
         3.4443e-01,  2.8734e-01,  3.0017e-01,  1.9452e-01,  6.2904e-02,
         8.2671e-02,  1.3426e-01,  8.2316e-02,  1.7076e-02,  1.0574e-01,
         4.9522e-01,  1.9169e-01,  1.4411e-01,  2.4382e-02,  4.6671e-01,
         3.3669e-01,  2.1082e-01,  7.1461e-02,  1.0413e-01,  6.0884e-02,
         1.5265e-01,  5.5804e-02,  1.6506e-02,  1.1360e-01,  1.9819e-02,
         6.9206e-02,  2.2350e-01,  3.0301e-01,  1.4789e-01,  8.1487e-02,
         5.3833e-01,  4.5492e-02,  1.4423e-01,  1.5524e-01,  8.5388e-02,
         1.9833e-01,  3.0342e-01,  4.4244e-01,  1.2426e-01,  4.8717e-01,
         5.1389e-01,  1.2823e-01,  5.7157e-02,  2.2199e-01,  6.7166e-02,
         6.7131e-03,  9.8338e-02,  1.5091e-01,  1.6703e-01,  7.6853e-02,
         7.5109e-02,  2.7662e-02,  9.5914e-02,  1.4392e-01,  5.2738e-02,
         1.6933e-02,  9.7654e-02,  1.8549e-01,  1.4035e-01,  3.5883e-01,
         9.4268e-02,  8.8317e-03,  1.5169e-01,  1.4219e-01,  3.1750e-01,
         2.1318e-02,  3.0927e-01,  1.6600e-01,  1.9790e-02,  4.4511e-02,
         1.0049e-01,  1.3427e-01,  1.0386e-01,  7.6731e-02,  1.2988e-01,
         1.5370e-01,  1.8015e-01,  1.1662e-01,  1.9135e-01,  1.4000e-01,
         7.7475e-02,  1.0882e-01,  9.0360e-02,  5.8266e-02,  5.9506e-02,
         1.6376e-03,  1.7262e-01,  1.0195e-01,  2.7922e-01,  1.8012e-01,
         1.8977e-01,  2.0578e-01,  8.4887e-02])",0.31253568625744477,"tensor([ 2.7268e-01,  3.6889e-01,  2.2730e-01,  1.7138e-01,  7.0435e-02,
         5.4988e-01,  5.1248e-01,  3.2034e-01, -5.6800e-04,  1.1882e-01,
         1.3054e-01,  6.8489e-02,  1.4241e-01,  1.4016e-01,  4.2827e-02,
         2.6086e-01,  3.3498e-01,  1.7716e-02,  1.6919e-02,  3.7509e-01,
         3.2413e-01,  1.1984e-01,  2.0273e-01,  1.5151e-01,  1.6554e-01,
         2.0077e-01,  2.4431e-01,  2.8015e-01,  3.3508e-01,  1.1184e-01,
         1.6236e-01,  1.3789e-02,  2.0096e-01,  2.4367e-02,  2.6512e-01,
         1.6483e-01,  1.3337e-01,  4.8086e-01,  4.3913e-02,  1.5720e-01,
         9.4123e-02,  3.7272e-01,  7.9655e-02,  1.9837e-01,  1.4625e-01,
         1.4886e-01,  6.2172e-02,  2.0226e-01,  5.7335e-02,  9.3823e-02,
         5.3117e-02,  7.4318e-02,  1.8993e-01,  8.9242e-02,  1.2707e-01,
         2.4348e-01,  7.7598e-02,  1.1273e-01,  1.9025e-02,  6.3714e-02,
         1.6909e-01,  7.2086e-02,  2.0233e-01,  6.9673e-02,  2.8510e-01,
         1.9493e-01,  5.2650e-02,  2.4633e-01,  4.3445e-01,  6.0143e-02,
         1.2714e-01,  1.0002e-01,  2.1600e-01,  1.6523e-01,  1.7590e-01,
         3.3319e-02,  2.2233e-02, -9.4820e-03,  5.5258e-02, -2.2353e-04,
         2.8150e-01,  1.7102e-02,  1.5235e-02,  7.4842e-02,  3.3188e-02,
         1.8693e-01,  1.3111e-01,  4.9442e-01,  1.4065e-01,  2.6466e-02,
         2.0803e-01, -1.8836e-03,  1.4258e-01,  2.5478e-02,  6.5456e-02,
         7.9532e-02,  7.5195e-03,  2.2725e-02,  2.1618e-01,  2.5003e-01,
         2.4564e-01,  2.2936e-01,  9.4912e-02,  9.2479e-02,  2.5043e-01,
         2.4519e-01,  2.3685e-02,  1.8188e-01,  6.6535e-02,  2.0772e-01,
         2.4918e-01,  2.4427e-01,  4.3468e-01,  4.8601e-01,  8.4100e-02,
         3.2908e-01,  2.6074e-01,  1.1322e-01,  6.2967e-02,  4.6744e-01,
         1.3233e-01,  4.3630e-01,  2.7222e-01,  2.0018e-01,  2.3635e-01,
         2.1830e-01,  2.2428e-01,  4.8684e-01,  1.3334e-01,  4.0103e-02,
         1.1839e-01,  3.7512e-01,  4.1447e-01,  8.6258e-02,  2.9878e-02,
         1.2810e-01,  7.1505e-02,  6.6046e-02,  3.3900e-02,  1.4366e-01,
         4.0613e-02,  1.4403e-01,  7.3738e-02,  1.1314e-01,  1.0849e-01,
         1.7890e-02,  3.5472e-01,  1.2282e-01,  8.8504e-02,  1.7114e-01,
         8.4606e-02,  2.7821e-01,  2.6257e-02,  1.6792e-01,  2.0063e-01,
         1.6618e-01,  6.1552e-02,  3.2319e-01,  2.2915e-01,  1.7409e-01,
         1.1200e-01,  2.5048e-02,  3.2181e-02,  3.9936e-02,  4.9155e-01,
         3.6737e-01,  2.8920e-01,  3.2571e-01,  4.1417e-01,  3.7820e-01,
         5.1923e-01,  3.7717e-01,  5.6985e-03,  7.3580e-02,  1.3524e-01,
         2.1317e-01,  8.1816e-02,  4.1996e-02,  4.6459e-02,  4.1452e-01,
         5.6336e-02,  2.8683e-01,  1.2610e-01,  4.4166e-01,  1.8521e-02,
         1.4065e-01,  3.0905e-01,  5.8020e-02,  1.2831e-01,  2.4134e-01,
         1.1013e-01,  2.9537e-01,  1.6689e-01,  3.0510e-01,  4.4834e-01,
         1.4370e-01,  1.3927e-01,  2.6804e-03,  2.1436e-01,  2.0968e-01,
         4.3494e-03,  1.9236e-02,  4.4249e-01,  4.2284e-01,  2.3948e-01,
         2.1101e-01,  1.7747e-01,  3.8864e-02,  2.0788e-02,  2.9471e-02,
         1.3257e-01,  1.0736e-02,  9.0490e-02,  3.1986e-01,  1.3897e-01,
         1.5064e-01,  9.1812e-02,  5.4758e-03,  6.8162e-02,  3.5936e-02,
         3.3457e-01,  2.6815e-01,  2.9937e-01,  1.7769e-01,  6.0096e-02,
         9.0533e-02,  1.3229e-01,  7.6885e-02,  1.2626e-02,  1.0540e-01,
         4.9201e-01,  2.1155e-01,  1.4216e-01,  1.6395e-02,  4.7572e-01,
         3.2370e-01,  2.1049e-01,  7.1243e-02,  1.0545e-01,  3.8408e-02,
         1.5622e-01,  3.3236e-02,  2.6793e-02,  1.0966e-01,  5.3217e-03,
         6.2541e-02,  2.1889e-01,  3.0411e-01,  1.6169e-01,  7.7179e-02,
         5.5076e-01,  2.3940e-02,  1.3879e-01,  1.5328e-01,  9.7222e-02,
         1.8414e-01,  3.0247e-01,  4.6509e-01,  1.2763e-01,  4.6991e-01,
         5.0696e-01,  1.2954e-01,  4.9435e-02,  2.1160e-01,  5.8323e-02,
         6.6644e-03,  1.0272e-01,  1.4509e-01,  1.8237e-01,  1.0136e-01,
         5.8690e-02,  4.7336e-02,  9.8278e-02,  1.5381e-01,  6.0734e-02,
         2.4886e-02,  1.2215e-01,  1.7907e-01,  1.5574e-01,  3.4735e-01,
         8.8064e-02,  1.3695e-02,  1.4214e-01,  1.3929e-01,  3.3242e-01,
         2.7067e-02,  2.9013e-01,  1.7796e-01,  2.0069e-02,  2.8363e-02,
         1.0733e-01,  1.7165e-01,  9.9423e-02,  8.9729e-02,  1.2934e-01,
         1.4926e-01,  1.7662e-01,  1.1207e-01,  1.7333e-01,  1.5276e-01,
         7.4960e-02,  1.0303e-01,  8.5182e-02,  6.6282e-02,  3.4846e-02,
        -8.2095e-03,  1.7389e-01,  1.0630e-01,  2.8737e-01,  1.8580e-01,
         1.8989e-01,  1.9051e-01,  8.3173e-02])"
6,6,0.3141956919856116,"tensor([ 2.7301e-01,  3.7847e-01,  2.3751e-01,  2.0003e-01,  8.7753e-02,
         5.2937e-01,  4.8946e-01,  3.2680e-01, -2.9288e-03,  1.3298e-01,
         1.4031e-01,  7.0814e-02,  1.5856e-01,  1.5082e-01,  5.2265e-02,
         2.6561e-01,  3.5147e-01,  9.3096e-03,  2.8578e-02,  3.9191e-01,
         3.4535e-01,  1.2160e-01,  1.9801e-01,  1.7568e-01,  1.6817e-01,
         2.2101e-01,  2.5491e-01,  2.5718e-01,  2.9727e-01,  1.2427e-01,
         1.8919e-01,  1.0112e-02,  1.9368e-01,  4.1460e-02,  2.7783e-01,
         1.9287e-01,  1.4217e-01,  4.8112e-01,  4.2414e-02,  1.7220e-01,
         9.5519e-02,  3.8410e-01,  9.7102e-02,  1.9846e-01,  1.5885e-01,
         1.6349e-01,  8.0246e-02,  2.1153e-01,  6.4592e-02,  8.6752e-02,
         5.7344e-02,  8.8083e-02,  2.0438e-01,  8.4919e-02,  1.3969e-01,
         2.5486e-01,  9.6047e-02,  1.1849e-01,  3.1165e-02,  5.8373e-02,
         1.4974e-01,  7.3841e-02,  2.1577e-01,  7.1389e-02,  2.9241e-01,
         2.0170e-01,  4.9271e-02,  2.5959e-01,  4.5771e-01,  8.3053e-02,
         1.2822e-01,  1.1133e-01,  2.3097e-01,  1.6546e-01,  1.7566e-01,
         5.7901e-02,  3.6944e-02,  1.6683e-02,  5.2490e-02,  4.9822e-03,
         2.9511e-01, -1.2227e-03,  1.5539e-02,  8.7156e-02,  3.4711e-02,
         2.0723e-01,  1.4387e-01,  4.9430e-01,  1.3515e-01,  4.7619e-02,
         2.2691e-01,  1.4717e-03,  1.6836e-01,  3.9235e-02,  5.5235e-02,
         9.6784e-02,  1.7292e-02,  3.8151e-02,  2.4606e-01,  2.5427e-01,
         2.6465e-01,  2.5169e-01,  8.6679e-02,  1.0580e-01,  2.5298e-01,
         2.5107e-01,  4.2350e-02,  1.9047e-01,  7.7604e-02,  1.9771e-01,
         2.4669e-01,  2.5495e-01,  4.4531e-01,  4.9987e-01,  9.4410e-02,
         3.4013e-01,  2.7533e-01,  1.2163e-01,  6.6705e-02,  4.7395e-01,
         1.5059e-01,  4.2699e-01,  2.6874e-01,  2.1285e-01,  2.4047e-01,
         2.3786e-01,  2.3491e-01,  4.8021e-01,  1.2547e-01,  4.4470e-02,
         1.2569e-01,  3.8721e-01,  4.4001e-01,  1.0852e-01,  5.1010e-02,
         1.5805e-01,  7.8742e-02,  7.5654e-02,  1.5852e-02,  1.5555e-01,
         5.3392e-02,  1.3431e-01,  6.5614e-02,  1.1271e-01,  1.1446e-01,
         1.5430e-02,  3.6052e-01,  1.4588e-01,  8.8017e-02,  1.8557e-01,
         9.7319e-02,  2.8240e-01,  3.7560e-02,  1.6569e-01,  2.0113e-01,
         1.6453e-01,  8.4369e-02,  3.3498e-01,  2.2532e-01,  1.6986e-01,
         1.2713e-01,  4.0669e-02,  5.8032e-02,  4.7057e-02,  5.0827e-01,
         3.6211e-01,  3.1726e-01,  3.5005e-01,  4.1670e-01,  3.9248e-01,
         5.1847e-01,  3.7991e-01,  3.2210e-02,  7.9801e-02,  1.5916e-01,
         1.5210e-01,  7.4637e-02,  5.8729e-02,  4.3514e-02,  3.7648e-01,
         8.2409e-02,  3.0682e-01,  1.2712e-01,  4.6046e-01,  3.9378e-02,
         1.4677e-01,  3.2434e-01,  7.5083e-02,  1.3741e-01,  2.2089e-01,
         1.0013e-01,  3.0670e-01,  1.4323e-01,  3.5051e-01,  4.5735e-01,
         1.7317e-01,  1.6823e-01, -3.5441e-03,  2.2622e-01,  2.3915e-01,
         7.3060e-03,  1.2789e-02,  4.3380e-01,  4.3497e-01,  2.5237e-01,
         2.2897e-01,  1.8149e-01,  3.2181e-02,  1.4220e-02,  3.7352e-02,
         1.3811e-01,  2.2924e-02,  9.6444e-02,  3.1693e-01,  1.5470e-01,
         1.6261e-01,  9.4737e-02,  1.2331e-02,  6.0512e-02,  5.5988e-02,
         3.5035e-01,  2.9249e-01,  3.0782e-01,  2.0383e-01,  6.9845e-02,
         9.2559e-02,  1.3705e-01,  8.6859e-02,  2.3603e-02,  1.0978e-01,
         5.0212e-01,  1.9731e-01,  1.5018e-01,  2.6168e-02,  4.7300e-01,
         3.4608e-01,  2.1670e-01,  7.2107e-02,  1.0947e-01,  6.4464e-02,
         1.6621e-01,  5.0657e-02,  1.7425e-02,  1.2345e-01,  1.9653e-02,
         7.2381e-02,  2.2817e-01,  3.2371e-01,  1.5404e-01,  9.3516e-02,
         5.5199e-01,  5.2497e-02,  1.5026e-01,  1.6285e-01,  9.3171e-02,
         2.0219e-01,  3.1412e-01,  4.7893e-01,  1.3134e-01,  4.9658e-01,
         5.2007e-01,  1.3456e-01,  6.0749e-02,  2.2551e-01,  7.2907e-02,
         1.0190e-02,  1.0978e-01,  1.5675e-01,  1.7377e-01,  8.2541e-02,
         8.2954e-02,  3.5375e-02,  9.6697e-02,  1.4947e-01,  5.9667e-02,
         1.3777e-02,  1.0658e-01,  1.9351e-01,  1.5028e-01,  3.6925e-01,
         8.6726e-02,  1.2020e-02,  1.5383e-01,  1.3994e-01,  3.2769e-01,
         2.3598e-02,  3.1977e-01,  1.7281e-01,  1.9961e-02,  4.6262e-02,
         1.0588e-01,  1.4165e-01,  1.1289e-01,  8.5446e-02,  1.3502e-01,
         1.6271e-01,  1.8443e-01,  1.1827e-01,  1.9531e-01,  1.4611e-01,
         8.4415e-02,  1.1530e-01,  9.4992e-02,  5.7543e-02,  5.4746e-02,
        -1.8869e-04,  1.8323e-01,  1.0822e-01,  2.9613e-01,  1.8716e-01,
         1.9349e-01,  2.0967e-01,  9.4556e-02])",0.3115338624259572,"tensor([ 0.2802,  0.3758,  0.2321,  0.1820,  0.0751,  0.5574,  0.5211,  0.3484,
        -0.0071,  0.1274,  0.1380,  0.0714,  0.1505,  0.1451,  0.0407,  0.2669,
         0.3430,  0.0247,  0.0238,  0.3804,  0.3309,  0.1206,  0.2147,  0.1593,
         0.1682,  0.2011,  0.2549,  0.2819,  0.3416,  0.1199,  0.1642,  0.0112,
         0.2167,  0.0374,  0.2722,  0.1937,  0.1388,  0.4862,  0.0321,  0.1616,
         0.1109,  0.3772,  0.0794,  0.1962,  0.1517,  0.1550,  0.0631,  0.2051,
         0.0617,  0.0971,  0.0490,  0.0783,  0.1978,  0.0958,  0.1336,  0.2483,
         0.0822,  0.1171,  0.0302,  0.0488,  0.1715,  0.0749,  0.2085,  0.0702,
         0.2930,  0.1982,  0.0583,  0.2538,  0.4407,  0.0720,  0.1315,  0.1003,
         0.2214,  0.1658,  0.1791,  0.0409,  0.0239, -0.0119,  0.0538,  0.0046,
         0.2840,  0.0247,  0.0128,  0.0814,  0.0391,  0.1913,  0.1360,  0.4976,
         0.1449,  0.0477,  0.2107,  0.0036,  0.1459,  0.0268,  0.0483,  0.0905,
         0.0116,  0.0184,  0.2218,  0.2501,  0.2526,  0.2339,  0.0942,  0.0936,
         0.2662,  0.2486,  0.0298,  0.1846,  0.0724,  0.2154,  0.2691,  0.2478,
         0.4406,  0.4909,  0.0827,  0.3359,  0.2864,  0.1107,  0.0611,  0.4749,
         0.1361,  0.4410,  0.2774,  0.2052,  0.2436,  0.2241,  0.2353,  0.4941,
         0.1603,  0.0496,  0.1248,  0.3839,  0.4232,  0.0924,  0.0320,  0.1250,
         0.0730,  0.0672,  0.0445,  0.1491,  0.0448,  0.1400,  0.0731,  0.1175,
         0.1184,  0.0235,  0.3594,  0.1302,  0.0868,  0.1716,  0.0892,  0.2753,
         0.0239,  0.1720,  0.2044,  0.1758,  0.0655,  0.3297,  0.2395,  0.1912,
         0.1138,  0.0412,  0.0370,  0.0432,  0.4950,  0.3683,  0.2987,  0.3337,
         0.4193,  0.3802,  0.5266,  0.3842,  0.0068,  0.0838,  0.1356,  0.2172,
         0.0897,  0.0448,  0.0444,  0.4213,  0.0599,  0.2961,  0.1291,  0.4432,
         0.0169,  0.1459,  0.3158,  0.0669,  0.1410,  0.2483,  0.1105,  0.3058,
         0.1669,  0.3230,  0.4526,  0.1487,  0.1424,  0.0048,  0.2184,  0.2098,
         0.0023,  0.0178,  0.4568,  0.4276,  0.2481,  0.2116,  0.1823,  0.0434,
         0.0207,  0.0208,  0.1461,  0.0179,  0.0953,  0.3437,  0.1385,  0.1571,
         0.0919, -0.0040,  0.0711,  0.0424,  0.3398,  0.2720,  0.3047,  0.1860,
         0.0662,  0.0981,  0.1384,  0.0933,  0.0117,  0.1089,  0.4961,  0.2192,
         0.1490,  0.0083,  0.4791,  0.3303,  0.2153,  0.0818,  0.1084,  0.0414,
         0.1635,  0.0353,  0.0221,  0.1165,  0.0020,  0.0613,  0.2207,  0.3175,
         0.1666,  0.0863,  0.5596,  0.0386,  0.1426,  0.1617,  0.0968,  0.1852,
         0.3120,  0.4926,  0.1298,  0.4762,  0.5118,  0.1334,  0.0457,  0.2148,
         0.0654,  0.0115,  0.1095,  0.1497,  0.1891,  0.0970,  0.0614,  0.0405,
         0.1013,  0.1571,  0.0680,  0.0258,  0.1315,  0.1854,  0.1674,  0.3552,
         0.1008,  0.0065,  0.1445,  0.1323,  0.3396,  0.0291,  0.2982,  0.1844,
         0.0219,  0.0354,  0.1141,  0.1749,  0.1027,  0.0966,  0.1340,  0.1549,
         0.1812,  0.1166,  0.1771,  0.1563,  0.0855,  0.1099,  0.0877,  0.0706,
         0.0342, -0.0056,  0.1799,  0.1098,  0.3058,  0.1928,  0.1923,  0.1926,
         0.0911])"
7,7,0.31309708786822693,"tensor([0.2812, 0.3867, 0.2424, 0.2095, 0.0888, 0.5359, 0.4961, 0.3471, 0.0029,
        0.1446, 0.1514, 0.0748, 0.1648, 0.1608, 0.0559, 0.2717, 0.3618, 0.0049,
        0.0326, 0.3972, 0.3537, 0.1308, 0.2075, 0.1845, 0.1766, 0.2243, 0.2644,
        0.2687, 0.3056, 0.1305, 0.1953, 0.0094, 0.2024, 0.0410, 0.2867, 0.2037,
        0.1466, 0.4892, 0.0426, 0.1746, 0.1116, 0.3901, 0.0993, 0.1996, 0.1691,
        0.1679, 0.0856, 0.2165, 0.0712, 0.0928, 0.0579, 0.0924, 0.2099, 0.0962,
        0.1462, 0.2624, 0.0983, 0.1244, 0.0351, 0.0646, 0.1610, 0.0772, 0.2181,
        0.0752, 0.2989, 0.2080, 0.0552, 0.2639, 0.4642, 0.0855, 0.1344, 0.1182,
        0.2390, 0.1604, 0.1820, 0.0592, 0.0470, 0.0175, 0.0583, 0.0049, 0.3004,
        0.0050, 0.0124, 0.0904, 0.0439, 0.2119, 0.1483, 0.4992, 0.1380, 0.0543,
        0.2312, 0.0090, 0.1728, 0.0433, 0.0622, 0.1037, 0.0100, 0.0398, 0.2511,
        0.2599, 0.2703, 0.2581, 0.0933, 0.1168, 0.2641, 0.2579, 0.0467, 0.1954,
        0.0835, 0.2037, 0.2489, 0.2566, 0.4507, 0.5048, 0.0978, 0.3427, 0.2935,
        0.1247, 0.0655, 0.4781, 0.1586, 0.4311, 0.2723, 0.2220, 0.2455, 0.2478,
        0.2439, 0.4853, 0.1360, 0.0570, 0.1280, 0.3960, 0.4466, 0.1128, 0.0516,
        0.1615, 0.0858, 0.0836, 0.0151, 0.1575, 0.0562, 0.1374, 0.0669, 0.1172,
        0.1273, 0.0193, 0.3672, 0.1527, 0.0915, 0.1905, 0.1085, 0.2888, 0.0394,
        0.1702, 0.2059, 0.1700, 0.0846, 0.3404, 0.2295, 0.1925, 0.1306, 0.0433,
        0.0612, 0.0483, 0.5153, 0.3677, 0.3281, 0.3631, 0.4234, 0.4019, 0.5258,
        0.3851, 0.0339, 0.0828, 0.1626, 0.1583, 0.0828, 0.0676, 0.0595, 0.3835,
        0.0845, 0.3144, 0.1264, 0.4659, 0.0431, 0.1520, 0.3316, 0.0797, 0.1437,
        0.2289, 0.1039, 0.3131, 0.1522, 0.3672, 0.4630, 0.1785, 0.1736, 0.0012,
        0.2321, 0.2444, 0.0018, 0.0098, 0.4506, 0.4420, 0.2570, 0.2378, 0.1854,
        0.0453, 0.0164, 0.0412, 0.1500, 0.0251, 0.1021, 0.3356, 0.1582, 0.1731,
        0.1023, 0.0057, 0.0734, 0.0565, 0.3563, 0.2988, 0.3152, 0.2111, 0.0740,
        0.1004, 0.1553, 0.0892, 0.0316, 0.1135, 0.5079, 0.2040, 0.1545, 0.0323,
        0.4772, 0.3562, 0.2213, 0.0792, 0.1165, 0.0676, 0.1739, 0.0527, 0.0163,
        0.1272, 0.0241, 0.0753, 0.2314, 0.3374, 0.1594, 0.1030, 0.5609, 0.0535,
        0.1537, 0.1679, 0.0956, 0.2027, 0.3232, 0.5013, 0.1346, 0.5048, 0.5243,
        0.1418, 0.0609, 0.2329, 0.0761, 0.0129, 0.1181, 0.1611, 0.1790, 0.0952,
        0.0880, 0.0411, 0.1024, 0.1571, 0.0650, 0.0181, 0.1149, 0.1999, 0.1626,
        0.3770, 0.1013, 0.0161, 0.1633, 0.1421, 0.3356, 0.0268, 0.3262, 0.1781,
        0.0240, 0.0503, 0.1106, 0.1432, 0.1229, 0.0889, 0.1431, 0.1695, 0.1897,
        0.1317, 0.1993, 0.1501, 0.0919, 0.1248, 0.0988, 0.0642, 0.0650, 0.0018,
        0.1908, 0.1130, 0.3139, 0.1943, 0.1963, 0.2150, 0.0993])",0.3109246050869977,"tensor([ 0.2874,  0.3807,  0.2349,  0.1886,  0.0723,  0.5614,  0.5236,  0.3626,
        -0.0068,  0.1323,  0.1417,  0.0739,  0.1577,  0.1513,  0.0437,  0.2688,
         0.3479,  0.0195,  0.0345,  0.3826,  0.3412,  0.1406,  0.2174,  0.1656,
         0.1787,  0.1996,  0.2618,  0.2952,  0.3492,  0.1233,  0.1697,  0.0079,
         0.2155,  0.0353,  0.2804,  0.2091,  0.1443,  0.4903,  0.0495,  0.1617,
         0.1151,  0.3815,  0.0848,  0.2010,  0.1572,  0.1572,  0.0671,  0.2091,
         0.0643,  0.1017,  0.0448,  0.0799,  0.2022,  0.0984,  0.1413,  0.2534,
         0.0833,  0.1122,  0.0243,  0.0705,  0.1710,  0.0785,  0.2086,  0.0782,
         0.2975,  0.2042,  0.0625,  0.2582,  0.4468,  0.0708,  0.1295,  0.1034,
         0.2243,  0.1637,  0.1799,  0.0340,  0.0231, -0.0061,  0.0580,  0.0086,
         0.2888,  0.0127,  0.0115,  0.0816,  0.0465,  0.1938,  0.1387,  0.5006,
         0.1457,  0.0438,  0.2158,  0.0012,  0.1469,  0.0349,  0.0537,  0.0946,
         0.0080,  0.0253,  0.2289,  0.2565,  0.2593,  0.2388,  0.0970,  0.1029,
         0.2681,  0.2523,  0.0361,  0.1835,  0.0780,  0.2226,  0.2813,  0.2505,
         0.4433,  0.4933,  0.0857,  0.3373,  0.3066,  0.1149,  0.0645,  0.4776,
         0.1372,  0.4428,  0.2812,  0.2080,  0.2449,  0.2289,  0.2415,  0.4971,
         0.1671,  0.0511,  0.1285,  0.3913,  0.4290,  0.0918,  0.0412,  0.1335,
         0.0779,  0.0663,  0.0392,  0.1504,  0.0474,  0.1496,  0.0709,  0.1215,
         0.1256,  0.0243,  0.3626,  0.1319,  0.0933,  0.1745,  0.0988,  0.2835,
         0.0326,  0.1700,  0.2067,  0.1733,  0.0674,  0.3344,  0.2398,  0.2158,
         0.1199,  0.0432,  0.0424,  0.0530,  0.4954,  0.3737,  0.3138,  0.3365,
         0.4187,  0.3819,  0.5311,  0.3870,  0.0108,  0.0892,  0.1406,  0.2098,
         0.0958,  0.0451,  0.0438,  0.4268,  0.0598,  0.2971,  0.1314,  0.4485,
         0.0191,  0.1503,  0.3167,  0.0678,  0.1430,  0.2524,  0.1155,  0.3120,
         0.1663,  0.3317,  0.4556,  0.1514,  0.1435,  0.0066,  0.2231,  0.2135,
         0.0101,  0.0280,  0.4717,  0.4289,  0.2524,  0.2136,  0.1849,  0.0416,
         0.0189,  0.0226,  0.1583,  0.0153,  0.0946,  0.3677,  0.1418,  0.1662,
         0.0953, -0.0046,  0.0857,  0.0467,  0.3425,  0.2744,  0.3100,  0.1880,
         0.0703,  0.1069,  0.1450,  0.0873,  0.0169,  0.1096,  0.4983,  0.2208,
         0.1502,  0.0172,  0.4837,  0.3406,  0.2164,  0.0831,  0.1106,  0.0437,
         0.1672,  0.0436,  0.0211,  0.1217,  0.0148,  0.0669,  0.2230,  0.3245,
         0.1693,  0.0933,  0.5650,  0.0378,  0.1506,  0.1626,  0.1000,  0.1865,
         0.3215,  0.5086,  0.1326,  0.4801,  0.5141,  0.1422,  0.0565,  0.2189,
         0.0627,  0.0058,  0.1140,  0.1545,  0.1926,  0.1076,  0.0625,  0.0395,
         0.0990,  0.1610,  0.0638,  0.0263,  0.1368,  0.1879,  0.1685,  0.3618,
         0.1003,  0.0130,  0.1514,  0.1391,  0.3436,  0.0260,  0.3039,  0.1914,
         0.0192,  0.0389,  0.1202,  0.1755,  0.1145,  0.1027,  0.1379,  0.1593,
         0.1850,  0.1176,  0.1785,  0.1566,  0.0912,  0.1148,  0.0868,  0.0604,
         0.0388, -0.0042,  0.1866,  0.1113,  0.3193,  0.1989,  0.1975,  0.1928,
         0.0846])"
8,8,0.31233764598982255,"tensor([0.2871, 0.3928, 0.2482, 0.2177, 0.0912, 0.5399, 0.4964, 0.3599, 0.0013,
        0.1489, 0.1562, 0.0757, 0.1727, 0.1714, 0.0559, 0.2738, 0.3678, 0.0081,
        0.0356, 0.4037, 0.3623, 0.1444, 0.2128, 0.1918, 0.1837, 0.2258, 0.2698,
        0.2739, 0.3147, 0.1341, 0.1988, 0.0146, 0.2209, 0.0496, 0.2954, 0.2221,
        0.1494, 0.4920, 0.0444, 0.1774, 0.1170, 0.3942, 0.1024, 0.2026, 0.1750,
        0.1750, 0.0886, 0.2216, 0.0727, 0.0928, 0.0572, 0.0935, 0.2150, 0.0978,
        0.1515, 0.2680, 0.1035, 0.1248, 0.0346, 0.0688, 0.1653, 0.0820, 0.2253,
        0.0833, 0.3034, 0.2110, 0.0574, 0.2714, 0.4700, 0.0871, 0.1409, 0.1188,
        0.2439, 0.1672, 0.1891, 0.0597, 0.0513, 0.0177, 0.0594, 0.0085, 0.3044,
        0.0106, 0.0175, 0.0957, 0.0442, 0.2169, 0.1480, 0.5025, 0.1414, 0.0551,
        0.2349, 0.0073, 0.1774, 0.0432, 0.0616, 0.1050, 0.0116, 0.0373, 0.2578,
        0.2641, 0.2766, 0.2636, 0.1009, 0.1176, 0.2644, 0.2581, 0.0497, 0.1975,
        0.0878, 0.2127, 0.2556, 0.2610, 0.4540, 0.5084, 0.0992, 0.3481, 0.3069,
        0.1277, 0.0729, 0.4825, 0.1651, 0.4335, 0.2753, 0.2267, 0.2526, 0.2520,
        0.2504, 0.4881, 0.1459, 0.0542, 0.1341, 0.4022, 0.4541, 0.1167, 0.0531,
        0.1631, 0.0926, 0.0781, 0.0236, 0.1595, 0.0611, 0.1410, 0.0713, 0.1251,
        0.1353, 0.0217, 0.3703, 0.1574, 0.0896, 0.1930, 0.1119, 0.2925, 0.0458,
        0.1719, 0.2105, 0.1736, 0.0880, 0.3473, 0.2399, 0.2050, 0.1372, 0.0428,
        0.0628, 0.0452, 0.5201, 0.3717, 0.3351, 0.3683, 0.4271, 0.4063, 0.5309,
        0.3889, 0.0389, 0.0881, 0.1660, 0.1735, 0.0843, 0.0632, 0.0598, 0.3880,
        0.0874, 0.3233, 0.1296, 0.4709, 0.0406, 0.1558, 0.3369, 0.0845, 0.1471,
        0.2312, 0.1046, 0.3189, 0.1574, 0.3774, 0.4666, 0.1788, 0.1785, 0.0051,
        0.2388, 0.2486, 0.0071, 0.0147, 0.4608, 0.4476, 0.2611, 0.2434, 0.1884,
        0.0471, 0.0205, 0.0434, 0.1699, 0.0296, 0.1016, 0.3574, 0.1607, 0.1791,
        0.1020, 0.0117, 0.0719, 0.0563, 0.3602, 0.3023, 0.3195, 0.2164, 0.0766,
        0.1103, 0.1597, 0.0915, 0.0270, 0.1145, 0.5114, 0.2090, 0.1553, 0.0317,
        0.4817, 0.3648, 0.2246, 0.0835, 0.1200, 0.0658, 0.1846, 0.0564, 0.0190,
        0.1318, 0.0193, 0.0812, 0.2334, 0.3464, 0.1647, 0.1164, 0.5659, 0.0666,
        0.1608, 0.1679, 0.0986, 0.2052, 0.3315, 0.5115, 0.1396, 0.5100, 0.5292,
        0.1509, 0.0634, 0.2367, 0.0783, 0.0129, 0.1217, 0.1643, 0.1829, 0.1003,
        0.0998, 0.0338, 0.1024, 0.1627, 0.0701, 0.0166, 0.1230, 0.2045, 0.1713,
        0.3834, 0.1042, 0.0164, 0.1650, 0.1470, 0.3419, 0.0271, 0.3318, 0.1807,
        0.0228, 0.0505, 0.1158, 0.1487, 0.1275, 0.0984, 0.1484, 0.1731, 0.1941,
        0.1392, 0.2024, 0.1544, 0.0959, 0.1295, 0.1006, 0.0698, 0.0644, 0.0014,
        0.2002, 0.1167, 0.3281, 0.1975, 0.1997, 0.2200, 0.1025])",0.31043314197917043,"tensor([ 0.2935,  0.3841,  0.2373,  0.1915,  0.0762,  0.5636,  0.5278,  0.3753,
        -0.0031,  0.1389,  0.1351,  0.0815,  0.1562,  0.1581,  0.0429,  0.2711,
         0.3544,  0.0249,  0.0363,  0.3911,  0.3490,  0.1502,  0.2253,  0.1701,
         0.1865,  0.2028,  0.2678,  0.3005,  0.3535,  0.1235,  0.1724,  0.0130,
         0.2347,  0.0481,  0.2834,  0.2204,  0.1511,  0.4897,  0.0463,  0.1636,
         0.1199,  0.3829,  0.0859,  0.1965,  0.1593,  0.1612,  0.0687,  0.2108,
         0.0665,  0.1025,  0.0492,  0.0794,  0.2032,  0.0996,  0.1457,  0.2571,
         0.0855,  0.1157,  0.0101,  0.0771,  0.1777,  0.0749,  0.2122,  0.0796,
         0.3010,  0.2061,  0.0597,  0.2627,  0.4494,  0.0756,  0.1401,  0.1024,
         0.2259,  0.1730,  0.1944,  0.0484,  0.0243, -0.0136,  0.0530,  0.0078,
         0.2896,  0.0107,  0.0090,  0.0868,  0.0339,  0.1975,  0.1420,  0.5022,
         0.1453,  0.0519,  0.2173,  0.0032,  0.1446,  0.0448,  0.0606,  0.0934,
         0.0081,  0.0338,  0.2343,  0.2578,  0.2624,  0.2411,  0.0966,  0.1046,
         0.2798,  0.2530,  0.0363,  0.1851,  0.0801,  0.2257,  0.2769,  0.2529,
         0.4443,  0.4971,  0.0838,  0.3418,  0.3183,  0.1181,  0.0722,  0.4808,
         0.1387,  0.4426,  0.2845,  0.2098,  0.2526,  0.2337,  0.2455,  0.5007,
         0.1713,  0.0478,  0.1364,  0.3942,  0.4338,  0.0937,  0.0443,  0.1353,
         0.0843,  0.0643,  0.0327,  0.1509,  0.0469,  0.1545,  0.0757,  0.1290,
         0.1279,  0.0277,  0.3642,  0.1348,  0.0917,  0.1759,  0.1045,  0.2843,
         0.0304,  0.1706,  0.2083,  0.1816,  0.0726,  0.3368,  0.2510,  0.2319,
         0.1239,  0.0339,  0.0420,  0.0447,  0.5021,  0.3783,  0.3211,  0.3445,
         0.4213,  0.3933,  0.5327,  0.3881,  0.0065,  0.0891,  0.1398,  0.2390,
         0.0934,  0.0490,  0.0455,  0.4281,  0.0617,  0.3055,  0.1282,  0.4484,
         0.0130,  0.1509,  0.3204,  0.0711,  0.1459,  0.2559,  0.1150,  0.3168,
         0.1674,  0.3384,  0.4572,  0.1541,  0.1449,  0.0116,  0.2277,  0.2147,
         0.0054,  0.0229,  0.4813,  0.4340,  0.2555,  0.2176,  0.1868,  0.0369,
         0.0178,  0.0133,  0.1732,  0.0241,  0.0949,  0.3918,  0.1460,  0.1726,
         0.1010, -0.0020,  0.0747,  0.0466,  0.3431,  0.2766,  0.3126,  0.1932,
         0.0714,  0.1167,  0.1558,  0.0956,  0.0211,  0.1119,  0.4984,  0.2249,
         0.1508,  0.0092,  0.4839,  0.3487,  0.2195,  0.0894,  0.1134,  0.0436,
         0.1721,  0.0476,  0.0221,  0.1230,  0.0137,  0.0673,  0.2241,  0.3318,
         0.1775,  0.1018,  0.5698,  0.0467,  0.1552,  0.1632,  0.1002,  0.1874,
         0.3274,  0.5180,  0.1354,  0.4831,  0.5130,  0.1522,  0.0557,  0.2192,
         0.0643,  0.0061,  0.1212,  0.1560,  0.1966,  0.1129,  0.0676,  0.0477,
         0.0966,  0.1632,  0.0625,  0.0257,  0.1414,  0.1941,  0.1828,  0.3659,
         0.1039,  0.0093,  0.1507,  0.1401,  0.3466,  0.0327,  0.3073,  0.1960,
         0.0176,  0.0425,  0.1218,  0.1778,  0.1187,  0.0963,  0.1392,  0.1671,
         0.1876,  0.1202,  0.1794,  0.1600,  0.0913,  0.1202,  0.0884,  0.0610,
         0.0355,  0.0019,  0.1899,  0.1122,  0.3315,  0.1985,  0.1982,  0.1984,
         0.0953])"
9,9,0.31155055576802776,"tensor([0.2919, 0.3977, 0.2521, 0.2229, 0.0915, 0.5422, 0.5047, 0.3704, 0.0038,
        0.1552, 0.1525, 0.0702, 0.1779, 0.1758, 0.0593, 0.2778, 0.3743, 0.0101,
        0.0395, 0.4059, 0.3710, 0.1496, 0.2171, 0.1917, 0.1894, 0.2267, 0.2765,
        0.2776, 0.3194, 0.1394, 0.2039, 0.0187, 0.2251, 0.0483, 0.3019, 0.2314,
        0.1563, 0.4951, 0.0481, 0.1824, 0.1227, 0.3982, 0.1045, 0.2037, 0.1797,
        0.1768, 0.0911, 0.2253, 0.0763, 0.0988, 0.0612, 0.0950, 0.2181, 0.1036,
        0.1575, 0.2714, 0.1077, 0.1286, 0.0397, 0.0713, 0.1731, 0.0840, 0.2307,
        0.0793, 0.3081, 0.2157, 0.0500, 0.2753, 0.4748, 0.0965, 0.1443, 0.1256,
        0.2504, 0.1757, 0.1955, 0.0690, 0.0495, 0.0188, 0.0621, 0.0048, 0.3074,
        0.0081, 0.0171, 0.0999, 0.0460, 0.2199, 0.1616, 0.5066, 0.1459, 0.0598,
        0.2383, 0.0056, 0.1799, 0.0518, 0.0585, 0.1106, 0.0104, 0.0421, 0.2629,
        0.2652, 0.2793, 0.2683, 0.1037, 0.1219, 0.2714, 0.2650, 0.0506, 0.1979,
        0.0929, 0.2158, 0.2569, 0.2645, 0.4573, 0.5118, 0.1045, 0.3480, 0.3167,
        0.1329, 0.0766, 0.4862, 0.1686, 0.4361, 0.2824, 0.2312, 0.2582, 0.2580,
        0.2562, 0.4909, 0.1443, 0.0588, 0.1354, 0.4069, 0.4623, 0.1195, 0.0635,
        0.1658, 0.0986, 0.0858, 0.0185, 0.1622, 0.0628, 0.1469, 0.0760, 0.1302,
        0.1403, 0.0231, 0.3714, 0.1607, 0.0945, 0.1947, 0.1194, 0.2947, 0.0510,
        0.1756, 0.2136, 0.1761, 0.0908, 0.3514, 0.2412, 0.2214, 0.1409, 0.0502,
        0.0650, 0.0565, 0.5249, 0.3755, 0.3400, 0.3749, 0.4328, 0.4125, 0.5351,
        0.3918, 0.0306, 0.0886, 0.1699, 0.1777, 0.0871, 0.0745, 0.0639, 0.3903,
        0.0906, 0.3297, 0.1300, 0.4748, 0.0429, 0.1599, 0.3411, 0.0878, 0.1510,
        0.2373, 0.1027, 0.3231, 0.1484, 0.3871, 0.4697, 0.1817, 0.1785, 0.0062,
        0.2439, 0.2497, 0.0069, 0.0138, 0.4765, 0.4537, 0.2659, 0.2464, 0.1928,
        0.0402, 0.0209, 0.0479, 0.1796, 0.0244, 0.1085, 0.3768, 0.1631, 0.1866,
        0.1053, 0.0102, 0.0747, 0.0592, 0.3629, 0.3057, 0.3240, 0.2219, 0.0807,
        0.1186, 0.1516, 0.0945, 0.0325, 0.1182, 0.5152, 0.2123, 0.1589, 0.0369,
        0.4855, 0.3718, 0.2280, 0.0866, 0.1240, 0.0698, 0.1902, 0.0678, 0.0173,
        0.1357, 0.0290, 0.0832, 0.2350, 0.3539, 0.1705, 0.1162, 0.5709, 0.0606,
        0.1647, 0.1734, 0.1015, 0.2059, 0.3374, 0.5218, 0.1440, 0.5148, 0.5326,
        0.1594, 0.0655, 0.2407, 0.0820, 0.0121, 0.1274, 0.1671, 0.1878, 0.1004,
        0.1066, 0.0343, 0.1034, 0.1689, 0.0689, 0.0136, 0.1243, 0.2078, 0.1823,
        0.3892, 0.1038, 0.0110, 0.1715, 0.1475, 0.3482, 0.0320, 0.3347, 0.1874,
        0.0260, 0.0546, 0.1191, 0.1488, 0.1325, 0.0908, 0.1503, 0.1799, 0.1971,
        0.1382, 0.2058, 0.1570, 0.1007, 0.1351, 0.1050, 0.0703, 0.0615, 0.0018,
        0.2063, 0.1208, 0.3433, 0.2032, 0.2025, 0.2239, 0.1075])",0.31006828759923394,"tensor([ 2.9456e-01,  3.8684e-01,  2.3808e-01,  1.9579e-01,  7.4209e-02,
         5.6601e-01,  5.3138e-01,  3.8378e-01, -7.0416e-03,  1.3980e-01,
         1.2709e-01,  5.9028e-02,  1.6709e-01,  1.6425e-01,  4.8836e-02,
         2.7190e-01,  3.5751e-01,  2.7029e-02,  3.8638e-02,  3.9121e-01,
         3.5530e-01,  1.5553e-01,  2.3014e-01,  1.7623e-01,  1.8907e-01,
         2.0400e-01,  2.7027e-01,  3.0204e-01,  3.5328e-01,  1.1497e-01,
         1.7263e-01,  9.5427e-03,  2.2887e-01,  4.8314e-02,  2.8929e-01,
         2.3383e-01,  1.5378e-01,  4.9196e-01,  5.0792e-02,  1.6736e-01,
         1.1876e-01,  3.8634e-01,  8.4617e-02,  2.0432e-01,  1.6145e-01,
         1.6149e-01,  7.0465e-02,  2.1609e-01,  7.0401e-02,  1.0720e-01,
         5.4958e-02,  8.2994e-02,  2.0516e-01,  9.8173e-02,  1.4903e-01,
         2.5703e-01,  8.5934e-02,  1.1500e-01,  2.2227e-02,  6.7463e-02,
         1.8202e-01,  8.2812e-02,  2.1513e-01,  7.5436e-02,  3.0482e-01,
         2.0993e-01,  6.3725e-02,  2.6763e-01,  4.5380e-01,  8.7613e-02,
         1.4346e-01,  1.0196e-01,  2.2824e-01,  1.8261e-01,  1.9371e-01,
         5.6632e-02,  2.9425e-02, -7.1219e-03,  6.4732e-02,  6.1114e-03,
         2.9168e-01,  1.5587e-03,  6.6621e-03,  8.8617e-02,  3.6611e-02,
         2.0185e-01,  1.4667e-01,  5.0436e-01,  1.4834e-01,  5.7861e-02,
         2.2084e-01, -1.5344e-04,  1.4749e-01,  3.9008e-02,  6.5719e-02,
         9.9863e-02,  1.3601e-03,  3.4173e-02,  2.3865e-01,  2.6129e-01,
         2.6432e-01,  2.4495e-01,  1.0313e-01,  1.0960e-01,  2.7710e-01,
         2.5370e-01,  4.9738e-02,  1.8558e-01,  8.3100e-02,  2.3300e-01,
         2.8478e-01,  2.5238e-01,  4.4699e-01,  5.0004e-01,  8.5286e-02,
         3.4070e-01,  3.2707e-01,  1.1772e-01,  7.6745e-02,  4.8482e-01,
         1.4620e-01,  4.4512e-01,  2.8469e-01,  2.1103e-01,  2.5545e-01,
         2.3639e-01,  2.5163e-01,  5.0294e-01,  1.6115e-01,  5.2078e-02,
         1.2885e-01,  3.9819e-01,  4.3882e-01,  9.5709e-02,  4.9231e-02,
         1.3761e-01,  8.8546e-02,  7.4052e-02,  4.4777e-02,  1.5467e-01,
         4.6924e-02,  1.5808e-01,  8.0253e-02,  1.3311e-01,  1.3626e-01,
         2.8213e-02,  3.6649e-01,  1.3909e-01,  9.8101e-02,  1.7448e-01,
         1.1168e-01,  2.8613e-01,  3.6446e-02,  1.7303e-01,  2.1138e-01,
         1.8192e-01,  7.5119e-02,  3.4041e-01,  2.5394e-01,  2.3985e-01,
         1.2828e-01,  5.2312e-02,  4.7562e-02,  5.4085e-02,  5.0313e-01,
         3.8041e-01,  3.1758e-01,  3.4524e-01,  4.2506e-01,  3.9436e-01,
         5.3551e-01,  3.9153e-01,  9.4235e-04,  9.0658e-02,  1.4576e-01,
         2.2229e-01,  9.8916e-02,  4.8042e-02,  5.0747e-02,  4.3576e-01,
         5.8747e-02,  3.0994e-01,  1.3117e-01,  4.5179e-01,  1.8476e-02,
         1.5481e-01,  3.2184e-01,  7.3512e-02,  1.4762e-01,  2.5597e-01,
         1.1918e-01,  3.1961e-01,  1.6484e-01,  3.4260e-01,  4.5889e-01,
         1.5758e-01,  1.4773e-01,  1.2528e-02,  2.3169e-01,  2.1852e-01,
         9.6092e-03,  1.6167e-02,  4.9381e-01,  4.3570e-01,  2.5737e-01,
         2.1879e-01,  1.8851e-01,  4.1989e-02,  1.4360e-02,  1.9289e-02,
         1.8324e-01,  2.1483e-02,  9.4053e-02,  4.1356e-01,  1.5148e-01,
         1.7697e-01,  9.5439e-02, -9.7054e-07,  7.0388e-02,  4.9795e-02,
         3.4607e-01,  2.7588e-01,  3.1565e-01,  1.9725e-01,  7.2825e-02,
         1.2252e-01,  1.6706e-01,  9.4673e-02,  2.5534e-02,  1.1388e-01,
         5.0109e-01,  2.3136e-01,  1.5422e-01,  1.8136e-02,  4.8770e-01,
         3.5589e-01,  2.2148e-01,  8.6885e-02,  1.1785e-01,  5.2202e-02,
         1.7466e-01,  4.8505e-02,  2.7771e-02,  1.2707e-01,  2.1067e-02,
         6.9422e-02,  2.2160e-01,  3.3820e-01,  1.7914e-01,  9.6521e-02,
         5.7262e-01,  4.5218e-02,  1.5747e-01,  1.6824e-01,  1.0032e-01,
         1.8646e-01,  3.3301e-01,  5.2382e-01,  1.3703e-01,  4.8945e-01,
         5.1441e-01,  1.6117e-01,  5.7630e-02,  2.2042e-01,  6.1668e-02,
         2.1405e-03,  1.2530e-01,  1.5551e-01,  1.9708e-01,  1.1371e-01,
         7.5027e-02,  4.5408e-02,  1.0317e-01,  1.6720e-01,  6.1626e-02,
         2.1840e-02,  1.4422e-01,  1.9599e-01,  1.8952e-01,  3.6903e-01,
         1.1085e-01,  1.4698e-02,  1.5499e-01,  1.4277e-01,  3.5307e-01,
         3.8014e-02,  3.0812e-01,  2.0163e-01,  1.9707e-02,  4.4209e-02,
         1.2198e-01,  1.7383e-01,  1.2127e-01,  9.8328e-02,  1.4058e-01,
         1.6878e-01,  1.8834e-01,  1.2494e-01,  1.8068e-01,  1.6395e-01,
         9.2185e-02,  1.2325e-01,  9.0883e-02,  7.1536e-02,  3.8718e-02,
        -2.2175e-03,  1.9369e-01,  1.1312e-01,  3.4475e-01,  2.0611e-01,
         2.0221e-01,  2.0040e-01,  9.6354e-02])"
10,10,0.310928649208494,"tensor([0.2976, 0.4023, 0.2549, 0.2271, 0.0972, 0.5457, 0.5091, 0.3770, 0.0077,
        0.1609, 0.1613, 0.0734, 0.1882, 0.1802, 0.0634, 0.2800, 0.3795, 0.0147,
        0.0433, 0.4119, 0.3779, 0.1568, 0.2208, 0.1951, 0.1941, 0.2304, 0.2803,
        0.2863, 0.3230, 0.1409, 0.2099, 0.0121, 0.2362, 0.0564, 0.3081, 0.2360,
        0.1599, 0.4984, 0.0475, 0.1870, 0.1255, 0.4014, 0.1033, 0.2031, 0.1802,
        0.1807, 0.0918, 0.2298, 0.0776, 0.0991, 0.0674, 0.1006, 0.2214, 0.1054,
        0.1613, 0.2752, 0.1097, 0.1331, 0.0356, 0.0749, 0.1778, 0.0899, 0.2337,
        0.0850, 0.3114, 0.2201, 0.0611, 0.2783, 0.4786, 0.1067, 0.1457, 0.1144,
        0.2541, 0.1734, 0.1999, 0.0769, 0.0558, 0.0205, 0.0643, 0.0091, 0.3114,
        0.0048, 0.0189, 0.0997, 0.0534, 0.2258, 0.1652, 0.5113, 0.1462, 0.0668,
        0.2421, 0.0098, 0.1841, 0.0479, 0.0696, 0.1155, 0.0163, 0.0435, 0.2685,
        0.2662, 0.2825, 0.2734, 0.1075, 0.1257, 0.2772, 0.2678, 0.0553, 0.2045,
        0.0972, 0.2186, 0.2675, 0.2667, 0.4600, 0.5154, 0.1069, 0.3513, 0.3232,
        0.1362, 0.0756, 0.4879, 0.1728, 0.4390, 0.2827, 0.2366, 0.2615, 0.2638,
        0.2606, 0.4936, 0.1478, 0.0564, 0.1398, 0.4104, 0.4675, 0.1215, 0.0635,
        0.1715, 0.1018, 0.0850, 0.0216, 0.1661, 0.0662, 0.1493, 0.0802, 0.1361,
        0.1513, 0.0255, 0.3750, 0.1630, 0.0880, 0.1973, 0.1204, 0.2986, 0.0546,
        0.1785, 0.2170, 0.1784, 0.0949, 0.3550, 0.2466, 0.2296, 0.1487, 0.0516,
        0.0714, 0.0614, 0.5279, 0.3789, 0.3448, 0.3781, 0.4369, 0.4135, 0.5382,
        0.3952, 0.0331, 0.0911, 0.1732, 0.1818, 0.0924, 0.0814, 0.0669, 0.3952,
        0.0897, 0.3337, 0.1335, 0.4798, 0.0510, 0.1633, 0.3450, 0.0937, 0.1540,
        0.2395, 0.1122, 0.3268, 0.1526, 0.3968, 0.4727, 0.1877, 0.1844, 0.0032,
        0.2475, 0.2523, 0.0096, 0.0057, 0.4873, 0.4571, 0.2673, 0.2485, 0.1953,
        0.0419, 0.0235, 0.0506, 0.1967, 0.0315, 0.1078, 0.3980, 0.1687, 0.1927,
        0.1087, 0.0090, 0.0727, 0.0603, 0.3673, 0.3082, 0.3287, 0.2263, 0.0833,
        0.1207, 0.1713, 0.0995, 0.0406, 0.1198, 0.5195, 0.2171, 0.1614, 0.0362,
        0.4884, 0.3773, 0.2307, 0.0881, 0.1272, 0.0754, 0.1902, 0.0675, 0.0122,
        0.1386, 0.0332, 0.0871, 0.2375, 0.3597, 0.1775, 0.1286, 0.5719, 0.0611,
        0.1710, 0.1775, 0.1016, 0.2070, 0.3429, 0.5282, 0.1464, 0.5187, 0.5342,
        0.1669, 0.0669, 0.2442, 0.0815, 0.0097, 0.1327, 0.1699, 0.1906, 0.1071,
        0.1148, 0.0463, 0.1042, 0.1749, 0.0732, 0.0193, 0.1312, 0.2117, 0.1883,
        0.3937, 0.1099, 0.0127, 0.1776, 0.1506, 0.3528, 0.0368, 0.3389, 0.1919,
        0.0302, 0.0600, 0.1243, 0.1595, 0.1342, 0.0971, 0.1549, 0.1843, 0.2001,
        0.1419, 0.2068, 0.1599, 0.0995, 0.1386, 0.1073, 0.0711, 0.0673, 0.0035,
        0.2110, 0.1233, 0.3552, 0.2080, 0.2061, 0.2277, 0.1092])",0.30964172695889886,"tensor([ 0.3036,  0.3897,  0.2410,  0.2039,  0.0786,  0.5680,  0.5337,  0.3885,
        -0.0113,  0.1444,  0.1426,  0.0840,  0.1708,  0.1718,  0.0448,  0.2756,
         0.3615,  0.0250,  0.0343,  0.3954,  0.3624,  0.1591,  0.2294,  0.1775,
         0.1920,  0.2050,  0.2748,  0.3079,  0.3520,  0.1255,  0.1728,  0.0084,
         0.2390,  0.0534,  0.2927,  0.2415,  0.1561,  0.4927,  0.0427,  0.1698,
         0.1286,  0.3880,  0.0878,  0.2044,  0.1619,  0.1623,  0.0704,  0.2188,
         0.0688,  0.1074,  0.0467,  0.0843,  0.2054,  0.1020,  0.1495,  0.2592,
         0.0879,  0.1194,  0.0157,  0.0782,  0.1796,  0.0819,  0.2151,  0.0820,
         0.3090,  0.2101,  0.0635,  0.2696,  0.4536,  0.0965,  0.1453,  0.1103,
         0.2307,  0.1838,  0.1970,  0.0561,  0.0183, -0.0087,  0.0713,  0.0107,
         0.2927, -0.0010,  0.0059,  0.0954,  0.0514,  0.2043,  0.1475,  0.5048,
         0.1494,  0.0567,  0.2203,  0.0084,  0.1499,  0.0372,  0.0593,  0.1008,
         0.0084,  0.0346,  0.2429,  0.2607,  0.2665,  0.2470,  0.1037,  0.1107,
         0.2931,  0.2576,  0.0527,  0.1854,  0.0795,  0.2336,  0.2925,  0.2555,
         0.4493,  0.5021,  0.0828,  0.3465,  0.3312,  0.1209,  0.0664,  0.4862,
         0.1432,  0.4470,  0.2889,  0.2122,  0.2542,  0.2372,  0.2560,  0.5058,
         0.1727,  0.0484,  0.1397,  0.3991,  0.4437,  0.0971,  0.0545,  0.1379,
         0.0881,  0.0708,  0.0415,  0.1559,  0.0484,  0.1580,  0.0726,  0.1381,
         0.1380,  0.0296,  0.3669,  0.1412,  0.0876,  0.1755,  0.1043,  0.2873,
         0.0423,  0.1749,  0.2108,  0.1812,  0.0751,  0.3423,  0.2529,  0.2502,
         0.1323,  0.0565,  0.0518,  0.0590,  0.5061,  0.3846,  0.3290,  0.3508,
         0.4271,  0.3969,  0.5375,  0.3935,  0.0052,  0.0942,  0.1474,  0.2261,
         0.1009,  0.0494,  0.0513,  0.4411,  0.0618,  0.3073,  0.1285,  0.4521,
         0.0176,  0.1559,  0.3202,  0.0721,  0.1476,  0.2620,  0.1153,  0.3211,
         0.1701,  0.3506,  0.4579,  0.1637,  0.1490,  0.0104,  0.2340,  0.2169,
         0.0024,  0.0177,  0.5029,  0.4375,  0.2601,  0.2194,  0.1911,  0.0436,
         0.0124,  0.0253,  0.1991,  0.0248,  0.0942,  0.4322,  0.1450,  0.1793,
         0.0948,  0.0042,  0.0777,  0.0508,  0.3458,  0.2812,  0.3179,  0.1989,
         0.0733,  0.1203,  0.1691,  0.0986,  0.0200,  0.1137,  0.5031,  0.2352,
         0.1502,  0.0179,  0.4879,  0.3606,  0.2207,  0.0923,  0.1174,  0.0470,
         0.1757,  0.0538,  0.0245,  0.1295,  0.0215,  0.0706,  0.2260,  0.3426,
         0.1834,  0.1133,  0.5780,  0.0478,  0.1629,  0.1677,  0.1038,  0.1896,
         0.3327,  0.5275,  0.1366,  0.4911,  0.5158,  0.1719,  0.0575,  0.2237,
         0.0639,  0.0162,  0.1219,  0.1578,  0.1991,  0.1160,  0.0809,  0.0568,
         0.0998,  0.1698,  0.0679,  0.0233,  0.1480,  0.1982,  0.1929,  0.3736,
         0.1091,  0.0124,  0.1585,  0.1442,  0.3572,  0.0353,  0.3093,  0.2045,
         0.0217,  0.0453,  0.1269,  0.1822,  0.1242,  0.0950,  0.1434,  0.1747,
         0.1897,  0.1220,  0.1789,  0.1676,  0.0964,  0.1269,  0.0870,  0.0715,
         0.0341, -0.0015,  0.1949,  0.1130,  0.3506,  0.2082,  0.1971,  0.2016,
         0.0958])"
11,11,0.3103367459294228,"tensor([0.3020, 0.4063, 0.2591, 0.2324, 0.0965, 0.5482, 0.5142, 0.3851, 0.0048,
        0.1640, 0.1622, 0.0779, 0.1942, 0.1890, 0.0630, 0.2817, 0.3835, 0.0147,
        0.0423, 0.4148, 0.3837, 0.1599, 0.2237, 0.2006, 0.1989, 0.2322, 0.2846,
        0.2906, 0.3250, 0.1459, 0.2130, 0.0145, 0.2364, 0.0560, 0.3139, 0.2428,
        0.1632, 0.4991, 0.0478, 0.1898, 0.1370, 0.4054, 0.1075, 0.2054, 0.1881,
        0.1852, 0.0953, 0.2366, 0.0801, 0.1035, 0.0610, 0.0986, 0.2248, 0.1085,
        0.1651, 0.2807, 0.1132, 0.1344, 0.0398, 0.0740, 0.1786, 0.0894, 0.2373,
        0.0904, 0.3164, 0.2206, 0.0633, 0.2826, 0.4814, 0.1119, 0.1533, 0.1360,
        0.2571, 0.1758, 0.2072, 0.0736, 0.0560, 0.0251, 0.0702, 0.0024, 0.3134,
        0.0027, 0.0174, 0.1089, 0.0558, 0.2287, 0.1630, 0.5144, 0.1499, 0.0598,
        0.2447, 0.0076, 0.1875, 0.0508, 0.0692, 0.1154, 0.0225, 0.0448, 0.2702,
        0.2687, 0.2860, 0.2771, 0.1035, 0.1284, 0.2799, 0.2703, 0.0586, 0.2060,
        0.0988, 0.2247, 0.2705, 0.2687, 0.4618, 0.5176, 0.1084, 0.3536, 0.3296,
        0.1395, 0.0804, 0.4904, 0.1765, 0.4409, 0.2868, 0.2403, 0.2637, 0.2693,
        0.2650, 0.4959, 0.1503, 0.0630, 0.1438, 0.4145, 0.4710, 0.1251, 0.0635,
        0.1730, 0.1028, 0.0904, 0.0263, 0.1678, 0.0707, 0.1540, 0.0857, 0.1381,
        0.1500, 0.0293, 0.3783, 0.1685, 0.0926, 0.1979, 0.1233, 0.3013, 0.0601,
        0.1827, 0.2195, 0.1801, 0.0927, 0.3604, 0.2511, 0.2380, 0.1532, 0.0585,
        0.0685, 0.0649, 0.5320, 0.3832, 0.3486, 0.3830, 0.4406, 0.4181, 0.5406,
        0.3972, 0.0404, 0.0933, 0.1773, 0.1825, 0.0956, 0.0734, 0.0714, 0.4003,
        0.0956, 0.3348, 0.1356, 0.4824, 0.0501, 0.1680, 0.3484, 0.0951, 0.1572,
        0.2419, 0.1121, 0.3306, 0.1571, 0.4061, 0.4743, 0.1919, 0.1875, 0.0065,
        0.2509, 0.2541, 0.0060, 0.0145, 0.4947, 0.4621, 0.2701, 0.2525, 0.1975,
        0.0525, 0.0309, 0.0523, 0.2106, 0.0309, 0.1099, 0.4049, 0.1683, 0.1982,
        0.1117, 0.0110, 0.0786, 0.0634, 0.3712, 0.3147, 0.3326, 0.2298, 0.0844,
        0.1163, 0.1838, 0.0993, 0.0382, 0.1232, 0.5229, 0.2188, 0.1649, 0.0411,
        0.4923, 0.3824, 0.2342, 0.0901, 0.1288, 0.0786, 0.1964, 0.0694, 0.0191,
        0.1430, 0.0315, 0.0906, 0.2408, 0.3648, 0.1815, 0.1305, 0.5776, 0.0628,
        0.1721, 0.1798, 0.1035, 0.2101, 0.3483, 0.5336, 0.1484, 0.5223, 0.5356,
        0.1739, 0.0731, 0.2477, 0.0868, 0.0141, 0.1349, 0.1700, 0.1931, 0.1114,
        0.1186, 0.0432, 0.1091, 0.1749, 0.0760, 0.0234, 0.1317, 0.2144, 0.1937,
        0.3983, 0.1109, 0.0181, 0.1803, 0.1493, 0.3576, 0.0357, 0.3406, 0.1941,
        0.0320, 0.0636, 0.1254, 0.1541, 0.1361, 0.1076, 0.1592, 0.1901, 0.2037,
        0.1495, 0.2097, 0.1645, 0.1052, 0.1438, 0.1093, 0.0722, 0.0707, 0.0094,
        0.2125, 0.1240, 0.3659, 0.2102, 0.2100, 0.2319, 0.1122])",0.3093613934369735,"tensor([ 3.0498e-01,  3.8898e-01,  2.4245e-01,  2.0561e-01,  8.0076e-02,
         5.6901e-01,  5.3936e-01,  3.9433e-01, -3.6735e-03,  1.4793e-01,
         1.4313e-01,  8.5794e-02,  1.7130e-01,  1.7887e-01,  4.0348e-02,
         2.7756e-01,  3.6428e-01,  2.2304e-02,  3.7392e-02,  3.9614e-01,
         3.6444e-01,  1.6354e-01,  2.3403e-01,  1.8228e-01,  1.9439e-01,
         2.0542e-01,  2.7621e-01,  3.0863e-01,  3.5381e-01,  1.2389e-01,
         1.7536e-01,  1.5209e-02,  2.3840e-01,  5.0474e-02,  2.9469e-01,
         2.4605e-01,  1.5847e-01,  4.9409e-01,  4.9953e-02,  1.7161e-01,
         1.3374e-01,  3.8905e-01,  8.7247e-02,  2.0497e-01,  1.6388e-01,
         1.6543e-01,  6.8609e-02,  2.2290e-01,  6.3011e-02,  1.0444e-01,
         4.7127e-02,  8.4281e-02,  2.0690e-01,  1.0501e-01,  1.5054e-01,
         2.6004e-01,  8.9087e-02,  1.1720e-01,  1.5067e-02,  7.7931e-02,
         1.8335e-01,  8.1603e-02,  2.1452e-01,  8.9143e-02,  3.1054e-01,
         2.0562e-01,  6.5111e-02,  2.7016e-01,  4.5990e-01,  9.9397e-02,
         1.4441e-01,  1.0210e-01,  2.3219e-01,  1.8069e-01,  1.9777e-01,
         5.3069e-02,  2.8655e-02, -1.3720e-02,  7.4497e-02, -4.8370e-03,
         2.9500e-01,  7.6137e-03, -3.8694e-04,  1.0064e-01,  5.4275e-02,
         2.0503e-01,  1.4346e-01,  5.0583e-01,  1.5453e-01,  5.7157e-02,
         2.2240e-01,  8.7115e-03,  1.5330e-01,  4.3874e-02,  7.0824e-02,
         1.0228e-01,  3.9082e-03,  3.4822e-02,  2.4238e-01,  2.5958e-01,
         2.6742e-01,  2.4896e-01,  1.0854e-01,  1.1576e-01,  2.9733e-01,
         2.6029e-01,  5.4903e-02,  1.8872e-01,  8.1037e-02,  2.3611e-01,
         2.8710e-01,  2.5892e-01,  4.5045e-01,  5.0306e-01,  7.9036e-02,
         3.5121e-01,  3.3785e-01,  1.1806e-01,  7.7193e-02,  4.8780e-01,
         1.4883e-01,  4.4676e-01,  2.9316e-01,  2.1593e-01,  2.5770e-01,
         2.4018e-01,  2.5783e-01,  5.0657e-01,  1.7558e-01,  5.4745e-02,
         1.3928e-01,  4.0303e-01,  4.4266e-01,  9.7529e-02,  4.7251e-02,
         1.4069e-01,  8.7541e-02,  7.2023e-02,  4.6715e-02,  1.5605e-01,
         4.7675e-02,  1.6332e-01,  8.4972e-02,  1.4157e-01,  1.4427e-01,
         2.9496e-02,  3.6771e-01,  1.4068e-01,  9.4036e-02,  1.7505e-01,
         1.0971e-01,  2.8864e-01,  4.3441e-02,  1.7282e-01,  2.1230e-01,
         1.8308e-01,  7.6535e-02,  3.4314e-01,  2.5359e-01,  2.5760e-01,
         1.2950e-01,  5.4529e-02,  5.4688e-02,  5.5256e-02,  5.0921e-01,
         3.8535e-01,  3.3403e-01,  3.5626e-01,  4.2977e-01,  3.9909e-01,
         5.3911e-01,  3.9475e-01,  7.5387e-03,  9.6675e-02,  1.4545e-01,
         2.4620e-01,  9.9445e-02,  4.5826e-02,  5.3877e-02,  4.4295e-01,
         6.1318e-02,  3.1562e-01,  1.2745e-01,  4.5385e-01,  1.2794e-02,
         1.6493e-01,  3.2053e-01,  7.0310e-02,  1.4916e-01,  2.6117e-01,
         1.1982e-01,  3.2170e-01,  1.7745e-01,  3.5132e-01,  4.5712e-01,
         1.6616e-01,  1.4860e-01,  5.1875e-03,  2.3677e-01,  2.2019e-01,
         1.6612e-03,  2.9531e-03,  5.1017e-01,  4.3893e-01,  2.6243e-01,
         2.1504e-01,  1.9161e-01,  4.0972e-02,  1.1002e-02,  3.3490e-02,
         2.0173e-01,  2.5381e-02,  9.8414e-02,  4.4271e-01,  1.5249e-01,
         1.8196e-01,  9.5903e-02,  4.4302e-03,  6.5398e-02,  3.9230e-02,
         3.4782e-01,  2.8236e-01,  3.1673e-01,  2.0343e-01,  7.5938e-02,
         1.3938e-01,  1.8341e-01,  9.6225e-02,  3.3161e-02,  1.1532e-01,
         5.0352e-01,  2.3285e-01,  1.5617e-01,  2.2236e-02,  4.8983e-01,
         3.6311e-01,  2.2412e-01,  9.6354e-02,  1.2137e-01,  5.0870e-02,
         1.7594e-01,  5.8992e-02,  2.5022e-02,  1.2958e-01,  1.9763e-02,
         7.3092e-02,  2.2792e-01,  3.4805e-01,  1.8393e-01,  1.1959e-01,
         5.7882e-01,  4.5541e-02,  1.6610e-01,  1.6928e-01,  1.0469e-01,
         1.9068e-01,  3.4071e-01,  5.3374e-01,  1.3892e-01,  4.9452e-01,
         5.1654e-01,  1.7657e-01,  5.8442e-02,  2.2407e-01,  6.5810e-02,
         2.4018e-03,  1.2738e-01,  1.5796e-01,  1.9773e-01,  1.2521e-01,
         8.9919e-02,  4.1991e-02,  1.0462e-01,  1.6853e-01,  6.5053e-02,
         1.5449e-02,  1.4881e-01,  2.0008e-01,  1.9607e-01,  3.7615e-01,
         1.1218e-01,  1.3211e-02,  1.6140e-01,  1.4395e-01,  3.6069e-01,
         3.7999e-02,  3.1136e-01,  1.9948e-01,  2.4274e-02,  4.7205e-02,
         1.2132e-01,  1.8039e-01,  1.2105e-01,  9.7697e-02,  1.4577e-01,
         1.7787e-01,  1.9403e-01,  1.2849e-01,  1.8285e-01,  1.7173e-01,
         1.0071e-01,  1.3004e-01,  9.0403e-02,  6.0926e-02,  3.6262e-02,
        -1.1561e-02,  1.9611e-01,  1.0644e-01,  3.5483e-01,  2.0932e-01,
         2.0441e-01,  2.0392e-01,  9.7579e-02])"
12,12,0.3098532387715744,"tensor([0.3060, 0.4097, 0.2615, 0.2390, 0.0981, 0.5491, 0.5162, 0.3931, 0.0044,
        0.1660, 0.1651, 0.0788, 0.1965, 0.1922, 0.0610, 0.2858, 0.3883, 0.0098,
        0.0469, 0.4183, 0.3905, 0.1654, 0.2277, 0.2035, 0.2011, 0.2344, 0.2866,
        0.2989, 0.3268, 0.1503, 0.2185, 0.0219, 0.2412, 0.0630, 0.3181, 0.2503,
        0.1651, 0.5021, 0.0405, 0.1893, 0.1364, 0.4079, 0.1096, 0.2077, 0.1917,
        0.1875, 0.0952, 0.2398, 0.0835, 0.1044, 0.0726, 0.1036, 0.2285, 0.1116,
        0.1710, 0.2842, 0.1167, 0.1364, 0.0374, 0.0751, 0.1826, 0.0925, 0.2417,
        0.0930, 0.3201, 0.2231, 0.0613, 0.2847, 0.4825, 0.1055, 0.1583, 0.1327,
        0.2617, 0.1771, 0.2101, 0.0745, 0.0577, 0.0230, 0.0719, 0.0097, 0.3160,
        0.0086, 0.0206, 0.1095, 0.0602, 0.2322, 0.1719, 0.5163, 0.1506, 0.0621,
        0.2484, 0.0114, 0.1912, 0.0514, 0.0661, 0.1186, 0.0140, 0.0460, 0.2754,
        0.2711, 0.2900, 0.2801, 0.1141, 0.1320, 0.2880, 0.2739, 0.0658, 0.2083,
        0.1019, 0.2283, 0.2709, 0.2710, 0.4643, 0.5202, 0.1130, 0.3607, 0.3349,
        0.1419, 0.0814, 0.4928, 0.1797, 0.4433, 0.2942, 0.2439, 0.2682, 0.2721,
        0.2680, 0.4989, 0.1581, 0.0680, 0.1448, 0.4171, 0.4751, 0.1291, 0.0671,
        0.1745, 0.1090, 0.0900, 0.0292, 0.1706, 0.0711, 0.1586, 0.0850, 0.1441,
        0.1524, 0.0249, 0.3824, 0.1697, 0.1009, 0.2007, 0.1310, 0.3045, 0.0621,
        0.1852, 0.2236, 0.1811, 0.0957, 0.3633, 0.2563, 0.2435, 0.1597, 0.0587,
        0.0725, 0.0658, 0.5348, 0.3850, 0.3479, 0.3866, 0.4446, 0.4205, 0.5432,
        0.3997, 0.0414, 0.0957, 0.1786, 0.1919, 0.0994, 0.0807, 0.0819, 0.4036,
        0.0963, 0.3394, 0.1366, 0.4867, 0.0532, 0.1712, 0.3507, 0.0967, 0.1594,
        0.2392, 0.1165, 0.3339, 0.1622, 0.4098, 0.4766, 0.1934, 0.1911, 0.0060,
        0.2564, 0.2575, 0.0029, 0.0128, 0.5047, 0.4644, 0.2717, 0.2520, 0.1995,
        0.0520, 0.0377, 0.0552, 0.2263, 0.0290, 0.1124, 0.4191, 0.1722, 0.2013,
        0.1134, 0.0123, 0.0782, 0.0652, 0.3731, 0.3179, 0.3348, 0.2354, 0.0878,
        0.1346, 0.1987, 0.1045, 0.0406, 0.1240, 0.5256, 0.2210, 0.1667, 0.0439,
        0.4947, 0.3878, 0.2379, 0.0928, 0.1321, 0.0796, 0.2021, 0.0808, 0.0280,
        0.1416, 0.0331, 0.0921, 0.2438, 0.3682, 0.1894, 0.1402, 0.5811, 0.0671,
        0.1769, 0.1807, 0.1054, 0.2105, 0.3526, 0.5394, 0.1495, 0.5239, 0.5384,
        0.1804, 0.0729, 0.2510, 0.0870, 0.0194, 0.1378, 0.1725, 0.1970, 0.1162,
        0.1320, 0.0445, 0.1147, 0.1779, 0.0817, 0.0221, 0.1396, 0.2180, 0.2010,
        0.4007, 0.1101, 0.0125, 0.1853, 0.1527, 0.3629, 0.0381, 0.3429, 0.1967,
        0.0289, 0.0650, 0.1240, 0.1594, 0.1392, 0.1063, 0.1620, 0.1927, 0.2057,
        0.1498, 0.2124, 0.1661, 0.1077, 0.1454, 0.1089, 0.0731, 0.0622, 0.0014,
        0.2171, 0.1273, 0.3743, 0.2163, 0.2116, 0.2349, 0.1157])",0.30905361381577856,"tensor([ 3.0901e-01,  3.9038e-01,  2.4425e-01,  2.0837e-01,  8.0789e-02,
         5.6828e-01,  5.3768e-01,  4.0035e-01, -1.6671e-02,  1.4785e-01,
         1.4307e-01,  8.4368e-02,  1.7446e-01,  1.8194e-01,  4.9229e-02,
         2.7512e-01,  3.6904e-01,  2.5327e-02,  2.9785e-02,  4.0003e-01,
         3.6583e-01,  1.6863e-01,  2.3225e-01,  1.8663e-01,  1.9576e-01,
         2.0624e-01,  2.7608e-01,  3.1693e-01,  3.5754e-01,  1.2953e-01,
         1.7584e-01, -8.8911e-04,  2.3906e-01,  5.3641e-02,  2.9517e-01,
         2.4789e-01,  1.5944e-01,  4.9478e-01,  4.1356e-02,  1.7200e-01,
         1.4143e-01,  3.9182e-01,  8.7157e-02,  2.0596e-01,  1.6690e-01,
         1.6865e-01,  6.5976e-02,  2.2528e-01,  6.8980e-02,  1.1001e-01,
         5.1670e-02,  8.2763e-02,  2.0393e-01,  9.1948e-02,  1.5022e-01,
         2.6033e-01,  8.6974e-02,  1.2101e-01,  1.9798e-02,  7.7821e-02,
         1.8604e-01,  6.9959e-02,  2.1581e-01,  8.7209e-02,  3.1233e-01,
         2.0694e-01,  6.9812e-02,  2.7526e-01,  4.5977e-01,  9.8480e-02,
         1.5452e-01,  1.1891e-01,  2.3425e-01,  1.8059e-01,  2.0305e-01,
         6.1133e-02,  3.1292e-02, -9.8710e-03,  8.0267e-02, -5.1691e-03,
         2.9634e-01, -5.4364e-04, -3.5637e-03,  1.0520e-01,  5.0310e-02,
         2.0507e-01,  1.5232e-01,  5.0564e-01,  1.5344e-01,  6.3797e-02,
         2.2350e-01,  4.3776e-03,  1.4966e-01,  5.0179e-02,  6.4771e-02,
         1.0152e-01,  1.0191e-02,  3.8745e-02,  2.5057e-01,  2.6161e-01,
         2.6795e-01,  2.4879e-01,  1.0274e-01,  1.1828e-01,  3.0415e-01,
         2.6140e-01,  5.0644e-02,  1.9247e-01,  8.5202e-02,  2.3763e-01,
         2.9628e-01,  2.6075e-01,  4.5357e-01,  5.0504e-01,  8.2451e-02,
         3.5046e-01,  3.3996e-01,  1.2195e-01,  7.7954e-02,  4.8961e-01,
         1.4840e-01,  4.4681e-01,  2.9367e-01,  2.1662e-01,  2.6083e-01,
         2.4278e-01,  2.6005e-01,  5.0908e-01,  1.8497e-01,  4.8802e-02,
         1.3453e-01,  4.0386e-01,  4.4981e-01,  1.0093e-01,  5.5401e-02,
         1.4232e-01,  9.3693e-02,  7.4154e-02,  2.6465e-02,  1.5728e-01,
         5.1540e-02,  1.6581e-01,  8.4813e-02,  1.4542e-01,  1.4412e-01,
         3.0575e-02,  3.7069e-01,  1.4411e-01,  9.9033e-02,  1.7445e-01,
         1.1766e-01,  2.8944e-01,  4.3755e-02,  1.7492e-01,  2.1428e-01,
         1.8235e-01,  8.0613e-02,  3.4328e-01,  2.5576e-01,  2.6232e-01,
         1.3728e-01,  6.0015e-02,  5.1951e-02,  5.6193e-02,  5.1180e-01,
         3.8821e-01,  3.3913e-01,  3.5731e-01,  4.3032e-01,  4.0292e-01,
         5.4062e-01,  3.9538e-01,  7.7267e-03,  9.3207e-02,  1.5046e-01,
         2.3754e-01,  1.0137e-01,  4.9251e-02,  6.2534e-02,  4.4620e-01,
         6.6903e-02,  3.1791e-01,  1.2727e-01,  4.5239e-01,  2.2622e-02,
         1.6573e-01,  3.2211e-01,  7.4396e-02,  1.4905e-01,  2.6705e-01,
         1.1350e-01,  3.2534e-01,  1.7051e-01,  3.5062e-01,  4.5876e-01,
         1.7048e-01,  1.4856e-01,  1.7332e-02,  2.3850e-01,  2.2053e-01,
         6.2985e-03,  6.9502e-03,  5.1509e-01,  4.3974e-01,  2.6057e-01,
         2.1725e-01,  1.9485e-01,  4.5733e-02,  1.0711e-02,  3.3052e-02,
         2.0638e-01,  2.3557e-02,  1.0103e-01,  4.5685e-01,  1.5458e-01,
         1.8653e-01,  9.9722e-02, -1.6999e-03,  5.6839e-02,  5.1932e-02,
         3.4751e-01,  2.8587e-01,  3.2139e-01,  2.0354e-01,  7.6167e-02,
         1.4420e-01,  1.9094e-01,  1.0209e-01,  2.3717e-02,  1.1723e-01,
         5.0364e-01,  2.4036e-01,  1.4959e-01,  2.1679e-02,  4.8837e-01,
         3.6791e-01,  2.2206e-01,  9.5569e-02,  1.2212e-01,  5.5134e-02,
         1.7832e-01,  6.0743e-02,  1.8674e-02,  1.3150e-01,  2.7320e-02,
         6.6987e-02,  2.2690e-01,  3.4841e-01,  1.8838e-01,  1.1636e-01,
         5.8096e-01,  4.6700e-02,  1.6871e-01,  1.6965e-01,  1.0336e-01,
         1.9147e-01,  3.4207e-01,  5.3714e-01,  1.3643e-01,  4.9342e-01,
         5.1772e-01,  1.8061e-01,  6.4401e-02,  2.2861e-01,  6.7772e-02,
         8.9857e-03,  1.3068e-01,  1.6061e-01,  2.0141e-01,  1.2766e-01,
         8.8753e-02,  5.7404e-02,  1.0224e-01,  1.6997e-01,  6.5780e-02,
         3.2772e-02,  1.5523e-01,  2.0289e-01,  2.0047e-01,  3.7768e-01,
         1.1369e-01,  6.8711e-03,  1.6207e-01,  1.4213e-01,  3.6245e-01,
         3.2999e-02,  3.1196e-01,  2.0989e-01,  2.2524e-02,  4.9556e-02,
         1.2783e-01,  1.7593e-01,  1.2532e-01,  9.9295e-02,  1.4809e-01,
         1.8292e-01,  1.9477e-01,  1.3266e-01,  1.8358e-01,  1.7569e-01,
         1.0017e-01,  1.2927e-01,  9.2861e-02,  6.2657e-02,  4.5301e-02,
        -6.7792e-03,  1.9770e-01,  1.1096e-01,  3.6089e-01,  2.1042e-01,
         2.0494e-01,  2.0375e-01,  9.6807e-02])"
13,13,0.30935288601246413,"tensor([0.3080, 0.4138, 0.2649, 0.2413, 0.1002, 0.5518, 0.5096, 0.3977, 0.0056,
        0.1683, 0.1649, 0.0822, 0.2007, 0.1958, 0.0674, 0.2834, 0.3919, 0.0150,
        0.0479, 0.4215, 0.3938, 0.1702, 0.2304, 0.2085, 0.2071, 0.2354, 0.2889,
        0.3061, 0.3335, 0.1551, 0.2201, 0.0196, 0.2446, 0.0617, 0.3229, 0.2563,
        0.1664, 0.5048, 0.0471, 0.1958, 0.1367, 0.4108, 0.1117, 0.2081, 0.1913,
        0.1923, 0.0971, 0.2427, 0.0846, 0.1038, 0.0729, 0.0996, 0.2300, 0.1125,
        0.1745, 0.2872, 0.1210, 0.1379, 0.0457, 0.0761, 0.1847, 0.0913, 0.2457,
        0.0950, 0.3225, 0.2265, 0.0661, 0.2877, 0.4857, 0.1188, 0.1645, 0.1328,
        0.2656, 0.1695, 0.2122, 0.0785, 0.0573, 0.0224, 0.0720, 0.0040, 0.3192,
        0.0114, 0.0238, 0.1117, 0.0630, 0.2347, 0.1732, 0.5200, 0.1535, 0.0651,
        0.2516, 0.0139, 0.1953, 0.0571, 0.0739, 0.1211, 0.0180, 0.0446, 0.2786,
        0.2715, 0.2931, 0.2832, 0.1146, 0.1364, 0.2908, 0.2775, 0.0700, 0.2113,
        0.1021, 0.2315, 0.2807, 0.2714, 0.4662, 0.5222, 0.1155, 0.3621, 0.3394,
        0.1448, 0.0879, 0.4958, 0.1846, 0.4451, 0.2948, 0.2455, 0.2689, 0.2766,
        0.2717, 0.5005, 0.1646, 0.0704, 0.1485, 0.4204, 0.4796, 0.1305, 0.0728,
        0.1775, 0.1126, 0.0932, 0.0247, 0.1690, 0.0714, 0.1604, 0.0863, 0.1475,
        0.1571, 0.0283, 0.3839, 0.1710, 0.1010, 0.2026, 0.1370, 0.3076, 0.0605,
        0.1861, 0.2273, 0.1822, 0.0995, 0.3678, 0.2593, 0.2489, 0.1621, 0.0622,
        0.0715, 0.0621, 0.5402, 0.3885, 0.3568, 0.3874, 0.4468, 0.4250, 0.5448,
        0.4016, 0.0410, 0.0972, 0.1803, 0.1845, 0.0983, 0.0815, 0.0905, 0.4039,
        0.0994, 0.3434, 0.1357, 0.4905, 0.0549, 0.1746, 0.3532, 0.1013, 0.1611,
        0.2395, 0.1149, 0.3366, 0.1622, 0.4094, 0.4798, 0.1956, 0.1946, 0.0093,
        0.2595, 0.2581, 0.0050, 0.0182, 0.5138, 0.4688, 0.2748, 0.2546, 0.2019,
        0.0599, 0.0312, 0.0532, 0.2352, 0.0272, 0.1122, 0.4335, 0.1754, 0.2052,
        0.1148, 0.0109, 0.0808, 0.0621, 0.3771, 0.3224, 0.3382, 0.2383, 0.0935,
        0.1376, 0.2032, 0.1069, 0.0409, 0.1270, 0.5293, 0.2259, 0.1699, 0.0483,
        0.4963, 0.3942, 0.2394, 0.0973, 0.1332, 0.0798, 0.2058, 0.0849, 0.0284,
        0.1456, 0.0334, 0.0980, 0.2465, 0.3713, 0.1916, 0.1368, 0.5835, 0.0756,
        0.1815, 0.1849, 0.1076, 0.2108, 0.3573, 0.5426, 0.1529, 0.5261, 0.5416,
        0.1843, 0.0761, 0.2531, 0.0883, 0.0171, 0.1389, 0.1766, 0.1979, 0.1166,
        0.1385, 0.0414, 0.1150, 0.1775, 0.0812, 0.0252, 0.1415, 0.2220, 0.2046,
        0.4033, 0.1088, 0.0203, 0.1887, 0.1536, 0.3661, 0.0428, 0.3455, 0.2010,
        0.0371, 0.0672, 0.1287, 0.1587, 0.1434, 0.1106, 0.1648, 0.1988, 0.2099,
        0.1541, 0.2143, 0.1695, 0.1110, 0.1500, 0.1123, 0.0777, 0.0700, 0.0040,
        0.2205, 0.1280, 0.3822, 0.2204, 0.2132, 0.2385, 0.1156])",0.3088973385316354,"tensor([ 0.3121,  0.3919,  0.2453,  0.2117,  0.0806,  0.5687,  0.5393,  0.4031,
        -0.0021,  0.1500,  0.1432,  0.0859,  0.1770,  0.1898,  0.0450,  0.2694,
         0.3708,  0.0239,  0.0379,  0.4002,  0.3687,  0.1692,  0.2348,  0.1920,
         0.1984,  0.2008,  0.2766,  0.3184,  0.3585,  0.1305,  0.1784,  0.0088,
         0.2547,  0.0532,  0.3014,  0.2573,  0.1617,  0.4945,  0.0423,  0.1701,
         0.1452,  0.3935,  0.0899,  0.2066,  0.1591,  0.1685,  0.0659,  0.2293,
         0.0685,  0.1097,  0.0542,  0.0827,  0.2051,  0.1015,  0.1544,  0.2597,
         0.0928,  0.1190,  0.0172,  0.0709,  0.1837,  0.0813,  0.2165,  0.0861,
         0.3143,  0.2133,  0.0692,  0.2762,  0.4624,  0.1045,  0.1592,  0.1078,
         0.2399,  0.1781,  0.2043,  0.0626,  0.0342, -0.0019,  0.0785,  0.0054,
         0.2958, -0.0010, -0.0012,  0.1019,  0.0464,  0.2072,  0.1546,  0.5073,
         0.1545,  0.0602,  0.2253, -0.0014,  0.1501,  0.0370,  0.0730,  0.1002,
         0.0153,  0.0341,  0.2488,  0.2628,  0.2730,  0.2487,  0.1102,  0.1127,
         0.3130,  0.2634,  0.0589,  0.1878,  0.0814,  0.2401,  0.2979,  0.2619,
         0.4529,  0.5065,  0.0853,  0.3569,  0.3431,  0.1255,  0.0805,  0.4910,
         0.1510,  0.4492,  0.2966,  0.2161,  0.2604,  0.2429,  0.2639,  0.5100,
         0.1820,  0.0574,  0.1438,  0.4063,  0.4546,  0.1020,  0.0562,  0.1405,
         0.0917,  0.0773,  0.0402,  0.1599,  0.0474,  0.1648,  0.0831,  0.1449,
         0.1458,  0.0267,  0.3732,  0.1479,  0.0944,  0.1759,  0.1202,  0.2919,
         0.0439,  0.1791,  0.2157,  0.1845,  0.0790,  0.3510,  0.2597,  0.2660,
         0.1405,  0.0530,  0.0559,  0.0580,  0.5112,  0.3891,  0.3389,  0.3545,
         0.4298,  0.4016,  0.5398,  0.3964,  0.0040,  0.0982,  0.1499,  0.2560,
         0.0919,  0.0542,  0.0687,  0.4439,  0.0596,  0.3209,  0.1272,  0.4544,
         0.0210,  0.1616,  0.3238,  0.0648,  0.1502,  0.2550,  0.1246,  0.3256,
         0.1734,  0.3514,  0.4584,  0.1714,  0.1518,  0.0149,  0.2384,  0.2201,
         0.0051,  0.0091,  0.5210,  0.4399,  0.2657,  0.2204,  0.1962,  0.0323,
         0.0093,  0.0233,  0.2071,  0.0243,  0.0998,  0.4613,  0.1566,  0.1879,
         0.0965,  0.0016,  0.0785,  0.0456,  0.3445,  0.2868,  0.3233,  0.2068,
         0.0796,  0.1454,  0.1923,  0.0989,  0.0379,  0.1192,  0.5050,  0.2426,
         0.1564,  0.0243,  0.4892,  0.3729,  0.2217,  0.1003,  0.1228,  0.0531,
         0.1826,  0.0642,  0.0256,  0.1316,  0.0225,  0.0715,  0.2288,  0.3526,
         0.1880,  0.1117,  0.5833,  0.0420,  0.1699,  0.1731,  0.1046,  0.1906,
         0.3406,  0.5389,  0.1394,  0.4935,  0.5143,  0.1821,  0.0654,  0.2286,
         0.0657,  0.0145,  0.1246,  0.1630,  0.2034,  0.1323,  0.0974,  0.0597,
         0.0959,  0.1726,  0.0679,  0.0373,  0.1570,  0.2040,  0.1984,  0.3794,
         0.1086,  0.0126,  0.1667,  0.1448,  0.3637,  0.0304,  0.3148,  0.2073,
         0.0214,  0.0498,  0.1298,  0.1809,  0.1257,  0.1049,  0.1482,  0.1889,
         0.1967,  0.1343,  0.1845,  0.1743,  0.1038,  0.1376,  0.0947,  0.0662,
         0.0390, -0.0084,  0.1988,  0.1131,  0.3649,  0.2136,  0.2054,  0.2046,
         0.0979])"
14,14,0.30886977274351446,"tensor([0.3125, 0.4156, 0.2670, 0.2430, 0.1016, 0.5539, 0.5170, 0.3988, 0.0044,
        0.1723, 0.1665, 0.0861, 0.2042, 0.2028, 0.0655, 0.2897, 0.3947, 0.0144,
        0.0543, 0.4236, 0.3964, 0.1656, 0.2316, 0.2072, 0.2100, 0.2336, 0.2915,
        0.3114, 0.3308, 0.1591, 0.2240, 0.0174, 0.2435, 0.0631, 0.3275, 0.2662,
        0.1703, 0.5063, 0.0580, 0.1967, 0.1437, 0.4129, 0.1127, 0.2107, 0.1943,
        0.1967, 0.0986, 0.2484, 0.0854, 0.1058, 0.0666, 0.1064, 0.2340, 0.1184,
        0.1762, 0.2907, 0.1240, 0.1365, 0.0452, 0.0771, 0.1869, 0.0972, 0.2482,
        0.0982, 0.3253, 0.2271, 0.0663, 0.2906, 0.4876, 0.1158, 0.1692, 0.1347,
        0.2665, 0.1806, 0.2151, 0.0812, 0.0659, 0.0252, 0.0765, 0.0061, 0.3223,
        0.0095, 0.0148, 0.1178, 0.0599, 0.2364, 0.1747, 0.5231, 0.1560, 0.0707,
        0.2545, 0.0098, 0.1964, 0.0625, 0.0739, 0.1184, 0.0166, 0.0483, 0.2828,
        0.2742, 0.2942, 0.2861, 0.1077, 0.1352, 0.2936, 0.2765, 0.0690, 0.2122,
        0.1003, 0.2347, 0.2791, 0.2724, 0.4683, 0.5232, 0.1199, 0.3659, 0.3414,
        0.1476, 0.0900, 0.4977, 0.1870, 0.4473, 0.3021, 0.2499, 0.2736, 0.2798,
        0.2743, 0.5018, 0.1693, 0.0727, 0.1489, 0.4221, 0.4836, 0.1332, 0.0722,
        0.1798, 0.1166, 0.0918, 0.0296, 0.1735, 0.0699, 0.1630, 0.0901, 0.1496,
        0.1619, 0.0360, 0.3841, 0.1775, 0.1029, 0.2048, 0.1356, 0.3104, 0.0702,
        0.1899, 0.2285, 0.1837, 0.1023, 0.3690, 0.2589, 0.2545, 0.1676, 0.0652,
        0.0776, 0.0649, 0.5420, 0.3908, 0.3595, 0.3941, 0.4501, 0.4240, 0.5464,
        0.4018, 0.0433, 0.0991, 0.1820, 0.1787, 0.1040, 0.0852, 0.1175, 0.4075,
        0.1004, 0.3457, 0.1393, 0.4938, 0.0552, 0.1781, 0.3562, 0.1026, 0.1623,
        0.2474, 0.1222, 0.3397, 0.1617, 0.4188, 0.4820, 0.1971, 0.1951, 0.0059,
        0.2629, 0.2594, 0.0049, 0.0154, 0.5191, 0.4711, 0.2766, 0.2571, 0.2029,
        0.0573, 0.0314, 0.0590, 0.2395, 0.0302, 0.1154, 0.4408, 0.1751, 0.2060,
        0.1173, 0.0130, 0.0817, 0.0630, 0.3805, 0.3250, 0.3420, 0.2425, 0.0963,
        0.1384, 0.2071, 0.1064, 0.0504, 0.1300, 0.5330, 0.2283, 0.1698, 0.0509,
        0.4997, 0.3975, 0.2429, 0.1006, 0.1355, 0.0814, 0.2033, 0.0871, 0.0264,
        0.1466, 0.0340, 0.1013, 0.2482, 0.3738, 0.1972, 0.1344, 0.5853, 0.0793,
        0.1824, 0.1871, 0.1099, 0.2115, 0.3585, 0.5475, 0.1547, 0.5273, 0.5427,
        0.1888, 0.0801, 0.2540, 0.0882, 0.0132, 0.1421, 0.1752, 0.1990, 0.1196,
        0.1386, 0.0544, 0.1133, 0.1823, 0.0828, 0.0271, 0.1440, 0.2230, 0.2063,
        0.4065, 0.1155, 0.0182, 0.1908, 0.1532, 0.3705, 0.0445, 0.3467, 0.2040,
        0.0344, 0.0672, 0.1302, 0.1621, 0.1437, 0.1134, 0.1648, 0.2069, 0.2109,
        0.1590, 0.2178, 0.1712, 0.1131, 0.1526, 0.1154, 0.0783, 0.0706, 0.0061,
        0.2226, 0.1313, 0.3877, 0.2213, 0.2160, 0.2421, 0.1193])",0.30874128106199666,"tensor([ 0.3161,  0.3916,  0.2479,  0.2140,  0.0834,  0.5708,  0.5412,  0.4055,
        -0.0100,  0.1556,  0.1419,  0.0904,  0.1756,  0.1924,  0.0553,  0.2777,
         0.3709,  0.0171,  0.0346,  0.4025,  0.3712,  0.1766,  0.2331,  0.1891,
         0.2020,  0.2001,  0.2751,  0.3281,  0.3580,  0.1348,  0.1807,  0.0068,
         0.2564,  0.0557,  0.3014,  0.2569,  0.1611,  0.4945,  0.0476,  0.1717,
         0.1456,  0.3935,  0.0880,  0.2109,  0.1668,  0.1684,  0.0687,  0.2358,
         0.0692,  0.1102,  0.0531,  0.0785,  0.2048,  0.1026,  0.1561,  0.2619,
         0.0871,  0.1204,  0.0177,  0.0806,  0.1853,  0.0833,  0.2193,  0.0906,
         0.3150,  0.2089,  0.0742,  0.2811,  0.4629,  0.1086,  0.1578,  0.1174,
         0.2371,  0.1829,  0.2053,  0.0601,  0.0323, -0.0192,  0.0819,  0.0016,
         0.2989,  0.0051,  0.0012,  0.1035,  0.0508,  0.2087,  0.1551,  0.5080,
         0.1530,  0.0571,  0.2271,  0.0031,  0.1507,  0.0448,  0.0798,  0.1032,
         0.0061,  0.0346,  0.2536,  0.2644,  0.2741,  0.2531,  0.1125,  0.1252,
         0.3183,  0.2649,  0.0601,  0.1917,  0.0823,  0.2430,  0.2935,  0.2626,
         0.4549,  0.5060,  0.0850,  0.3587,  0.3469,  0.1272,  0.0793,  0.4917,
         0.1492,  0.4459,  0.3007,  0.2168,  0.2555,  0.2427,  0.2617,  0.5115,
         0.1937,  0.0587,  0.1428,  0.4071,  0.4558,  0.1009,  0.0579,  0.1424,
         0.0928,  0.0797,  0.0404,  0.1572,  0.0543,  0.1659,  0.0861,  0.1457,
         0.1476,  0.0264,  0.3733,  0.1488,  0.0879,  0.1721,  0.1180,  0.2939,
         0.0457,  0.1742,  0.2167,  0.1881,  0.0811,  0.3511,  0.2609,  0.2669,
         0.1413,  0.0563,  0.0484,  0.0585,  0.5143,  0.3890,  0.3322,  0.3602,
         0.4312,  0.4029,  0.5414,  0.3991,  0.0051,  0.1002,  0.1513,  0.2456,
         0.1023,  0.0526,  0.0765,  0.4450,  0.0574,  0.3234,  0.1224,  0.4533,
         0.0163,  0.1692,  0.3210,  0.0773,  0.1497,  0.2607,  0.1218,  0.3277,
         0.1700,  0.3561,  0.4581,  0.1746,  0.1470,  0.0072,  0.2397,  0.2156,
         0.0038,  0.0219,  0.5235,  0.4411,  0.2663,  0.2217,  0.1972,  0.0310,
         0.0059,  0.0277,  0.2177,  0.0311,  0.0952,  0.4736,  0.1610,  0.1926,
         0.0937, -0.0014,  0.0629,  0.0532,  0.3466,  0.2866,  0.3234,  0.2061,
         0.0796,  0.1553,  0.1994,  0.1008,  0.0264,  0.1204,  0.5037,  0.2455,
         0.1535,  0.0252,  0.4897,  0.3729,  0.2211,  0.1008,  0.1233,  0.0544,
         0.1858,  0.0761,  0.0299,  0.1325,  0.0253,  0.0737,  0.2294,  0.3543,
         0.1914,  0.1189,  0.5832,  0.0541,  0.1713,  0.1763,  0.1057,  0.1901,
         0.3461,  0.5417,  0.1408,  0.4952,  0.5178,  0.1906,  0.0625,  0.2244,
         0.0669,  0.0153,  0.1294,  0.1584,  0.2036,  0.1196,  0.1050,  0.0467,
         0.1007,  0.1746,  0.0699,  0.0335,  0.1572,  0.2054,  0.1978,  0.3828,
         0.1156,  0.0127,  0.1636,  0.1442,  0.3664,  0.0283,  0.3135,  0.2126,
         0.0192,  0.0527,  0.1300,  0.1818,  0.1290,  0.1032,  0.1503,  0.1964,
         0.1990,  0.1385,  0.1886,  0.1779,  0.1036,  0.1371,  0.0959,  0.0693,
         0.0485, -0.0014,  0.1987,  0.1118,  0.3724,  0.2136,  0.2048,  0.2054,
         0.0978])"
15,15,0.30834218213801784,"tensor([0.3153, 0.4199, 0.2695, 0.2437, 0.1064, 0.5554, 0.5191, 0.4009, 0.0051,
        0.1735, 0.1711, 0.0810, 0.2063, 0.2082, 0.0691, 0.2916, 0.3979, 0.0143,
        0.0526, 0.4261, 0.4019, 0.1745, 0.2338, 0.2139, 0.2138, 0.2385, 0.2933,
        0.3243, 0.3344, 0.1589, 0.2265, 0.0219, 0.2533, 0.0716, 0.3299, 0.2689,
        0.1727, 0.5084, 0.0606, 0.1995, 0.1489, 0.4150, 0.1135, 0.2129, 0.1971,
        0.1986, 0.1025, 0.2537, 0.0892, 0.1061, 0.0743, 0.1073, 0.2372, 0.1204,
        0.1785, 0.2931, 0.1239, 0.1400, 0.0462, 0.0777, 0.1880, 0.0985, 0.2513,
        0.0987, 0.3290, 0.2329, 0.0701, 0.2935, 0.4896, 0.1214, 0.1747, 0.1378,
        0.2679, 0.1827, 0.2200, 0.0817, 0.0627, 0.0284, 0.0848, 0.0116, 0.3236,
        0.0105, 0.0229, 0.1200, 0.0729, 0.2395, 0.1777, 0.5260, 0.1560, 0.0692,
        0.2572, 0.0070, 0.1955, 0.0589, 0.0729, 0.1196, 0.0193, 0.0475, 0.2847,
        0.2754, 0.2974, 0.2894, 0.1165, 0.1423, 0.3037, 0.2835, 0.0742, 0.2159,
        0.1030, 0.2380, 0.2823, 0.2765, 0.4702, 0.5257, 0.1208, 0.3696, 0.3436,
        0.1513, 0.0894, 0.4996, 0.1913, 0.4497, 0.3034, 0.2519, 0.2751, 0.2832,
        0.2780, 0.5030, 0.1690, 0.0749, 0.1510, 0.4253, 0.4879, 0.1352, 0.0733,
        0.1826, 0.1192, 0.0939, 0.0314, 0.1737, 0.0707, 0.1681, 0.0900, 0.1524,
        0.1653, 0.0346, 0.3878, 0.1800, 0.1039, 0.2053, 0.1422, 0.3118, 0.0688,
        0.1932, 0.2317, 0.1869, 0.1039, 0.3741, 0.2634, 0.2546, 0.1733, 0.0649,
        0.0739, 0.0702, 0.5455, 0.3917, 0.3611, 0.3951, 0.4512, 0.4270, 0.5499,
        0.4051, 0.0419, 0.1016, 0.1828, 0.1999, 0.1077, 0.0830, 0.1236, 0.4106,
        0.1025, 0.3474, 0.1425, 0.4979, 0.0581, 0.1820, 0.3578, 0.1047, 0.1650,
        0.2495, 0.1244, 0.3412, 0.1632, 0.4263, 0.4843, 0.2068, 0.1988, 0.0093,
        0.2675, 0.2582, 0.0057, 0.0185, 0.5228, 0.4743, 0.2765, 0.2606, 0.2050,
        0.0555, 0.0382, 0.0554, 0.2469, 0.0347, 0.1158, 0.4451, 0.1701, 0.2117,
        0.1179, 0.0098, 0.0792, 0.0673, 0.3831, 0.3302, 0.3443, 0.2470, 0.0947,
        0.1558, 0.2055, 0.1132, 0.0473, 0.1317, 0.5364, 0.2318, 0.1723, 0.0553,
        0.5014, 0.4029, 0.2458, 0.1004, 0.1366, 0.0849, 0.2135, 0.0944, 0.0331,
        0.1498, 0.0393, 0.1014, 0.2506, 0.3781, 0.2013, 0.1499, 0.5881, 0.0712,
        0.1842, 0.1897, 0.1111, 0.2131, 0.3636, 0.5497, 0.1563, 0.5311, 0.5451,
        0.1929, 0.0837, 0.2589, 0.0910, 0.0134, 0.1431, 0.1792, 0.2017, 0.1122,
        0.1483, 0.0532, 0.1183, 0.1853, 0.0885, 0.0256, 0.1495, 0.2268, 0.2092,
        0.4089, 0.1108, 0.0219, 0.1943, 0.1542, 0.3744, 0.0456, 0.3499, 0.2065,
        0.0379, 0.0652, 0.1249, 0.1560, 0.1443, 0.1150, 0.1696, 0.2119, 0.2138,
        0.1623, 0.2211, 0.1748, 0.1132, 0.1550, 0.1179, 0.0789, 0.0733, 0.0076,
        0.2231, 0.1339, 0.3948, 0.2244, 0.2176, 0.2448, 0.1216])",0.30870707351484417,"tensor([ 0.3186,  0.3942,  0.2473,  0.2168,  0.0862,  0.5695,  0.5417,  0.4078,
         0.0017,  0.1524,  0.1413,  0.0814,  0.1780,  0.1808,  0.0469,  0.2774,
         0.3728,  0.0225,  0.0230,  0.4042,  0.3739,  0.1780,  0.2347,  0.1972,
         0.2047,  0.1998,  0.2786,  0.3317,  0.3539,  0.1328,  0.1804,  0.0040,
         0.2621,  0.0579,  0.3010,  0.2563,  0.1630,  0.4953,  0.0562,  0.1705,
         0.1501,  0.3945,  0.0898,  0.2079,  0.1679,  0.1701,  0.0588,  0.2394,
         0.0660,  0.1100,  0.0510,  0.0845,  0.2035,  0.1043,  0.1551,  0.2609,
         0.0909,  0.1196,  0.0294,  0.0699,  0.1865,  0.0767,  0.2181,  0.0882,
         0.3190,  0.2115,  0.0726,  0.2817,  0.4633,  0.1113,  0.1634,  0.1193,
         0.2380,  0.1869,  0.2082,  0.0574,  0.0335, -0.0146,  0.0872,  0.0035,
         0.2935,  0.0057, -0.0064,  0.1048,  0.0529,  0.2092,  0.1593,  0.5087,
         0.1511,  0.0685,  0.2253,  0.0009,  0.1495,  0.0388,  0.0774,  0.1045,
         0.0071,  0.0353,  0.2544,  0.2559,  0.2715,  0.2531,  0.1130,  0.1240,
         0.3236,  0.2639,  0.0607,  0.1903,  0.0861,  0.2438,  0.3008,  0.2624,
         0.4529,  0.5081,  0.0860,  0.3621,  0.3479,  0.1267,  0.0682,  0.4949,
         0.1523,  0.4471,  0.3002,  0.2191,  0.2650,  0.2454,  0.2673,  0.5118,
         0.1929,  0.0571,  0.1488,  0.4073,  0.4590,  0.0990,  0.0586,  0.1430,
         0.0944,  0.0767,  0.0364,  0.1542,  0.0489,  0.1682,  0.0850,  0.1497,
         0.1461,  0.0324,  0.3727,  0.1483,  0.0976,  0.1739,  0.1191,  0.2936,
         0.0492,  0.1766,  0.2175,  0.1848,  0.0790,  0.3542,  0.2574,  0.2687,
         0.1419,  0.0594,  0.0593,  0.0600,  0.5119,  0.3923,  0.3376,  0.3617,
         0.4266,  0.3984,  0.5420,  0.3987,  0.0037,  0.1009,  0.1493,  0.2557,
         0.1037,  0.0481,  0.0883,  0.4480,  0.0669,  0.3231,  0.1250,  0.4523,
         0.0173,  0.1705,  0.3230,  0.0757,  0.1507,  0.2660,  0.1258,  0.3268,
         0.1771,  0.3582,  0.4591,  0.1747,  0.1510,  0.0037,  0.2434,  0.2197,
         0.0103,  0.0116,  0.5229,  0.4391,  0.2683,  0.2235,  0.1969,  0.0395,
         0.0099,  0.0226,  0.2190,  0.0272,  0.1014,  0.4789,  0.1508,  0.1909,
         0.0936,  0.0065,  0.0726,  0.0524,  0.3467,  0.2879,  0.3237,  0.2083,
         0.0741,  0.1619,  0.1970,  0.1011,  0.0325,  0.1219,  0.5032,  0.2378,
         0.1570,  0.0280,  0.4900,  0.3737,  0.2223,  0.0975,  0.1197,  0.0573,
         0.1857,  0.0725,  0.0200,  0.1329,  0.0220,  0.0708,  0.2300,  0.3556,
         0.1905,  0.1259,  0.5880,  0.0449,  0.1743,  0.1732,  0.1076,  0.1896,
         0.3478,  0.5430,  0.1406,  0.4959,  0.5191,  0.1917,  0.0652,  0.2275,
         0.0670,  0.0101,  0.1326,  0.1629,  0.2037,  0.1251,  0.1005,  0.0500,
         0.1026,  0.1753,  0.0680,  0.0246,  0.1577,  0.2072,  0.1995,  0.3819,
         0.1042,  0.0156,  0.1635,  0.1404,  0.3676,  0.0302,  0.3142,  0.2128,
         0.0148,  0.0528,  0.1248,  0.1798,  0.1294,  0.0990,  0.1511,  0.1995,
         0.1984,  0.1360,  0.1877,  0.1762,  0.1036,  0.1412,  0.0925,  0.0696,
         0.0432,  0.0023,  0.2017,  0.1108,  0.3719,  0.2130,  0.2066,  0.2040,
         0.0990])"
16,16,0.30793153289301844,"tensor([0.3180, 0.4228, 0.2719, 0.2476, 0.1055, 0.5571, 0.5245, 0.4043, 0.0062,
        0.1769, 0.1720, 0.0836, 0.2099, 0.2067, 0.0707, 0.2966, 0.4005, 0.0138,
        0.0506, 0.4296, 0.4049, 0.1753, 0.2362, 0.2146, 0.2164, 0.2415, 0.2968,
        0.3288, 0.3389, 0.1656, 0.2323, 0.0206, 0.2614, 0.0698, 0.3351, 0.2712,
        0.1722, 0.5099, 0.0590, 0.2016, 0.1511, 0.4167, 0.1152, 0.2123, 0.2006,
        0.2032, 0.0935, 0.2589, 0.0919, 0.1086, 0.0792, 0.1110, 0.2389, 0.1200,
        0.1812, 0.2955, 0.1297, 0.1378, 0.0466, 0.0726, 0.1946, 0.1003, 0.2550,
        0.1034, 0.3310, 0.2293, 0.0639, 0.2971, 0.4894, 0.1318, 0.1799, 0.1448,
        0.2715, 0.1795, 0.2254, 0.0892, 0.0627, 0.0291, 0.0782, 0.0049, 0.3230,
        0.0150, 0.0223, 0.1209, 0.0596, 0.2418, 0.1838, 0.5286, 0.1579, 0.0747,
        0.2584, 0.0163, 0.2011, 0.0643, 0.0714, 0.1249, 0.0208, 0.0500, 0.2884,
        0.2759, 0.2993, 0.2920, 0.1197, 0.1439, 0.3051, 0.2859, 0.0783, 0.2164,
        0.1056, 0.2398, 0.2831, 0.2782, 0.4719, 0.5277, 0.1222, 0.3753, 0.3474,
        0.1539, 0.0900, 0.5017, 0.1925, 0.4511, 0.3092, 0.2557, 0.2789, 0.2861,
        0.2810, 0.5047, 0.1686, 0.0725, 0.1531, 0.4262, 0.4890, 0.1353, 0.0718,
        0.1857, 0.1213, 0.0933, 0.0304, 0.1780, 0.0759, 0.1694, 0.0936, 0.1541,
        0.1620, 0.0317, 0.3909, 0.1817, 0.1003, 0.2073, 0.1454, 0.3133, 0.0743,
        0.1933, 0.2357, 0.1875, 0.1038, 0.3765, 0.2662, 0.2610, 0.1775, 0.0699,
        0.0813, 0.0674, 0.5470, 0.3931, 0.3607, 0.3949, 0.4550, 0.4316, 0.5511,
        0.4070, 0.0480, 0.1029, 0.1853, 0.2063, 0.1110, 0.0959, 0.1291, 0.4130,
        0.1027, 0.3469, 0.1399, 0.5006, 0.0556, 0.1835, 0.3612, 0.1082, 0.1679,
        0.2500, 0.1250, 0.3449, 0.1658, 0.4265, 0.4862, 0.2092, 0.2024, 0.0063,
        0.2699, 0.2608, 0.0040, 0.0230, 0.5256, 0.4780, 0.2797, 0.2617, 0.2056,
        0.0621, 0.0473, 0.0600, 0.2554, 0.0346, 0.1166, 0.4568, 0.1842, 0.2121,
        0.1211, 0.0131, 0.0829, 0.0662, 0.3846, 0.3325, 0.3462, 0.2488, 0.0961,
        0.1592, 0.1965, 0.1128, 0.0535, 0.1344, 0.5379, 0.2343, 0.1749, 0.0593,
        0.5039, 0.4052, 0.2476, 0.1041, 0.1376, 0.0867, 0.2145, 0.0961, 0.0288,
        0.1500, 0.0379, 0.1066, 0.2516, 0.3814, 0.2046, 0.1487, 0.5889, 0.0690,
        0.1856, 0.1932, 0.1111, 0.2152, 0.3635, 0.5524, 0.1555, 0.5332, 0.5477,
        0.1952, 0.0814, 0.2628, 0.0940, 0.0148, 0.1463, 0.1806, 0.2028, 0.1147,
        0.1520, 0.0564, 0.1199, 0.1856, 0.0893, 0.0259, 0.1531, 0.2278, 0.2163,
        0.4109, 0.1139, 0.0151, 0.1961, 0.1543, 0.3772, 0.0453, 0.3522, 0.2091,
        0.0367, 0.0760, 0.1315, 0.1613, 0.1479, 0.1176, 0.1699, 0.2173, 0.2164,
        0.1596, 0.2230, 0.1764, 0.1155, 0.1576, 0.1174, 0.0810, 0.0767, 0.0080,
        0.2280, 0.1349, 0.4014, 0.2257, 0.2187, 0.2481, 0.1227])",0.30856737678433643,"tensor([ 3.1796e-01,  3.9299e-01,  2.4943e-01,  2.1819e-01,  8.5692e-02,
         5.7157e-01,  5.3988e-01,  4.1180e-01,  1.6911e-04,  1.4691e-01,
         1.4491e-01,  8.7563e-02,  1.8410e-01,  2.0210e-01,  4.5805e-02,
         2.7746e-01,  3.7460e-01,  2.4332e-02,  3.8065e-02,  4.0343e-01,
         3.7276e-01,  1.7978e-01,  2.3686e-01,  2.0257e-01,  2.0283e-01,
         2.0227e-01,  2.7946e-01,  3.3918e-01,  3.6153e-01,  1.3026e-01,
         1.8305e-01,  1.0937e-02,  2.6135e-01,  6.0575e-02,  3.0458e-01,
         2.5780e-01,  1.6597e-01,  4.9579e-01,  5.0802e-02,  1.6919e-01,
         1.4557e-01,  3.9488e-01,  9.1615e-02,  2.1210e-01,  1.6915e-01,
         1.7236e-01,  5.6900e-02,  2.3863e-01,  6.6385e-02,  1.0837e-01,
         5.5548e-02,  8.4776e-02,  2.0741e-01,  9.9628e-02,  1.5281e-01,
         2.6013e-01,  9.2842e-02,  1.2052e-01,  1.0111e-02,  8.5038e-02,
         1.9069e-01,  8.4522e-02,  2.1221e-01,  8.4634e-02,  3.2056e-01,
         2.1080e-01,  7.2620e-02,  2.8191e-01,  4.6376e-01,  1.1184e-01,
         1.7155e-01,  1.2524e-01,  2.4508e-01,  1.8888e-01,  2.1212e-01,
         6.5279e-02,  3.4686e-02, -6.6989e-03,  7.7648e-02, -5.8208e-03,
         2.9673e-01,  1.5696e-05, -7.0818e-04,  1.0043e-01,  5.5230e-02,
         2.1136e-01,  1.5985e-01,  5.0864e-01,  1.5844e-01,  5.6698e-02,
         2.2567e-01,  3.4929e-03,  1.4936e-01,  4.1144e-02,  7.1383e-02,
         1.0496e-01,  9.2159e-03,  3.6548e-02,  2.6070e-01,  2.6585e-01,
         2.7518e-01,  2.5197e-01,  1.0707e-01,  1.2776e-01,  3.2316e-01,
         2.6352e-01,  6.9028e-02,  1.9310e-01,  8.8167e-02,  2.4702e-01,
         2.9602e-01,  2.6326e-01,  4.5665e-01,  5.0795e-01,  8.5997e-02,
         3.6625e-01,  3.5341e-01,  1.2362e-01,  7.9918e-02,  4.9665e-01,
         1.5037e-01,  4.5023e-01,  3.0462e-01,  2.1828e-01,  2.6243e-01,
         2.4425e-01,  2.6837e-01,  5.1386e-01,  1.9128e-01,  6.0055e-02,
         1.4636e-01,  4.0938e-01,  4.5965e-01,  1.0298e-01,  5.6257e-02,
         1.4241e-01,  9.4129e-02,  8.4412e-02,  4.1343e-02,  1.6256e-01,
         5.0956e-02,  1.7107e-01,  8.7583e-02,  1.4666e-01,  1.5351e-01,
         3.4376e-02,  3.7359e-01,  1.4469e-01,  8.9414e-02,  1.7479e-01,
         1.1981e-01,  2.9577e-01,  5.5117e-02,  1.8538e-01,  2.1765e-01,
         1.8243e-01,  8.2997e-02,  3.5392e-01,  2.6031e-01,  2.7019e-01,
         1.4341e-01,  6.0457e-02,  6.2864e-02,  5.2300e-02,  5.1025e-01,
         3.9305e-01,  3.4567e-01,  3.6216e-01,  4.3045e-01,  4.0236e-01,
         5.4312e-01,  3.9990e-01,  6.6005e-03,  9.8030e-02,  1.5348e-01,
         2.5201e-01,  1.1007e-01,  5.5553e-02,  8.7412e-02,  4.4890e-01,
         6.5448e-02,  3.1913e-01,  1.2637e-01,  4.5358e-01,  1.7699e-02,
         1.7443e-01,  3.2096e-01,  7.6565e-02,  1.5131e-01,  2.6689e-01,
         1.2762e-01,  3.2966e-01,  1.8009e-01,  3.5935e-01,  4.5870e-01,
         1.7970e-01,  1.5349e-01,  4.9097e-03,  2.4483e-01,  2.1678e-01,
         3.3720e-03,  1.5046e-02,  5.2518e-01,  4.3962e-01,  2.6649e-01,
         2.2084e-01,  1.9765e-01,  3.8518e-02, -2.6787e-03,  2.3331e-02,
         2.2237e-01,  2.5186e-02,  1.0156e-01,  4.8550e-01,  1.6636e-01,
         1.9071e-01,  8.3531e-02,  5.3606e-03,  7.4564e-02,  5.4695e-02,
         3.4728e-01,  2.8712e-01,  3.2457e-01,  2.0968e-01,  8.0094e-02,
         1.6533e-01,  2.0727e-01,  9.9238e-02,  3.0521e-02,  1.2314e-01,
         5.0287e-01,  2.4631e-01,  1.5395e-01,  3.1189e-02,  4.8895e-01,
         3.7692e-01,  2.2230e-01,  9.3511e-02,  1.2566e-01,  6.0262e-02,
         1.8642e-01,  7.7061e-02,  2.2606e-02,  1.3690e-01,  2.1573e-02,
         7.6929e-02,  2.2876e-01,  3.5675e-01,  1.9121e-01,  1.2853e-01,
         5.8938e-01,  4.1251e-02,  1.7456e-01,  1.7473e-01,  1.0723e-01,
         1.8806e-01,  3.4983e-01,  5.4332e-01,  1.3633e-01,  4.9730e-01,
         5.1930e-01,  1.9545e-01,  6.6388e-02,  2.2791e-01,  6.9929e-02,
         9.6880e-03,  1.3523e-01,  1.6351e-01,  2.0483e-01,  1.2947e-01,
         1.0931e-01,  5.5141e-02,  1.0063e-01,  1.7834e-01,  6.6569e-02,
         3.1812e-02,  1.5664e-01,  2.0979e-01,  2.0367e-01,  3.8573e-01,
         1.0931e-01,  9.5559e-03,  1.7044e-01,  1.4383e-01,  3.7035e-01,
         3.4815e-02,  3.1572e-01,  2.1440e-01,  1.7940e-02,  5.6017e-02,
         1.3068e-01,  1.8628e-01,  1.3124e-01,  1.0782e-01,  1.5215e-01,
         2.0436e-01,  2.0028e-01,  1.3184e-01,  1.8360e-01,  1.7578e-01,
         1.0524e-01,  1.3996e-01,  9.4841e-02,  6.5815e-02,  4.7824e-02,
        -6.5854e-04,  2.0159e-01,  1.1397e-01,  3.7485e-01,  2.1300e-01,
         2.0366e-01,  2.0791e-01,  1.0168e-01])"
17,17,0.30753452370041295,"tensor([0.3191, 0.4255, 0.2748, 0.2500, 0.1097, 0.5575, 0.5252, 0.4093, 0.0046,
        0.1787, 0.1723, 0.0808, 0.2141, 0.2175, 0.0669, 0.2993, 0.4030, 0.0154,
        0.0510, 0.4297, 0.4089, 0.1777, 0.2380, 0.2181, 0.2187, 0.2399, 0.2975,
        0.3372, 0.3418, 0.1678, 0.2341, 0.0224, 0.2579, 0.0737, 0.3376, 0.2766,
        0.1737, 0.5131, 0.0585, 0.2066, 0.1511, 0.4186, 0.1163, 0.2154, 0.2041,
        0.2060, 0.0996, 0.2660, 0.0917, 0.1107, 0.0733, 0.1125, 0.2427, 0.1235,
        0.1856, 0.2981, 0.1321, 0.1425, 0.0488, 0.0808, 0.1962, 0.1033, 0.2578,
        0.1040, 0.3337, 0.2339, 0.0732, 0.2986, 0.4914, 0.1307, 0.1842, 0.1446,
        0.2740, 0.1830, 0.2287, 0.0853, 0.0634, 0.0310, 0.0886, 0.0046, 0.3277,
        0.0134, 0.0218, 0.1216, 0.0732, 0.2426, 0.1829, 0.5314, 0.1591, 0.0754,
        0.2627, 0.0156, 0.2040, 0.0634, 0.0770, 0.1248, 0.0188, 0.0530, 0.2922,
        0.2788, 0.3018, 0.2940, 0.1182, 0.1460, 0.3140, 0.2863, 0.0796, 0.2190,
        0.1043, 0.2431, 0.2870, 0.2781, 0.4728, 0.5278, 0.1236, 0.3785, 0.3510,
        0.1565, 0.0950, 0.5032, 0.1956, 0.4526, 0.3133, 0.2584, 0.2820, 0.2891,
        0.2836, 0.5074, 0.1693, 0.0717, 0.1555, 0.4289, 0.4918, 0.1392, 0.0785,
        0.1873, 0.1259, 0.0992, 0.0302, 0.1784, 0.0739, 0.1711, 0.0942, 0.1559,
        0.1658, 0.0393, 0.3914, 0.1810, 0.1056, 0.2091, 0.1499, 0.3158, 0.0782,
        0.1975, 0.2377, 0.1878, 0.1065, 0.3785, 0.2671, 0.2612, 0.1823, 0.0654,
        0.0845, 0.0673, 0.5512, 0.3969, 0.3611, 0.3999, 0.4580, 0.4319, 0.5528,
        0.4085, 0.0425, 0.1040, 0.1875, 0.2089, 0.1159, 0.0936, 0.1391, 0.4147,
        0.1055, 0.3529, 0.1448, 0.5051, 0.0602, 0.1872, 0.3630, 0.1076, 0.1694,
        0.2506, 0.1298, 0.3466, 0.1706, 0.4273, 0.4886, 0.2113, 0.2058, 0.0113,
        0.2729, 0.2619, 0.0111, 0.0229, 0.5316, 0.4805, 0.2807, 0.2622, 0.2080,
        0.0616, 0.0465, 0.0629, 0.2614, 0.0332, 0.1208, 0.4577, 0.1863, 0.2173,
        0.1210, 0.0140, 0.0922, 0.0672, 0.3887, 0.3354, 0.3485, 0.2515, 0.0971,
        0.1643, 0.2169, 0.1152, 0.0611, 0.1354, 0.5420, 0.2353, 0.1774, 0.0627,
        0.5063, 0.4091, 0.2517, 0.1067, 0.1402, 0.0885, 0.2210, 0.1025, 0.0298,
        0.1518, 0.0327, 0.1115, 0.2544, 0.3826, 0.2092, 0.1510, 0.5907, 0.0783,
        0.1898, 0.1936, 0.1088, 0.2168, 0.3677, 0.5558, 0.1571, 0.5346, 0.5503,
        0.1986, 0.0868, 0.2644, 0.0928, 0.0136, 0.1456, 0.1829, 0.2037, 0.1185,
        0.1576, 0.0547, 0.1270, 0.1877, 0.0918, 0.0294, 0.1538, 0.2327, 0.2165,
        0.4137, 0.1160, 0.0239, 0.1985, 0.1565, 0.3799, 0.0454, 0.3537, 0.2098,
        0.0378, 0.0795, 0.1364, 0.1660, 0.1504, 0.1170, 0.1722, 0.2223, 0.2189,
        0.1639, 0.2256, 0.1784, 0.1167, 0.1614, 0.1191, 0.0817, 0.0766, 0.0058,
        0.2301, 0.1365, 0.4058, 0.2277, 0.2210, 0.2520, 0.1239])",0.30842880224004204,"tensor([ 0.3213,  0.3951,  0.2509,  0.2203,  0.0882,  0.5713,  0.5409,  0.4140,
        -0.0048,  0.1542,  0.1390,  0.0764,  0.1836,  0.1988,  0.0539,  0.2808,
         0.3754,  0.0273,  0.0348,  0.4049,  0.3725,  0.1817,  0.2379,  0.2050,
         0.2052,  0.2035,  0.2803,  0.3408,  0.3587,  0.1365,  0.1830,  0.0086,
         0.2747,  0.0609,  0.3047,  0.2637,  0.1671,  0.4943,  0.0542,  0.1727,
         0.1481,  0.3955,  0.0911,  0.2146,  0.1698,  0.1718,  0.0695,  0.2451,
         0.0671,  0.1078,  0.0548,  0.0823,  0.2046,  0.1055,  0.1553,  0.2632,
         0.0893,  0.1179,  0.0236,  0.0707,  0.1891,  0.0828,  0.2144,  0.0927,
         0.3204,  0.2097,  0.0762,  0.2828,  0.4650,  0.1109,  0.1744,  0.1234,
         0.2416,  0.1854,  0.2137,  0.0691,  0.0352, -0.0070,  0.0837,  0.0019,
         0.2986, -0.0078,  0.0022,  0.1080,  0.0571,  0.2096,  0.1539,  0.5082,
         0.1596,  0.0554,  0.2264,  0.0060,  0.1501,  0.0441,  0.0813,  0.1065,
         0.0057,  0.0356,  0.2611,  0.2634,  0.2764,  0.2540,  0.1068,  0.1274,
         0.3370,  0.2665,  0.0703,  0.1899,  0.0853,  0.2459,  0.3063,  0.2645,
         0.4558,  0.5081,  0.0848,  0.3683,  0.3544,  0.1282,  0.0767,  0.4976,
         0.1555,  0.4492,  0.3094,  0.2173,  0.2679,  0.2439,  0.2695,  0.5146,
         0.1876,  0.0546,  0.1515,  0.4101,  0.4608,  0.1014,  0.0518,  0.1441,
         0.0924,  0.0858,  0.0501,  0.1621,  0.0562,  0.1732,  0.0892,  0.1514,
         0.1550,  0.0280,  0.3750,  0.1515,  0.0979,  0.1709,  0.1203,  0.2937,
         0.0552,  0.1821,  0.2193,  0.1834,  0.0829,  0.3535,  0.2620,  0.2689,
         0.1421,  0.0599,  0.0559,  0.0668,  0.5184,  0.3967,  0.3497,  0.3625,
         0.4321,  0.4041,  0.5433,  0.4007,  0.0064,  0.1021,  0.1524,  0.2517,
         0.1118,  0.0521,  0.0954,  0.4470,  0.0625,  0.3259,  0.1308,  0.4521,
         0.0190,  0.1733,  0.3214,  0.0757,  0.1496,  0.2654,  0.1312,  0.3290,
         0.1850,  0.3627,  0.4568,  0.1831,  0.1538,  0.0099,  0.2457,  0.2189,
         0.0071,  0.0077,  0.5285,  0.4438,  0.2665,  0.2239,  0.1984,  0.0401,
         0.0066,  0.0251,  0.2206,  0.0320,  0.0995,  0.4809,  0.1653,  0.1981,
         0.0987,  0.0070,  0.0827,  0.0552,  0.3459,  0.2874,  0.3249,  0.2097,
         0.0822,  0.1690,  0.2092,  0.1046,  0.0389,  0.1222,  0.5032,  0.2491,
         0.1577,  0.0336,  0.4907,  0.3796,  0.2222,  0.1031,  0.1211,  0.0589,
         0.1855,  0.0810,  0.0255,  0.1357,  0.0326,  0.0761,  0.2300,  0.3585,
         0.1927,  0.1311,  0.5898,  0.0496,  0.1741,  0.1771,  0.1066,  0.1912,
         0.3513,  0.5468,  0.1403,  0.4955,  0.5207,  0.1960,  0.0649,  0.2259,
         0.0710,  0.0124,  0.1299,  0.1655,  0.2029,  0.1346,  0.1182,  0.0503,
         0.1098,  0.1786,  0.0710,  0.0260,  0.1625,  0.2089,  0.2074,  0.3864,
         0.1165,  0.0025,  0.1673,  0.1445,  0.3692,  0.0378,  0.3151,  0.2145,
         0.0186,  0.0550,  0.1329,  0.1847,  0.1296,  0.1060,  0.1528,  0.2070,
         0.2016,  0.1330,  0.1867,  0.1795,  0.1078,  0.1411,  0.0968,  0.0681,
         0.0455,  0.0012,  0.2039,  0.1118,  0.3750,  0.2165,  0.2060,  0.2059,
         0.1009])"
18,18,0.30700563775496587,"tensor([0.3222, 0.4294, 0.2779, 0.2520, 0.1104, 0.5598, 0.5289, 0.4124, 0.0050,
        0.1818, 0.1726, 0.0875, 0.2131, 0.2207, 0.0754, 0.2994, 0.4063, 0.0161,
        0.0498, 0.4328, 0.4110, 0.1808, 0.2406, 0.2263, 0.2213, 0.2455, 0.3007,
        0.3432, 0.3418, 0.1708, 0.2356, 0.0223, 0.2666, 0.0776, 0.3413, 0.2812,
        0.1761, 0.5162, 0.0553, 0.2083, 0.1628, 0.4205, 0.1180, 0.2165, 0.2052,
        0.2110, 0.1075, 0.2681, 0.0958, 0.1053, 0.0801, 0.1128, 0.2455, 0.1274,
        0.1886, 0.3002, 0.1330, 0.1441, 0.0530, 0.0787, 0.2008, 0.1035, 0.2616,
        0.1083, 0.3360, 0.2395, 0.0770, 0.3014, 0.4939, 0.1346, 0.1902, 0.1499,
        0.2764, 0.1788, 0.2333, 0.0926, 0.0660, 0.0236, 0.0952, 0.0049, 0.3315,
        0.0134, 0.0269, 0.1257, 0.0829, 0.2450, 0.1852, 0.5348, 0.1605, 0.0709,
        0.2643, 0.0200, 0.2069, 0.0657, 0.0839, 0.1298, 0.0199, 0.0537, 0.2921,
        0.2792, 0.3032, 0.2964, 0.1179, 0.1470, 0.3219, 0.2875, 0.0876, 0.2211,
        0.1019, 0.2451, 0.2823, 0.2805, 0.4754, 0.5311, 0.1292, 0.3834, 0.3506,
        0.1582, 0.0950, 0.5052, 0.1979, 0.4550, 0.3173, 0.2613, 0.2839, 0.2937,
        0.2861, 0.5083, 0.1756, 0.0744, 0.1572, 0.4296, 0.4947, 0.1411, 0.0790,
        0.1914, 0.1311, 0.1019, 0.0358, 0.1825, 0.0764, 0.1738, 0.1000, 0.1584,
        0.1695, 0.0369, 0.3944, 0.1867, 0.1076, 0.2102, 0.1533, 0.3188, 0.0750,
        0.1985, 0.2413, 0.1902, 0.1070, 0.3806, 0.2693, 0.2641, 0.1861, 0.0702,
        0.0865, 0.0698, 0.5532, 0.3974, 0.3693, 0.4008, 0.4579, 0.4355, 0.5551,
        0.4118, 0.0460, 0.1068, 0.1902, 0.2014, 0.1138, 0.0967, 0.1448, 0.4160,
        0.1054, 0.3552, 0.1467, 0.5095, 0.0599, 0.1900, 0.3660, 0.1115, 0.1715,
        0.2546, 0.1322, 0.3481, 0.1750, 0.4343, 0.4906, 0.2136, 0.2076, 0.0092,
        0.2775, 0.2659, 0.0076, 0.0212, 0.5356, 0.4834, 0.2846, 0.2651, 0.2094,
        0.0624, 0.0446, 0.0712, 0.2637, 0.0330, 0.1201, 0.4674, 0.1858, 0.2178,
        0.1221, 0.0131, 0.0917, 0.0738, 0.3912, 0.3390, 0.3514, 0.2552, 0.0975,
        0.1651, 0.2220, 0.1167, 0.0595, 0.1370, 0.5456, 0.2389, 0.1788, 0.0627,
        0.5081, 0.4126, 0.2550, 0.1089, 0.1412, 0.0889, 0.2230, 0.1030, 0.0324,
        0.1543, 0.0392, 0.1147, 0.2568, 0.3848, 0.2115, 0.1573, 0.5934, 0.0811,
        0.1911, 0.1953, 0.1129, 0.2159, 0.3711, 0.5587, 0.1617, 0.5351, 0.5525,
        0.2013, 0.0861, 0.2660, 0.0958, 0.0124, 0.1494, 0.1853, 0.2058, 0.1237,
        0.1682, 0.0571, 0.1271, 0.1889, 0.0950, 0.0354, 0.1567, 0.2338, 0.2184,
        0.4170, 0.1194, 0.0275, 0.2003, 0.1587, 0.3825, 0.0533, 0.3556, 0.2118,
        0.0415, 0.0800, 0.1359, 0.1625, 0.1511, 0.1208, 0.1743, 0.2270, 0.2205,
        0.1673, 0.2265, 0.1809, 0.1189, 0.1652, 0.1247, 0.0848, 0.0819, 0.0108,
        0.2305, 0.1362, 0.4129, 0.2310, 0.2222, 0.2547, 0.1239])",0.3083371012299149,"tensor([ 3.2308e-01,  3.9408e-01,  2.5189e-01,  2.2195e-01,  8.7774e-02,
         5.7241e-01,  5.4642e-01,  4.1749e-01, -4.8244e-03,  1.5484e-01,
         1.4696e-01,  9.2650e-02,  1.8701e-01,  2.0435e-01,  5.2571e-02,
         2.8455e-01,  3.7719e-01,  1.9486e-02,  3.9521e-02,  4.0566e-01,
         3.7100e-01,  1.8178e-01,  2.3761e-01,  2.0255e-01,  2.0895e-01,
         2.0178e-01,  2.8157e-01,  3.4256e-01,  3.6023e-01,  1.3695e-01,
         1.8604e-01,  9.0876e-03,  2.7451e-01,  5.3807e-02,  3.0311e-01,
         2.6291e-01,  1.6511e-01,  4.9497e-01,  4.5373e-02,  1.6953e-01,
         1.5816e-01,  3.9670e-01,  9.1573e-02,  2.1469e-01,  1.7035e-01,
         1.7336e-01,  6.8981e-02,  2.4865e-01,  6.7491e-02,  1.0446e-01,
         5.2463e-02,  8.3467e-02,  2.0659e-01,  1.0231e-01,  1.5776e-01,
         2.6232e-01,  9.3009e-02,  1.2022e-01,  2.9708e-02,  8.2936e-02,
         1.9128e-01,  8.2599e-02,  2.1771e-01,  8.9438e-02,  3.2210e-01,
         2.1425e-01,  7.4825e-02,  2.8880e-01,  4.6766e-01,  1.1317e-01,
         1.7448e-01,  1.2824e-01,  2.4589e-01,  1.9126e-01,  2.1284e-01,
         6.4852e-02,  3.5956e-02, -9.1557e-03,  9.7740e-02,  8.3699e-03,
         2.9938e-01, -1.8301e-03,  8.1947e-03,  1.0663e-01,  6.3519e-02,
         2.1074e-01,  1.6201e-01,  5.0865e-01,  1.6104e-01,  6.3632e-02,
         2.2708e-01,  2.6216e-04,  1.5343e-01,  3.6342e-02,  7.4351e-02,
         1.1011e-01,  5.8263e-03,  3.3983e-02,  2.5960e-01,  2.6682e-01,
         2.7833e-01,  2.5637e-01,  1.0940e-01,  1.2755e-01,  3.4327e-01,
         2.6631e-01,  7.9493e-02,  1.9360e-01,  8.7795e-02,  2.4696e-01,
         3.0484e-01,  2.6472e-01,  4.5864e-01,  5.0933e-01,  8.8003e-02,
         3.7054e-01,  3.5918e-01,  1.2743e-01,  7.6437e-02,  4.9729e-01,
         1.5158e-01,  4.4955e-01,  3.0599e-01,  2.1813e-01,  2.6659e-01,
         2.4576e-01,  2.7019e-01,  5.1378e-01,  1.9834e-01,  6.0336e-02,
         1.4793e-01,  4.1077e-01,  4.5854e-01,  1.0521e-01,  6.1260e-02,
         1.4406e-01,  9.1060e-02,  8.9824e-02,  3.7586e-02,  1.6287e-01,
         4.7311e-02,  1.7514e-01,  8.6785e-02,  1.5023e-01,  1.5239e-01,
         3.1864e-02,  3.7430e-01,  1.4562e-01,  9.3359e-02,  1.7239e-01,
         1.2389e-01,  2.9318e-01,  5.3940e-02,  1.8018e-01,  2.1956e-01,
         1.8787e-01,  8.3241e-02,  3.5275e-01,  2.5999e-01,  2.7012e-01,
         1.4404e-01,  5.9638e-02,  5.9072e-02,  6.2664e-02,  5.1847e-01,
         3.9454e-01,  3.4869e-01,  3.6359e-01,  4.3291e-01,  4.0502e-01,
         5.4338e-01,  4.0328e-01,  7.6191e-03,  1.0219e-01,  1.5648e-01,
         2.2286e-01,  1.1056e-01,  5.2177e-02,  9.5143e-02,  4.5212e-01,
         6.8653e-02,  3.2733e-01,  1.2800e-01,  4.5373e-01,  2.0131e-02,
         1.7734e-01,  3.1989e-01,  7.9896e-02,  1.5113e-01,  2.6963e-01,
         1.3056e-01,  3.3165e-01,  1.8021e-01,  3.6040e-01,  4.5686e-01,
         1.8881e-01,  1.5742e-01, -5.9468e-04,  2.4761e-01,  2.2188e-01,
         1.1939e-02,  1.3275e-02,  5.3084e-01,  4.4275e-01,  2.6994e-01,
         2.2334e-01,  2.0066e-01,  4.4111e-02,  7.0927e-03,  2.9398e-02,
         2.2682e-01,  3.2478e-02,  9.6682e-02,  4.9508e-01,  1.6653e-01,
         1.9632e-01,  9.9775e-02,  6.4568e-05,  8.4381e-02,  5.2999e-02,
         3.4679e-01,  2.8766e-01,  3.2478e-01,  2.1242e-01,  8.0129e-02,
         1.7794e-01,  2.0478e-01,  1.0366e-01,  4.3279e-02,  1.2307e-01,
         5.0284e-01,  2.4921e-01,  1.5950e-01,  3.8821e-02,  4.9054e-01,
         3.8260e-01,  2.2134e-01,  1.0892e-01,  1.2447e-01,  6.1532e-02,
         1.8893e-01,  8.6530e-02,  2.2135e-02,  1.3807e-01,  3.4188e-02,
         8.0771e-02,  2.3169e-01,  3.5980e-01,  1.9429e-01,  1.3064e-01,
         5.9207e-01,  5.0828e-02,  1.7836e-01,  1.7360e-01,  1.0623e-01,
         1.9107e-01,  3.5206e-01,  5.4763e-01,  1.4332e-01,  4.9846e-01,
         5.2056e-01,  1.9722e-01,  6.8502e-02,  2.2596e-01,  6.9900e-02,
         8.0034e-03,  1.3408e-01,  1.6493e-01,  2.0720e-01,  1.3373e-01,
         1.2163e-01,  6.2240e-02,  1.0307e-01,  1.8109e-01,  7.1518e-02,
         3.4693e-02,  1.6161e-01,  2.0934e-01,  2.0848e-01,  3.8761e-01,
         1.2065e-01,  1.1544e-02,  1.6287e-01,  1.4302e-01,  3.7098e-01,
         2.8723e-02,  3.1551e-01,  2.2154e-01,  2.2767e-02,  5.9576e-02,
         1.3684e-01,  1.9029e-01,  1.3404e-01,  9.9088e-02,  1.5398e-01,
         2.1110e-01,  2.0077e-01,  1.4065e-01,  1.8442e-01,  1.7774e-01,
         1.0989e-01,  1.4346e-01,  9.6332e-02,  6.6943e-02,  4.5084e-02,
        -7.0867e-03,  2.0574e-01,  1.0853e-01,  3.7766e-01,  2.1389e-01,
         2.0684e-01,  2.0533e-01,  9.6225e-02])"
19,19,0.30656152825237426,"tensor([0.3240, 0.4317, 0.2794, 0.2535, 0.1131, 0.5611, 0.5304, 0.4135, 0.0034,
        0.1859, 0.1752, 0.0915, 0.2170, 0.2231, 0.0738, 0.2993, 0.4090, 0.0218,
        0.0557, 0.4341, 0.4149, 0.1825, 0.2409, 0.2267, 0.2241, 0.2456, 0.3025,
        0.3490, 0.3465, 0.1752, 0.2378, 0.0281, 0.2682, 0.0800, 0.3443, 0.2841,
        0.1795, 0.5189, 0.0571, 0.2129, 0.1675, 0.4227, 0.1205, 0.2163, 0.2093,
        0.2152, 0.1058, 0.2720, 0.0990, 0.1121, 0.0841, 0.1142, 0.2472, 0.1330,
        0.1926, 0.3042, 0.1389, 0.1392, 0.0482, 0.0861, 0.2015, 0.1039, 0.2642,
        0.1081, 0.3377, 0.2401, 0.0795, 0.3035, 0.4959, 0.1385, 0.1925, 0.1566,
        0.2792, 0.1834, 0.2358, 0.0904, 0.0657, 0.0356, 0.1026, 0.0088, 0.3320,
        0.0132, 0.0320, 0.1274, 0.0809, 0.2473, 0.1849, 0.5385, 0.1599, 0.0726,
        0.2684, 0.0172, 0.2069, 0.0656, 0.0856, 0.1322, 0.0129, 0.0553, 0.2972,
        0.2805, 0.3063, 0.2994, 0.1232, 0.1474, 0.3255, 0.2888, 0.0959, 0.2211,
        0.1089, 0.2462, 0.2929, 0.2825, 0.4767, 0.5316, 0.1299, 0.3872, 0.3541,
        0.1594, 0.0968, 0.5073, 0.2011, 0.4577, 0.3209, 0.2627, 0.2854, 0.2955,
        0.2874, 0.5113, 0.1781, 0.0810, 0.1556, 0.4323, 0.4963, 0.1421, 0.0801,
        0.1923, 0.1344, 0.1058, 0.0368, 0.1842, 0.0784, 0.1756, 0.0991, 0.1621,
        0.1711, 0.0370, 0.3960, 0.1882, 0.1086, 0.2120, 0.1529, 0.3207, 0.0847,
        0.2021, 0.2433, 0.1901, 0.1101, 0.3823, 0.2705, 0.2661, 0.1893, 0.0774,
        0.0863, 0.0730, 0.5560, 0.3993, 0.3702, 0.4033, 0.4617, 0.4357, 0.5571,
        0.4136, 0.0503, 0.1084, 0.1927, 0.1994, 0.1195, 0.1052, 0.1466, 0.4195,
        0.1026, 0.3569, 0.1459, 0.5141, 0.0652, 0.1940, 0.3700, 0.1108, 0.1728,
        0.2550, 0.1358, 0.3514, 0.1716, 0.4373, 0.4928, 0.2173, 0.2114, 0.0124,
        0.2791, 0.2660, 0.0145, 0.0235, 0.5380, 0.4867, 0.2859, 0.2664, 0.2103,
        0.0635, 0.0466, 0.0730, 0.2700, 0.0346, 0.1222, 0.4737, 0.1907, 0.2247,
        0.1293, 0.0161, 0.0920, 0.0687, 0.3950, 0.3418, 0.3533, 0.2600, 0.0981,
        0.1658, 0.2191, 0.1157, 0.0625, 0.1403, 0.5489, 0.2398, 0.1784, 0.0640,
        0.5097, 0.4143, 0.2568, 0.1091, 0.1407, 0.0863, 0.2266, 0.1047, 0.0324,
        0.1564, 0.0330, 0.1158, 0.2590, 0.3878, 0.2135, 0.1509, 0.5958, 0.0912,
        0.1941, 0.1973, 0.1173, 0.2180, 0.3734, 0.5610, 0.1641, 0.5380, 0.5544,
        0.2036, 0.0910, 0.2691, 0.0956, 0.0159, 0.1517, 0.1882, 0.2069, 0.1250,
        0.1682, 0.0560, 0.1287, 0.1877, 0.0944, 0.0356, 0.1591, 0.2354, 0.2207,
        0.4190, 0.1168, 0.0265, 0.2036, 0.1617, 0.3863, 0.0451, 0.3581, 0.2141,
        0.0425, 0.0803, 0.1372, 0.1730, 0.1533, 0.1244, 0.1759, 0.2301, 0.2235,
        0.1719, 0.2294, 0.1820, 0.1207, 0.1679, 0.1254, 0.0833, 0.0829, 0.0095,
        0.2327, 0.1384, 0.4199, 0.2344, 0.2235, 0.2575, 0.1263])",0.3083297378487057,"tensor([ 3.2464e-01,  3.9413e-01,  2.5173e-01,  2.2077e-01,  8.7891e-02,
         5.7247e-01,  5.4491e-01,  4.1607e-01,  5.4515e-03,  1.5790e-01,
         1.4588e-01,  8.4388e-02,  1.8072e-01,  2.0535e-01,  5.0794e-02,
         2.8413e-01,  3.7792e-01,  2.3389e-02,  3.6972e-02,  4.0610e-01,
         3.7415e-01,  1.8108e-01,  2.4038e-01,  2.0976e-01,  2.0628e-01,
         2.0186e-01,  2.8182e-01,  3.4539e-01,  3.5687e-01,  1.3905e-01,
         1.8306e-01,  1.4855e-02,  2.7085e-01,  6.5278e-02,  3.0510e-01,
         2.6795e-01,  1.6690e-01,  4.9296e-01,  5.7422e-02,  1.6954e-01,
         1.5382e-01,  3.9835e-01,  8.9070e-02,  2.1488e-01,  1.7214e-01,
         1.7142e-01,  6.7359e-02,  2.4958e-01,  6.9825e-02,  1.1250e-01,
         5.8417e-02,  8.7326e-02,  2.0039e-01,  1.1095e-01,  1.5645e-01,
         2.6125e-01,  9.0738e-02,  1.2023e-01,  2.7957e-02,  8.6204e-02,
         1.9188e-01,  8.6076e-02,  2.1864e-01,  8.9757e-02,  3.2237e-01,
         2.1239e-01,  6.8196e-02,  2.8611e-01,  4.6744e-01,  1.1884e-01,
         1.7923e-01,  1.2142e-01,  2.4830e-01,  1.6323e-01,  2.1635e-01,
         6.7166e-02,  3.5310e-02, -1.5423e-02,  9.7230e-02, -3.9205e-03,
         2.9941e-01,  3.2605e-03,  6.2512e-03,  1.0571e-01,  6.7550e-02,
         2.1421e-01,  1.6106e-01,  5.0812e-01,  1.5936e-01,  6.4022e-02,
         2.2855e-01, -5.6621e-05,  1.4631e-01,  4.0444e-02,  7.7391e-02,
         1.0887e-01,  1.1349e-02,  2.8169e-02,  2.6368e-01,  2.6758e-01,
         2.7921e-01,  2.5349e-01,  1.1418e-01,  1.3038e-01,  3.4169e-01,
         2.6770e-01,  7.6459e-02,  1.9007e-01,  8.7662e-02,  2.5009e-01,
         3.0479e-01,  2.6461e-01,  4.5656e-01,  5.0998e-01,  8.7887e-02,
         3.7507e-01,  3.5771e-01,  1.2650e-01,  7.4659e-02,  4.9907e-01,
         1.5256e-01,  4.4939e-01,  3.1430e-01,  2.1692e-01,  2.6934e-01,
         2.4444e-01,  2.6954e-01,  5.1595e-01,  2.0124e-01,  6.0508e-02,
         1.4990e-01,  4.1214e-01,  4.5955e-01,  1.0602e-01,  6.2940e-02,
         1.4250e-01,  9.1702e-02,  9.3822e-02,  4.6485e-02,  1.6555e-01,
         5.5716e-02,  1.7595e-01,  8.9360e-02,  1.5498e-01,  1.5685e-01,
         2.6153e-02,  3.7372e-01,  1.5033e-01,  1.0380e-01,  1.7088e-01,
         1.2787e-01,  2.9499e-01,  5.3997e-02,  1.8441e-01,  2.1867e-01,
         1.8304e-01,  7.7913e-02,  3.5275e-01,  2.5923e-01,  2.7275e-01,
         1.4531e-01,  6.2465e-02,  6.0258e-02,  6.4335e-02,  5.1895e-01,
         3.9768e-01,  3.5439e-01,  3.6147e-01,  4.3441e-01,  4.0920e-01,
         5.4383e-01,  4.0307e-01,  5.5033e-03,  1.0365e-01,  1.5549e-01,
         2.4287e-01,  1.1666e-01,  5.4641e-02,  9.7904e-02,  4.4877e-01,
         6.8566e-02,  3.2635e-01,  1.2751e-01,  4.5092e-01,  2.0959e-02,
         1.7975e-01,  3.1882e-01,  7.4357e-02,  1.5261e-01,  2.6539e-01,
         1.3505e-01,  3.3149e-01,  1.9124e-01,  3.6212e-01,  4.5538e-01,
         1.9229e-01,  1.5287e-01,  6.8300e-03,  2.4556e-01,  2.1975e-01,
         7.1357e-04,  2.1303e-02,  5.2944e-01,  4.4269e-01,  2.6964e-01,
         2.2475e-01,  1.9816e-01,  3.9864e-02,  4.4303e-03,  3.5603e-02,
         2.2955e-01,  3.0816e-02,  1.0073e-01,  4.9583e-01,  1.6964e-01,
         2.0190e-01,  9.7554e-02, -1.0175e-03,  8.1606e-02,  5.7579e-02,
         3.4337e-01,  2.8764e-01,  3.2635e-01,  2.0955e-01,  7.7550e-02,
         1.8086e-01,  2.1414e-01,  1.0641e-01,  4.7054e-02,  1.2183e-01,
         5.0063e-01,  2.5077e-01,  1.5601e-01,  4.3841e-02,  4.8977e-01,
         3.8561e-01,  2.1954e-01,  1.0747e-01,  1.1898e-01,  6.1517e-02,
         1.8886e-01,  8.5641e-02,  2.4684e-02,  1.3735e-01,  2.3495e-02,
         8.1573e-02,  2.3166e-01,  3.6124e-01,  1.9371e-01,  1.3844e-01,
         5.9285e-01,  5.3480e-02,  1.7794e-01,  1.7597e-01,  1.0771e-01,
         1.9100e-01,  3.5205e-01,  5.4894e-01,  1.4218e-01,  4.9941e-01,
         5.1960e-01,  1.9994e-01,  6.9504e-02,  2.3198e-01,  7.1991e-02,
         7.4263e-03,  1.3505e-01,  1.6176e-01,  2.0803e-01,  1.1760e-01,
         1.2533e-01,  5.0022e-02,  1.0421e-01,  1.7881e-01,  7.2301e-02,
         3.7029e-02,  1.6488e-01,  2.0973e-01,  2.0742e-01,  3.8886e-01,
         1.1980e-01,  6.1447e-03,  1.6946e-01,  1.4527e-01,  3.7269e-01,
         2.7934e-02,  3.1352e-01,  2.2129e-01,  2.0896e-02,  5.6185e-02,
         1.3378e-01,  1.8088e-01,  1.3444e-01,  1.0250e-01,  1.5500e-01,
         2.1209e-01,  2.0447e-01,  1.4423e-01,  1.8874e-01,  1.8013e-01,
         1.0888e-01,  1.4609e-01,  9.5845e-02,  7.1840e-02,  5.0744e-02,
        -3.0191e-03,  2.0669e-01,  1.1701e-01,  3.8130e-01,  2.1702e-01,
         2.0350e-01,  2.0614e-01,  1.0405e-01])"
20,20,0.3060925673958687,"tensor([0.3261, 0.4350, 0.2824, 0.2556, 0.1153, 0.5632, 0.5331, 0.4185, 0.0023,
        0.1898, 0.1751, 0.0903, 0.2190, 0.2292, 0.0804, 0.3023, 0.4115, 0.0142,
        0.0518, 0.4364, 0.4179, 0.1822, 0.2437, 0.2299, 0.2268, 0.2467, 0.3045,
        0.3575, 0.3416, 0.1797, 0.2438, 0.0245, 0.2732, 0.0780, 0.3475, 0.2857,
        0.1803, 0.5232, 0.0623, 0.2149, 0.1663, 0.4238, 0.1214, 0.2192, 0.2121,
        0.2181, 0.1070, 0.2789, 0.1019, 0.1122, 0.0795, 0.1193, 0.2509, 0.1333,
        0.1950, 0.3077, 0.1412, 0.1425, 0.0503, 0.0830, 0.2040, 0.1081, 0.2678,
        0.1120, 0.3414, 0.2422, 0.0741, 0.3066, 0.4973, 0.1381, 0.1954, 0.1470,
        0.2791, 0.1818, 0.2396, 0.0939, 0.0649, 0.0321, 0.1038, 0.0105, 0.3349,
        0.0199, 0.0276, 0.1291, 0.0925, 0.2498, 0.1902, 0.5425, 0.1631, 0.0767,
        0.2710, 0.0198, 0.2135, 0.0649, 0.0862, 0.1341, 0.0196, 0.0545, 0.3011,
        0.2817, 0.3077, 0.3020, 0.1240, 0.1504, 0.3309, 0.2913, 0.0966, 0.2221,
        0.1057, 0.2487, 0.2908, 0.2830, 0.4783, 0.5346, 0.1336, 0.3912, 0.3569,
        0.1643, 0.1001, 0.5084, 0.2023, 0.4608, 0.3265, 0.2679, 0.2876, 0.2986,
        0.2899, 0.5117, 0.1809, 0.0818, 0.1584, 0.4328, 0.4987, 0.1463, 0.0793,
        0.1932, 0.1368, 0.1050, 0.0367, 0.1870, 0.0777, 0.1775, 0.1003, 0.1634,
        0.1750, 0.0432, 0.3963, 0.1907, 0.1109, 0.2142, 0.1575, 0.3239, 0.0869,
        0.2016, 0.2454, 0.1910, 0.1078, 0.3877, 0.2687, 0.2690, 0.1949, 0.0775,
        0.0879, 0.0763, 0.5585, 0.4014, 0.3674, 0.4029, 0.4639, 0.4384, 0.5586,
        0.4154, 0.0462, 0.1083, 0.1919, 0.2019, 0.1233, 0.0997, 0.1440, 0.4205,
        0.1109, 0.3574, 0.1465, 0.5188, 0.0593, 0.1957, 0.3731, 0.1131, 0.1748,
        0.2576, 0.1387, 0.3532, 0.1776, 0.4397, 0.4957, 0.2231, 0.2137, 0.0158,
        0.2825, 0.2645, 0.0039, 0.0247, 0.5416, 0.4887, 0.2872, 0.2680, 0.2131,
        0.0689, 0.0437, 0.0743, 0.2751, 0.0384, 0.1243, 0.4743, 0.1900, 0.2255,
        0.1302, 0.0181, 0.0927, 0.0676, 0.3978, 0.3473, 0.3566, 0.2624, 0.1040,
        0.1770, 0.2294, 0.1203, 0.0634, 0.1401, 0.5532, 0.2427, 0.1820, 0.0695,
        0.5123, 0.4190, 0.2613, 0.1122, 0.1443, 0.0927, 0.2300, 0.1058, 0.0359,
        0.1565, 0.0405, 0.1158, 0.2601, 0.3887, 0.2162, 0.1595, 0.5959, 0.0871,
        0.1951, 0.1997, 0.1169, 0.2201, 0.3753, 0.5631, 0.1653, 0.5396, 0.5553,
        0.2066, 0.0930, 0.2719, 0.0968, 0.0200, 0.1543, 0.1898, 0.2097, 0.1279,
        0.1776, 0.0607, 0.1282, 0.1903, 0.0944, 0.0374, 0.1618, 0.2380, 0.2218,
        0.4206, 0.1133, 0.0323, 0.2068, 0.1567, 0.3880, 0.0546, 0.3593, 0.2152,
        0.0426, 0.0792, 0.1362, 0.1702, 0.1536, 0.1260, 0.1784, 0.2333, 0.2236,
        0.1723, 0.2334, 0.1825, 0.1225, 0.1673, 0.1273, 0.0870, 0.0856, 0.0108,
        0.2340, 0.1418, 0.4233, 0.2344, 0.2250, 0.2597, 0.1286])",0.30833534583633326,"tensor([ 3.2533e-01,  3.9422e-01,  2.5366e-01,  2.2215e-01,  9.0731e-02,
         5.7087e-01,  5.4243e-01,  4.2124e-01, -1.3263e-03,  1.5556e-01,
         1.4677e-01,  7.7503e-02,  1.7887e-01,  2.0933e-01,  5.8003e-02,
         2.8071e-01,  3.7736e-01,  2.0511e-02,  3.5328e-02,  4.0768e-01,
         3.7378e-01,  1.8184e-01,  2.3481e-01,  2.1122e-01,  2.0616e-01,
         2.0193e-01,  2.8133e-01,  3.5111e-01,  3.6146e-01,  1.3957e-01,
         1.8562e-01,  1.0973e-02,  2.7939e-01,  6.3995e-02,  3.0642e-01,
         2.6520e-01,  1.6854e-01,  4.9394e-01,  5.9556e-02,  1.6365e-01,
         1.4765e-01,  3.9846e-01,  9.0043e-02,  2.1638e-01,  1.6907e-01,
         1.7237e-01,  7.2343e-02,  2.5290e-01,  6.9299e-02,  1.1266e-01,
         5.7170e-02,  8.5522e-02,  2.0006e-01,  1.0627e-01,  1.5604e-01,
         2.5995e-01,  9.2935e-02,  1.1335e-01,  2.9944e-02,  8.5470e-02,
         1.8919e-01,  8.1383e-02,  2.1730e-01,  9.3885e-02,  3.2550e-01,
         2.1399e-01,  7.1770e-02,  2.9024e-01,  4.6728e-01,  1.2010e-01,
         1.8178e-01,  1.1862e-01,  2.4837e-01,  1.8778e-01,  2.1150e-01,
         7.1490e-02,  3.5028e-02, -6.0402e-03,  1.0127e-01, -1.2090e-02,
         2.9938e-01,  3.2431e-03,  7.1261e-04,  1.0419e-01,  6.1151e-02,
         2.1291e-01,  1.6116e-01,  5.0641e-01,  1.5734e-01,  7.4810e-02,
         2.3006e-01, -3.4561e-03,  1.4622e-01,  4.1741e-02,  7.5727e-02,
         1.0511e-01,  9.6238e-03,  3.7818e-02,  2.6227e-01,  2.6427e-01,
         2.7982e-01,  2.5568e-01,  1.1652e-01,  1.2754e-01,  3.4420e-01,
         2.6489e-01,  7.9684e-02,  1.9280e-01,  8.7450e-02,  2.5325e-01,
         3.0713e-01,  2.6289e-01,  4.5787e-01,  5.1118e-01,  8.6693e-02,
         3.7662e-01,  3.5648e-01,  1.2914e-01,  7.8098e-02,  4.9847e-01,
         1.5445e-01,  4.4862e-01,  3.1674e-01,  2.1789e-01,  2.6549e-01,
         2.4520e-01,  2.7175e-01,  5.1618e-01,  1.9805e-01,  5.8032e-02,
         1.4612e-01,  4.1161e-01,  4.5938e-01,  1.0691e-01,  5.5462e-02,
         1.4213e-01,  9.0251e-02,  9.1323e-02,  5.1300e-02,  1.6565e-01,
         5.1639e-02,  1.7603e-01,  8.2459e-02,  1.5505e-01,  1.5755e-01,
         3.0593e-02,  3.7462e-01,  1.5455e-01,  9.5295e-02,  1.7101e-01,
         1.2087e-01,  2.9182e-01,  5.3501e-02,  1.8488e-01,  2.1859e-01,
         1.8767e-01,  8.6499e-02,  3.5717e-01,  2.5977e-01,  2.7186e-01,
         1.4764e-01,  5.6224e-02,  6.3541e-02,  6.1831e-02,  5.1979e-01,
         3.9959e-01,  3.5598e-01,  3.6448e-01,  4.3695e-01,  4.1065e-01,
         5.4470e-01,  4.0391e-01,  2.7815e-03,  1.0283e-01,  1.5468e-01,
         2.5459e-01,  1.2283e-01,  5.4203e-02,  8.5992e-02,  4.5084e-01,
         6.8709e-02,  3.2699e-01,  1.2883e-01,  4.4680e-01,  2.2346e-02,
         1.8205e-01,  3.1893e-01,  8.0089e-02,  1.5186e-01,  2.6608e-01,
         1.3662e-01,  3.3164e-01,  1.9127e-01,  3.6036e-01,  4.5235e-01,
         1.9440e-01,  1.5875e-01,  5.9325e-03,  2.4793e-01,  2.2206e-01,
         6.6542e-03,  1.3509e-02,  5.3052e-01,  4.4293e-01,  2.7141e-01,
         2.2303e-01,  2.0137e-01,  3.8326e-02, -1.1415e-04,  3.0093e-02,
         2.3005e-01,  2.8285e-02,  1.0056e-01,  5.0077e-01,  1.6733e-01,
         2.0074e-01,  9.8272e-02,  8.3927e-03,  6.9865e-02,  5.3993e-02,
         3.4410e-01,  2.8557e-01,  3.2532e-01,  2.0768e-01,  8.4307e-02,
         1.8015e-01,  2.2039e-01,  1.0520e-01,  3.3808e-02,  1.2297e-01,
         4.9981e-01,  2.4903e-01,  1.5677e-01,  4.2383e-02,  4.8989e-01,
         3.8707e-01,  2.2081e-01,  1.1135e-01,  1.2601e-01,  6.1573e-02,
         1.9413e-01,  8.6339e-02,  1.8968e-02,  1.3991e-01,  3.1056e-02,
         8.3104e-02,  2.3123e-01,  3.6083e-01,  1.9317e-01,  1.3120e-01,
         5.8992e-01,  6.1164e-02,  1.7706e-01,  1.7770e-01,  1.0915e-01,
         1.9233e-01,  3.5262e-01,  5.5080e-01,  1.4138e-01,  5.0115e-01,
         5.1914e-01,  2.0172e-01,  7.0233e-02,  2.2885e-01,  6.4717e-02,
         7.9103e-03,  1.3527e-01,  1.6518e-01,  2.0871e-01,  1.3823e-01,
         1.3216e-01,  4.8752e-02,  1.0088e-01,  1.7842e-01,  7.6290e-02,
         4.7138e-02,  1.6825e-01,  2.0898e-01,  2.1772e-01,  3.9040e-01,
         1.2097e-01,  9.7979e-03,  1.6973e-01,  1.4350e-01,  3.7317e-01,
         3.4214e-02,  3.1480e-01,  2.2067e-01,  1.6609e-02,  5.7256e-02,
         1.2997e-01,  1.8672e-01,  1.3561e-01,  9.9348e-02,  1.5493e-01,
         2.1198e-01,  2.0512e-01,  1.4768e-01,  1.8481e-01,  1.7701e-01,
         1.1091e-01,  1.4889e-01,  9.6866e-02,  7.1129e-02,  4.2584e-02,
        -4.3295e-03,  2.0596e-01,  1.1254e-01,  3.8167e-01,  2.1476e-01,
         2.0811e-01,  2.0663e-01,  1.0208e-01])"
21,21,0.30572690295730215,"tensor([0.3278, 0.4381, 0.2838, 0.2580, 0.1158, 0.5645, 0.5329, 0.4200, 0.0059,
        0.1900, 0.1795, 0.0917, 0.2230, 0.2321, 0.0767, 0.3041, 0.4135, 0.0200,
        0.0539, 0.4381, 0.4223, 0.1867, 0.2433, 0.2323, 0.2277, 0.2484, 0.3067,
        0.3611, 0.3470, 0.1787, 0.2432, 0.0272, 0.2757, 0.0782, 0.3496, 0.2885,
        0.1816, 0.5248, 0.0562, 0.2167, 0.1685, 0.4254, 0.1248, 0.2218, 0.2129,
        0.2215, 0.1128, 0.2842, 0.1043, 0.1136, 0.0807, 0.1227, 0.2539, 0.1355,
        0.1974, 0.3099, 0.1430, 0.1502, 0.0532, 0.0889, 0.2068, 0.1105, 0.2714,
        0.1146, 0.3431, 0.2463, 0.0757, 0.3087, 0.4961, 0.1386, 0.1984, 0.1514,
        0.2819, 0.1796, 0.2442, 0.0971, 0.0647, 0.0335, 0.1069, 0.0030, 0.3380,
        0.0211, 0.0288, 0.1326, 0.0870, 0.2524, 0.1869, 0.5444, 0.1644, 0.0777,
        0.2746, 0.0159, 0.2162, 0.0660, 0.0820, 0.1326, 0.0199, 0.0545, 0.3029,
        0.2826, 0.3101, 0.3043, 0.1235, 0.1531, 0.3342, 0.2934, 0.1018, 0.2257,
        0.1091, 0.2515, 0.2928, 0.2848, 0.4795, 0.5367, 0.1320, 0.3931, 0.3581,
        0.1671, 0.0988, 0.5094, 0.2035, 0.4623, 0.3297, 0.2690, 0.2895, 0.3028,
        0.2931, 0.5129, 0.1816, 0.0794, 0.1619, 0.4350, 0.5003, 0.1462, 0.0815,
        0.1974, 0.1411, 0.1065, 0.0435, 0.1865, 0.0784, 0.1793, 0.1011, 0.1666,
        0.1785, 0.0474, 0.4008, 0.1919, 0.1073, 0.2174, 0.1613, 0.3262, 0.0884,
        0.2039, 0.2498, 0.1936, 0.1120, 0.3885, 0.2714, 0.2710, 0.1988, 0.0784,
        0.0910, 0.0696, 0.5598, 0.4031, 0.3707, 0.4082, 0.4649, 0.4397, 0.5600,
        0.4170, 0.0465, 0.1091, 0.1960, 0.2035, 0.1264, 0.0966, 0.1445, 0.4216,
        0.1098, 0.3605, 0.1474, 0.5227, 0.0593, 0.1996, 0.3754, 0.1164, 0.1754,
        0.2580, 0.1422, 0.3563, 0.1795, 0.4420, 0.4983, 0.2236, 0.2188, 0.0125,
        0.2862, 0.2691, 0.0151, 0.0240, 0.5449, 0.4907, 0.2898, 0.2712, 0.2134,
        0.0654, 0.0461, 0.0729, 0.2817, 0.0362, 0.1242, 0.4814, 0.1868, 0.2279,
        0.1320, 0.0226, 0.0910, 0.0748, 0.4013, 0.3503, 0.3585, 0.2654, 0.1023,
        0.1756, 0.2310, 0.1205, 0.0650, 0.1432, 0.5566, 0.2418, 0.1835, 0.0734,
        0.5145, 0.4210, 0.2653, 0.1116, 0.1460, 0.0948, 0.2346, 0.1080, 0.0346,
        0.1592, 0.0442, 0.1227, 0.2630, 0.3903, 0.2185, 0.1679, 0.5987, 0.0861,
        0.1984, 0.2020, 0.1172, 0.2209, 0.3780, 0.5627, 0.1654, 0.5409, 0.5580,
        0.2069, 0.0973, 0.2736, 0.0968, 0.0164, 0.1543, 0.1920, 0.2104, 0.1251,
        0.1756, 0.0577, 0.1301, 0.1924, 0.0973, 0.0373, 0.1644, 0.2403, 0.2261,
        0.4229, 0.1157, 0.0361, 0.2099, 0.1607, 0.3905, 0.0544, 0.3599, 0.2182,
        0.0421, 0.0843, 0.1392, 0.1727, 0.1548, 0.1235, 0.1794, 0.2347, 0.2258,
        0.1747, 0.2360, 0.1848, 0.1258, 0.1699, 0.1281, 0.0852, 0.0865, 0.0134,
        0.2355, 0.1410, 0.4287, 0.2356, 0.2278, 0.2623, 0.1308])",0.30841755241523555,"tensor([ 3.2564e-01,  3.9158e-01,  2.4996e-01,  2.2057e-01,  8.9285e-02,
         5.7131e-01,  5.4151e-01,  4.2226e-01, -3.7313e-03,  1.5376e-01,
         1.5014e-01,  8.5999e-02,  1.8543e-01,  2.1303e-01,  5.7560e-02,
         2.8232e-01,  3.8087e-01,  8.8200e-03,  4.1965e-02,  4.0457e-01,
         3.7572e-01,  1.8349e-01,  2.4174e-01,  2.1605e-01,  2.1115e-01,
         2.0072e-01,  2.8201e-01,  3.5211e-01,  3.5515e-01,  1.3626e-01,
         1.8563e-01,  1.0772e-02,  2.8360e-01,  6.3746e-02,  3.0775e-01,
         2.7027e-01,  1.6837e-01,  4.9335e-01,  6.0020e-02,  1.6368e-01,
         1.6215e-01,  3.9782e-01,  9.0597e-02,  2.1892e-01,  1.7114e-01,
         1.7353e-01,  6.8710e-02,  2.5354e-01,  5.8015e-02,  1.1131e-01,
         5.4110e-02,  8.4713e-02,  2.0216e-01,  1.0637e-01,  1.5464e-01,
         2.6094e-01,  9.1913e-02,  1.2127e-01,  1.8018e-02,  8.2720e-02,
         1.9099e-01,  7.8630e-02,  2.1375e-01,  9.0364e-02,  3.2767e-01,
         2.1391e-01,  7.9149e-02,  2.9231e-01,  4.6633e-01,  1.0911e-01,
         1.8055e-01,  1.1713e-01,  2.4763e-01,  1.9893e-01,  2.1525e-01,
         7.1280e-02,  4.1739e-02, -1.6178e-02,  1.0211e-01, -1.6847e-03,
         3.0073e-01, -7.8357e-03, -2.6430e-03,  1.0117e-01,  6.7666e-02,
         2.1167e-01,  1.5910e-01,  5.0659e-01,  1.5960e-01,  7.2266e-02,
         2.2959e-01, -5.6632e-03,  1.4843e-01,  4.7697e-02,  7.7612e-02,
         1.0549e-01,  8.6445e-03,  3.9123e-02,  2.6660e-01,  2.6309e-01,
         2.7823e-01,  2.5517e-01,  1.1624e-01,  1.3029e-01,  3.5431e-01,
         2.6758e-01,  8.6222e-02,  1.9030e-01,  7.9541e-02,  2.5361e-01,
         3.0815e-01,  2.6483e-01,  4.6050e-01,  5.1252e-01,  8.3109e-02,
         3.7710e-01,  3.6277e-01,  1.3172e-01,  7.5049e-02,  5.0086e-01,
         1.5734e-01,  4.4390e-01,  3.1630e-01,  2.1674e-01,  2.6992e-01,
         2.4495e-01,  2.7453e-01,  5.1685e-01,  1.8527e-01,  6.2388e-02,
         1.5479e-01,  4.1169e-01,  4.5944e-01,  1.0510e-01,  6.7403e-02,
         1.4352e-01,  9.0743e-02,  9.2920e-02,  5.1623e-02,  1.6536e-01,
         5.2927e-02,  1.7749e-01,  8.6971e-02,  1.5656e-01,  1.5930e-01,
         3.2460e-02,  3.7321e-01,  1.5020e-01,  9.7360e-02,  1.7360e-01,
         1.2377e-01,  2.9504e-01,  5.5269e-02,  1.8076e-01,  2.1929e-01,
         1.9370e-01,  8.5225e-02,  3.5524e-01,  2.5629e-01,  2.7039e-01,
         1.4742e-01,  5.5325e-02,  5.6445e-02,  6.0030e-02,  5.0895e-01,
         3.9598e-01,  3.3963e-01,  3.6628e-01,  4.2828e-01,  4.0663e-01,
         5.4396e-01,  4.0477e-01,  8.0943e-03,  1.0176e-01,  1.5688e-01,
         2.6349e-01,  1.2660e-01,  5.2344e-02,  9.9959e-02,  4.5024e-01,
         6.7524e-02,  3.3016e-01,  1.3255e-01,  4.4934e-01,  1.8399e-02,
         1.8425e-01,  3.2114e-01,  7.9170e-02,  1.5231e-01,  2.6621e-01,
         1.3806e-01,  3.3108e-01,  1.8772e-01,  3.5900e-01,  4.5426e-01,
         1.9547e-01,  1.6019e-01,  6.2818e-03,  2.4878e-01,  2.1939e-01,
         1.7200e-03,  3.7879e-04,  5.3233e-01,  4.3815e-01,  2.7142e-01,
         2.2703e-01,  1.9724e-01,  3.4673e-02,  9.3680e-04,  3.0023e-02,
         2.3564e-01,  2.8337e-02,  1.0666e-01,  5.0388e-01,  1.7065e-01,
         2.0502e-01,  9.5619e-02,  7.0993e-03,  8.5433e-02,  5.4271e-02,
         3.4357e-01,  2.8667e-01,  3.2800e-01,  2.0966e-01,  8.6297e-02,
         1.7991e-01,  2.2151e-01,  1.0231e-01,  4.4004e-02,  1.2439e-01,
         4.9983e-01,  2.4464e-01,  1.5411e-01,  3.8384e-02,  4.8916e-01,
         3.8509e-01,  2.1870e-01,  1.1029e-01,  1.2530e-01,  5.1360e-02,
         1.9546e-01,  9.1464e-02,  2.4857e-02,  1.4126e-01,  1.9872e-02,
         8.4762e-02,  2.3114e-01,  3.6222e-01,  1.9212e-01,  1.4086e-01,
         5.9523e-01,  5.6919e-02,  1.7991e-01,  1.7555e-01,  1.0988e-01,
         1.8970e-01,  3.5161e-01,  5.4964e-01,  1.4501e-01,  4.9713e-01,
         5.1647e-01,  2.0200e-01,  6.9249e-02,  2.2287e-01,  6.9158e-02,
        -2.1315e-03,  1.3507e-01,  1.6510e-01,  2.0677e-01,  1.3510e-01,
         1.3385e-01,  6.6586e-02,  1.0947e-01,  1.8055e-01,  7.1637e-02,
         3.8180e-02,  1.6635e-01,  2.0825e-01,  2.1245e-01,  3.8989e-01,
         1.0190e-01,  1.8563e-02,  1.6551e-01,  1.4584e-01,  3.7182e-01,
         3.4789e-02,  3.1467e-01,  2.2180e-01,  1.9779e-02,  5.9471e-02,
         1.3335e-01,  1.8672e-01,  1.3494e-01,  1.0250e-01,  1.5305e-01,
         2.1559e-01,  2.0451e-01,  1.4213e-01,  1.8557e-01,  1.8048e-01,
         1.1218e-01,  1.3948e-01,  9.6980e-02,  6.6147e-02,  4.1745e-02,
         1.2836e-03,  2.0477e-01,  1.1615e-01,  3.8471e-01,  2.1723e-01,
         2.0535e-01,  2.0716e-01,  1.0433e-01])"
22,22,0.3052557460479323,"tensor([0.3306, 0.4398, 0.2855, 0.2580, 0.1175, 0.5662, 0.5299, 0.4225, 0.0064,
        0.1922, 0.1791, 0.0927, 0.2256, 0.2331, 0.0795, 0.3066, 0.4163, 0.0243,
        0.0538, 0.4408, 0.4243, 0.1856, 0.2460, 0.2289, 0.2312, 0.2510, 0.3079,
        0.3628, 0.3478, 0.1829, 0.2466, 0.0232, 0.2779, 0.0869, 0.3508, 0.2897,
        0.1826, 0.5274, 0.0611, 0.2200, 0.1744, 0.4276, 0.1236, 0.2214, 0.2166,
        0.2226, 0.1118, 0.2869, 0.1050, 0.1132, 0.0856, 0.1236, 0.2575, 0.1406,
        0.2028, 0.3116, 0.1460, 0.1479, 0.0499, 0.0876, 0.2087, 0.1094, 0.2739,
        0.1118, 0.3445, 0.2488, 0.0749, 0.3100, 0.4979, 0.1453, 0.1990, 0.1525,
        0.2830, 0.1893, 0.2449, 0.0924, 0.0714, 0.0344, 0.1161, 0.0077, 0.3392,
        0.0228, 0.0325, 0.1334, 0.0889, 0.2539, 0.1908, 0.5482, 0.1619, 0.0764,
        0.2794, 0.0240, 0.2192, 0.0686, 0.0889, 0.1375, 0.0171, 0.0579, 0.3042,
        0.2823, 0.3115, 0.3062, 0.1270, 0.1514, 0.3430, 0.2948, 0.1065, 0.2257,
        0.1108, 0.2540, 0.2972, 0.2855, 0.4810, 0.5361, 0.1354, 0.3960, 0.3599,
        0.1688, 0.0978, 0.5116, 0.2089, 0.4648, 0.3317, 0.2720, 0.2919, 0.3059,
        0.2953, 0.5144, 0.1793, 0.0786, 0.1634, 0.4369, 0.5011, 0.1501, 0.0803,
        0.1989, 0.1431, 0.1140, 0.0410, 0.1907, 0.0824, 0.1798, 0.1033, 0.1656,
        0.1812, 0.0495, 0.4018, 0.1925, 0.1050, 0.2162, 0.1652, 0.3291, 0.0899,
        0.2091, 0.2520, 0.1954, 0.1111, 0.3895, 0.2712, 0.2723, 0.2040, 0.0809,
        0.0932, 0.0688, 0.5611, 0.4048, 0.3757, 0.4081, 0.4645, 0.4395, 0.5612,
        0.4186, 0.0486, 0.1105, 0.1966, 0.2163, 0.1289, 0.1072, 0.1544, 0.4217,
        0.1157, 0.3613, 0.1518, 0.5283, 0.0615, 0.2024, 0.3781, 0.1183, 0.1793,
        0.2604, 0.1425, 0.3578, 0.1805, 0.4444, 0.5009, 0.2280, 0.2188, 0.0140,
        0.2881, 0.2722, 0.0150, 0.0238, 0.5465, 0.4939, 0.2915, 0.2732, 0.2150,
        0.0679, 0.0513, 0.0772, 0.2841, 0.0427, 0.1271, 0.4862, 0.1903, 0.2311,
        0.1333, 0.0200, 0.0923, 0.0784, 0.4062, 0.3540, 0.3614, 0.2694, 0.1032,
        0.1772, 0.2429, 0.1222, 0.0654, 0.1447, 0.5611, 0.2454, 0.1866, 0.0742,
        0.5170, 0.4236, 0.2676, 0.1134, 0.1447, 0.0933, 0.2368, 0.1066, 0.0388,
        0.1588, 0.0396, 0.1239, 0.2648, 0.3936, 0.2230, 0.1708, 0.6006, 0.0852,
        0.1980, 0.2038, 0.1184, 0.2222, 0.3797, 0.5679, 0.1670, 0.5430, 0.5613,
        0.2100, 0.0934, 0.2773, 0.0985, 0.0128, 0.1589, 0.1949, 0.2114, 0.1288,
        0.1838, 0.0675, 0.1362, 0.1927, 0.0985, 0.0376, 0.1676, 0.2411, 0.2307,
        0.4240, 0.1153, 0.0351, 0.2108, 0.1622, 0.3942, 0.0557, 0.3626, 0.2185,
        0.0433, 0.0846, 0.1425, 0.1732, 0.1542, 0.1242, 0.1821, 0.2376, 0.2275,
        0.1702, 0.2383, 0.1851, 0.1245, 0.1714, 0.1308, 0.0878, 0.0851, 0.0120,
        0.2382, 0.1444, 0.4328, 0.2382, 0.2280, 0.2673, 0.1319])",0.3083253966437446,"tensor([ 3.2903e-01,  3.9519e-01,  2.5506e-01,  2.2399e-01,  8.6005e-02,
         5.7123e-01,  5.4426e-01,  4.2590e-01, -5.8263e-03,  1.5605e-01,
         1.4644e-01,  9.3641e-02,  1.8968e-01,  2.1873e-01,  5.6022e-02,
         2.8399e-01,  3.8258e-01,  1.5627e-02,  3.3154e-02,  4.0748e-01,
         3.7438e-01,  1.8448e-01,  2.4233e-01,  2.0580e-01,  2.0973e-01,
         2.0202e-01,  2.8229e-01,  3.5259e-01,  3.6214e-01,  1.3395e-01,
         1.8613e-01,  8.6594e-03,  2.8544e-01,  5.9035e-02,  3.0708e-01,
         2.6871e-01,  1.6692e-01,  4.9275e-01,  5.2794e-02,  1.6500e-01,
         1.5899e-01,  3.9653e-01,  9.0128e-02,  2.1887e-01,  1.7330e-01,
         1.6804e-01,  6.9331e-02,  2.6115e-01,  6.8068e-02,  1.0836e-01,
         5.6483e-02,  8.4971e-02,  2.0067e-01,  1.1120e-01,  1.5401e-01,
         2.6079e-01,  9.0082e-02,  1.1986e-01,  1.5807e-02,  8.2941e-02,
         1.9236e-01,  7.7185e-02,  2.1510e-01,  9.4583e-02,  3.2654e-01,
         2.1050e-01,  7.1420e-02,  2.9178e-01,  4.6729e-01,  1.2118e-01,
         1.8334e-01,  1.3043e-01,  2.5224e-01,  1.9652e-01,  2.0489e-01,
         7.5076e-02,  3.6915e-02, -5.7213e-04,  1.0281e-01, -5.0324e-03,
         2.9952e-01, -5.5017e-03, -2.1290e-03,  1.0243e-01,  7.3332e-02,
         2.1715e-01,  1.6738e-01,  5.0664e-01,  1.5433e-01,  6.7987e-02,
         2.2783e-01, -9.6084e-04,  1.4743e-01,  3.8266e-02,  8.3030e-02,
         1.1259e-01,  1.2215e-02,  3.6821e-02,  2.6506e-01,  2.6648e-01,
         2.8091e-01,  2.5439e-01,  1.1521e-01,  1.2754e-01,  3.5433e-01,
         2.6938e-01,  8.2333e-02,  1.9247e-01,  8.4232e-02,  2.5537e-01,
         3.1064e-01,  2.6636e-01,  4.5907e-01,  5.1154e-01,  8.7611e-02,
         3.7972e-01,  3.6593e-01,  1.3269e-01,  7.2389e-02,  5.0000e-01,
         1.5361e-01,  4.4815e-01,  3.1822e-01,  2.1775e-01,  2.6683e-01,
         2.4554e-01,  2.7508e-01,  5.1776e-01,  1.9947e-01,  6.1578e-02,
         1.5743e-01,  4.1318e-01,  4.5933e-01,  1.0476e-01,  5.6537e-02,
         1.4313e-01,  9.0401e-02,  9.2405e-02,  5.1034e-02,  1.6250e-01,
         5.1705e-02,  1.7583e-01,  8.9573e-02,  1.5258e-01,  1.5912e-01,
         4.0051e-02,  3.7339e-01,  1.5112e-01,  1.0418e-01,  1.7049e-01,
         1.2127e-01,  2.9485e-01,  5.4762e-02,  1.8493e-01,  2.1818e-01,
         1.9240e-01,  8.2490e-02,  3.5319e-01,  2.5838e-01,  2.7543e-01,
         1.4481e-01,  5.8600e-02,  6.2251e-02,  6.7554e-02,  5.1623e-01,
         4.0144e-01,  3.5095e-01,  3.6670e-01,  4.3219e-01,  4.0799e-01,
         5.4568e-01,  4.0601e-01,  7.5557e-03,  1.0121e-01,  1.5427e-01,
         2.6053e-01,  1.2820e-01,  5.2732e-02,  1.0253e-01,  4.5207e-01,
         6.8224e-02,  3.3108e-01,  1.2880e-01,  4.4823e-01,  1.8623e-02,
         1.8024e-01,  3.1966e-01,  7.8214e-02,  1.5341e-01,  2.6961e-01,
         1.3763e-01,  3.3497e-01,  1.8254e-01,  3.6202e-01,  4.5194e-01,
         1.9390e-01,  1.5777e-01,  9.3977e-03,  2.4749e-01,  2.1963e-01,
         6.7630e-03,  7.6234e-03,  5.3158e-01,  4.4271e-01,  2.7137e-01,
         2.1934e-01,  2.0264e-01,  4.1662e-02,  6.2122e-03,  3.4104e-02,
         2.2962e-01,  2.9305e-02,  1.0528e-01,  5.0577e-01,  1.6844e-01,
         2.0466e-01,  9.6503e-02,  9.9153e-05,  7.8466e-02,  5.7102e-02,
         3.4385e-01,  2.8434e-01,  3.2563e-01,  2.0982e-01,  8.2899e-02,
         1.8354e-01,  2.1855e-01,  1.0677e-01,  4.2588e-02,  1.2387e-01,
         4.9879e-01,  2.5233e-01,  1.5635e-01,  4.3771e-02,  4.8825e-01,
         3.8768e-01,  2.2037e-01,  1.1103e-01,  1.2421e-01,  5.6320e-02,
         1.9484e-01,  9.5821e-02,  2.4789e-02,  1.4135e-01,  3.2787e-02,
         8.8907e-02,  2.3021e-01,  3.6207e-01,  1.9192e-01,  1.3766e-01,
         5.9380e-01,  6.0683e-02,  1.7638e-01,  1.7366e-01,  1.1018e-01,
         1.9103e-01,  3.5398e-01,  5.5133e-01,  1.4353e-01,  4.9987e-01,
         5.1985e-01,  2.0346e-01,  7.0139e-02,  2.2897e-01,  6.9986e-02,
         6.2708e-03,  1.3659e-01,  1.6593e-01,  2.1096e-01,  1.3547e-01,
         1.4036e-01,  5.8690e-02,  1.0978e-01,  1.8150e-01,  7.3054e-02,
         4.0806e-02,  1.6731e-01,  2.0945e-01,  2.1691e-01,  3.9180e-01,
         1.1987e-01,  2.3255e-02,  1.6786e-01,  1.4244e-01,  3.7572e-01,
         3.2921e-02,  3.1296e-01,  2.2364e-01,  1.6194e-02,  5.7637e-02,
         1.3531e-01,  1.9068e-01,  1.3359e-01,  1.0850e-01,  1.5414e-01,
         2.1673e-01,  2.0419e-01,  1.4342e-01,  1.8851e-01,  1.8366e-01,
         1.1202e-01,  1.4834e-01,  9.6900e-02,  6.3889e-02,  4.3932e-02,
         4.1572e-03,  2.0881e-01,  1.1705e-01,  3.8225e-01,  2.1550e-01,
         2.0868e-01,  2.0898e-01,  1.0226e-01])"
23,23,0.3048935517807125,"tensor([0.3322, 0.4439, 0.2879, 0.2609, 0.1154, 0.5673, 0.5282, 0.4232, 0.0086,
        0.1928, 0.1800, 0.0999, 0.2272, 0.2363, 0.0793, 0.3102, 0.4184, 0.0265,
        0.0566, 0.4420, 0.4277, 0.1833, 0.2483, 0.2364, 0.2303, 0.2538, 0.3103,
        0.3669, 0.3517, 0.1840, 0.2504, 0.0308, 0.2796, 0.0832, 0.3546, 0.2933,
        0.1857, 0.5303, 0.0597, 0.2222, 0.1811, 0.4305, 0.1276, 0.2219, 0.2194,
        0.2297, 0.1169, 0.2931, 0.1068, 0.1173, 0.0858, 0.1259, 0.2606, 0.1442,
        0.2046, 0.3145, 0.1490, 0.1497, 0.0613, 0.0936, 0.2086, 0.1120, 0.2759,
        0.1172, 0.3467, 0.2521, 0.0778, 0.3120, 0.5002, 0.1450, 0.2034, 0.1552,
        0.2865, 0.1861, 0.2475, 0.0988, 0.0761, 0.0377, 0.1189, 0.0082, 0.3418,
        0.0197, 0.0329, 0.1357, 0.0963, 0.2548, 0.1934, 0.5514, 0.1624, 0.0831,
        0.2803, 0.0185, 0.2203, 0.0712, 0.0873, 0.1402, 0.0230, 0.0598, 0.3037,
        0.2846, 0.3139, 0.3074, 0.1275, 0.1503, 0.3409, 0.2970, 0.1114, 0.2290,
        0.1098, 0.2566, 0.3035, 0.2863, 0.4833, 0.5387, 0.1389, 0.3997, 0.3634,
        0.1695, 0.1021, 0.5125, 0.2096, 0.4670, 0.3375, 0.2748, 0.2936, 0.3069,
        0.2964, 0.5168, 0.1855, 0.0833, 0.1641, 0.4392, 0.5037, 0.1536, 0.0885,
        0.2009, 0.1484, 0.1096, 0.0372, 0.1927, 0.0826, 0.1803, 0.1056, 0.1701,
        0.1844, 0.0457, 0.4030, 0.1949, 0.1090, 0.2191, 0.1636, 0.3317, 0.0960,
        0.2100, 0.2529, 0.1950, 0.1168, 0.3921, 0.2721, 0.2744, 0.2056, 0.0799,
        0.0903, 0.0715, 0.5650, 0.4048, 0.3762, 0.4094, 0.4696, 0.4416, 0.5630,
        0.4191, 0.0482, 0.1128, 0.1981, 0.2204, 0.1348, 0.1139, 0.1564, 0.4250,
        0.1124, 0.3621, 0.1523, 0.5322, 0.0615, 0.2053, 0.3808, 0.1216, 0.1794,
        0.2627, 0.1461, 0.3606, 0.1789, 0.4487, 0.5035, 0.2367, 0.2211, 0.0155,
        0.2919, 0.2737, 0.0126, 0.0304, 0.5493, 0.4968, 0.2922, 0.2730, 0.2169,
        0.0732, 0.0531, 0.0781, 0.2850, 0.0402, 0.1241, 0.4895, 0.1963, 0.2314,
        0.1325, 0.0256, 0.0953, 0.0781, 0.4078, 0.3559, 0.3632, 0.2747, 0.1046,
        0.1843, 0.2467, 0.1224, 0.0671, 0.1473, 0.5651, 0.2455, 0.1865, 0.0780,
        0.5178, 0.4266, 0.2713, 0.1171, 0.1469, 0.0921, 0.2386, 0.1137, 0.0358,
        0.1609, 0.0425, 0.1252, 0.2686, 0.3955, 0.2258, 0.1706, 0.6025, 0.0917,
        0.1992, 0.2062, 0.1223, 0.2247, 0.3822, 0.5691, 0.1683, 0.5436, 0.5623,
        0.2115, 0.0981, 0.2792, 0.0994, 0.0178, 0.1585, 0.1961, 0.2122, 0.1261,
        0.1841, 0.0661, 0.1349, 0.1949, 0.0985, 0.0408, 0.1696, 0.2442, 0.2291,
        0.4274, 0.1224, 0.0322, 0.2140, 0.1635, 0.3968, 0.0563, 0.3643, 0.2210,
        0.0448, 0.0863, 0.1414, 0.1692, 0.1575, 0.1287, 0.1839, 0.2400, 0.2314,
        0.1788, 0.2417, 0.1876, 0.1260, 0.1750, 0.1311, 0.0928, 0.0884, 0.0087,
        0.2409, 0.1444, 0.4407, 0.2387, 0.2298, 0.2705, 0.1354])",0.308402614828981,"tensor([ 0.3277,  0.3942,  0.2557,  0.2257,  0.0935,  0.5721,  0.5477,  0.4224,
        -0.0135,  0.1601,  0.1477,  0.0940,  0.1876,  0.2105,  0.0528,  0.2847,
         0.3808,  0.0133,  0.0235,  0.4086,  0.3727,  0.1852,  0.2396,  0.2167,
         0.2074,  0.1967,  0.2807,  0.3576,  0.3609,  0.1381,  0.1886,  0.0072,
         0.2883,  0.0624,  0.3094,  0.2723,  0.1688,  0.4932,  0.0533,  0.1658,
         0.1678,  0.3986,  0.0892,  0.2133,  0.1709,  0.1740,  0.0706,  0.2597,
         0.0718,  0.1068,  0.0593,  0.0862,  0.2001,  0.1126,  0.1566,  0.2604,
         0.0921,  0.1203,  0.0153,  0.0852,  0.1908,  0.0798,  0.2159,  0.0939,
         0.3261,  0.2149,  0.0717,  0.2902,  0.4679,  0.1243,  0.1854,  0.1313,
         0.2529,  0.1981,  0.2141,  0.0677,  0.0427, -0.0041,  0.1062,  0.0021,
         0.2965,  0.0101,  0.0031,  0.1048,  0.0789,  0.2132,  0.1572,  0.5070,
         0.1569,  0.0746,  0.2283, -0.0054,  0.1462,  0.0423,  0.0780,  0.1140,
         0.0080,  0.0340,  0.2675,  0.2655,  0.2818,  0.2544,  0.1175,  0.1301,
         0.3606,  0.2708,  0.0854,  0.1878,  0.0867,  0.2576,  0.3094,  0.2662,
         0.4590,  0.5096,  0.0888,  0.3781,  0.3651,  0.1282,  0.0765,  0.5005,
         0.1511,  0.4483,  0.3183,  0.2146,  0.2646,  0.2438,  0.2768,  0.5166,
         0.2026,  0.0630,  0.1533,  0.4129,  0.4597,  0.1058,  0.0668,  0.1423,
         0.0924,  0.0866,  0.0488,  0.1618,  0.0511,  0.1770,  0.0934,  0.1547,
         0.1564,  0.0367,  0.3747,  0.1527,  0.0983,  0.1736,  0.1196,  0.2941,
         0.0581,  0.1831,  0.2204,  0.1925,  0.0851,  0.3578,  0.2580,  0.2777,
         0.1497,  0.0528,  0.0637,  0.0687,  0.5191,  0.3978,  0.3522,  0.3668,
         0.4340,  0.4131,  0.5442,  0.4056,  0.0084,  0.1026,  0.1596,  0.2612,
         0.1281,  0.0591,  0.1063,  0.4532,  0.0658,  0.3280,  0.1332,  0.4471,
         0.0205,  0.1807,  0.3196,  0.0794,  0.1528,  0.2662,  0.1309,  0.3308,
         0.1839,  0.3576,  0.4519,  0.1913,  0.1584,  0.0117,  0.2475,  0.2201,
         0.0086,  0.0079,  0.5287,  0.4416,  0.2736,  0.2234,  0.2004,  0.0403,
         0.0038,  0.0341,  0.2259,  0.0192,  0.1047,  0.5078,  0.1712,  0.2067,
         0.0874,  0.0095,  0.0624,  0.0563,  0.3393,  0.2838,  0.3271,  0.2101,
         0.0858,  0.1879,  0.2284,  0.1032,  0.0393,  0.1243,  0.4974,  0.2496,
         0.1588,  0.0440,  0.4880,  0.3916,  0.2198,  0.1127,  0.1262,  0.0639,
         0.1946,  0.0967,  0.0263,  0.1402,  0.0177,  0.0908,  0.2284,  0.3625,
         0.1926,  0.1485,  0.5970,  0.0562,  0.1797,  0.1760,  0.1092,  0.1906,
         0.3537,  0.5508,  0.1457,  0.4991,  0.5186,  0.2049,  0.0733,  0.2304,
         0.0699,  0.0024,  0.1342,  0.1663,  0.2094,  0.1374,  0.1345,  0.0607,
         0.1062,  0.1814,  0.0748,  0.0410,  0.1640,  0.2067,  0.2144,  0.3924,
         0.1215,  0.0159,  0.1693,  0.1428,  0.3758,  0.0383,  0.3138,  0.2229,
         0.0169,  0.0565,  0.1327,  0.1902,  0.1348,  0.1100,  0.1536,  0.2207,
         0.2054,  0.1505,  0.1888,  0.1807,  0.1083,  0.1508,  0.0974,  0.0671,
         0.0458,  0.0019,  0.2100,  0.1154,  0.3875,  0.2162,  0.2072,  0.2076,
         0.1049])"
24,24,0.30434852017337694,"tensor([0.3347, 0.4462, 0.2892, 0.2622, 0.1193, 0.5698, 0.5395, 0.4258, 0.0096,
        0.1982, 0.1836, 0.1000, 0.2293, 0.2405, 0.0825, 0.3124, 0.4205, 0.0229,
        0.0582, 0.4423, 0.4331, 0.1893, 0.2506, 0.2399, 0.2342, 0.2523, 0.3130,
        0.3741, 0.3540, 0.1878, 0.2506, 0.0256, 0.2847, 0.0866, 0.3577, 0.2977,
        0.1865, 0.5351, 0.0669, 0.2251, 0.1809, 0.4316, 0.1298, 0.2264, 0.2226,
        0.2329, 0.1186, 0.2957, 0.1082, 0.1195, 0.0834, 0.1280, 0.2629, 0.1453,
        0.2085, 0.3181, 0.1514, 0.1516, 0.0607, 0.0902, 0.2124, 0.1168, 0.2758,
        0.1203, 0.3481, 0.2550, 0.0797, 0.3156, 0.5012, 0.1421, 0.2033, 0.1626,
        0.2868, 0.1879, 0.2509, 0.1017, 0.0742, 0.0364, 0.1241, 0.0105, 0.3454,
        0.0201, 0.0315, 0.1396, 0.1059, 0.2581, 0.1939, 0.5562, 0.1631, 0.0804,
        0.2849, 0.0204, 0.2254, 0.0717, 0.0916, 0.1377, 0.0255, 0.0616, 0.3094,
        0.2853, 0.3150, 0.3101, 0.1287, 0.1555, 0.3516, 0.2988, 0.1168, 0.2309,
        0.1138, 0.2590, 0.3023, 0.2892, 0.4852, 0.5404, 0.1422, 0.4037, 0.3633,
        0.1738, 0.1013, 0.5143, 0.2124, 0.4698, 0.3367, 0.2759, 0.2938, 0.3101,
        0.2989, 0.5181, 0.1848, 0.0849, 0.1647, 0.4410, 0.5041, 0.1536, 0.0851,
        0.2012, 0.1507, 0.1135, 0.0424, 0.1930, 0.0843, 0.1840, 0.1057, 0.1709,
        0.1844, 0.0475, 0.4058, 0.1985, 0.1087, 0.2222, 0.1711, 0.3347, 0.0968,
        0.2132, 0.2553, 0.1969, 0.1165, 0.3959, 0.2748, 0.2766, 0.2071, 0.0824,
        0.0939, 0.0799, 0.5662, 0.4068, 0.3780, 0.4129, 0.4712, 0.4450, 0.5649,
        0.4230, 0.0522, 0.1161, 0.1999, 0.2245, 0.1359, 0.1161, 0.1567, 0.4273,
        0.1179, 0.3630, 0.1525, 0.5391, 0.0700, 0.2060, 0.3837, 0.1229, 0.1820,
        0.2628, 0.1484, 0.3632, 0.1793, 0.4458, 0.5060, 0.2367, 0.2251, 0.0146,
        0.2922, 0.2768, 0.0123, 0.0278, 0.5526, 0.5001, 0.2937, 0.2731, 0.2169,
        0.0689, 0.0568, 0.0777, 0.2895, 0.0445, 0.1279, 0.4866, 0.1971, 0.2342,
        0.1327, 0.0193, 0.0982, 0.0743, 0.4134, 0.3617, 0.3658, 0.2771, 0.1052,
        0.1847, 0.2505, 0.1240, 0.0735, 0.1484, 0.5693, 0.2487, 0.1901, 0.0729,
        0.5210, 0.4296, 0.2750, 0.1194, 0.1496, 0.0989, 0.2426, 0.1204, 0.0356,
        0.1616, 0.0469, 0.1279, 0.2705, 0.3970, 0.2255, 0.1717, 0.6041, 0.0876,
        0.2000, 0.2069, 0.1213, 0.2251, 0.3845, 0.5712, 0.1700, 0.5445, 0.5651,
        0.2129, 0.1018, 0.2817, 0.0989, 0.0191, 0.1611, 0.1976, 0.2135, 0.1327,
        0.1850, 0.0704, 0.1377, 0.1972, 0.0987, 0.0444, 0.1694, 0.2465, 0.2330,
        0.4285, 0.1278, 0.0375, 0.2144, 0.1647, 0.3996, 0.0584, 0.3646, 0.2228,
        0.0441, 0.0879, 0.1451, 0.1778, 0.1584, 0.1284, 0.1869, 0.2419, 0.2326,
        0.1811, 0.2439, 0.1885, 0.1282, 0.1762, 0.1339, 0.0943, 0.0896, 0.0116,
        0.2409, 0.1459, 0.4422, 0.2408, 0.2320, 0.2747, 0.1361])",0.30838441995926846,"tensor([ 0.3273,  0.3956,  0.2551,  0.2246,  0.0931,  0.5731,  0.5488,  0.4287,
        -0.0195,  0.1542,  0.1483,  0.0937,  0.1888,  0.2153,  0.0584,  0.2812,
         0.3828,  0.0145,  0.0330,  0.4071,  0.3753,  0.1871,  0.2425,  0.2147,
         0.2099,  0.1976,  0.2814,  0.3610,  0.3651,  0.1361,  0.1860,  0.0144,
         0.2909,  0.0647,  0.3115,  0.2689,  0.1687,  0.4869,  0.0617,  0.1672,
         0.1642,  0.3993,  0.0879,  0.2206,  0.1696,  0.1708,  0.0710,  0.2570,
         0.0723,  0.1130,  0.0610,  0.0888,  0.1972,  0.1101,  0.1542,  0.2599,
         0.0884,  0.1180,  0.0152,  0.0859,  0.1883,  0.0853,  0.2134,  0.0938,
         0.3277,  0.2142,  0.0732,  0.2936,  0.4670,  0.1271,  0.1818,  0.1340,
         0.2542,  0.1987,  0.2152,  0.0779,  0.0368, -0.0104,  0.1096, -0.0017,
         0.2964, -0.0044,  0.0028,  0.1003,  0.0670,  0.2148,  0.1639,  0.5054,
         0.1572,  0.0579,  0.2277, -0.0024,  0.1473,  0.0395,  0.0744,  0.1085,
         0.0166,  0.0371,  0.2679,  0.2672,  0.2795,  0.2567,  0.1172,  0.1286,
         0.3615,  0.2694,  0.0840,  0.1936,  0.0871,  0.2582,  0.3083,  0.2658,
         0.4608,  0.5126,  0.0877,  0.3850,  0.3662,  0.1322,  0.0708,  0.5026,
         0.1525,  0.4442,  0.3113,  0.2133,  0.2711,  0.2440,  0.2760,  0.5178,
         0.1884,  0.0639,  0.1528,  0.4133,  0.4637,  0.1043,  0.0671,  0.1414,
         0.0957,  0.0909,  0.0483,  0.1597,  0.0524,  0.1763,  0.0897,  0.1540,
         0.1616,  0.0395,  0.3746,  0.1557,  0.0975,  0.1709,  0.1186,  0.2947,
         0.0531,  0.1771,  0.2161,  0.1927,  0.0836,  0.3590,  0.2574,  0.2787,
         0.1444,  0.0645,  0.0622,  0.0708,  0.5220,  0.4021,  0.3567,  0.3682,
         0.4358,  0.4103,  0.5455,  0.4083,  0.0120,  0.1055,  0.1572,  0.2615,
         0.1288,  0.0637,  0.1058,  0.4527,  0.0682,  0.3283,  0.1339,  0.4439,
         0.0177,  0.1858,  0.3180,  0.0751,  0.1517,  0.2688,  0.1381,  0.3320,
         0.1903,  0.3585,  0.4465,  0.1965,  0.1623,  0.0110,  0.2459,  0.2186,
         0.0092,  0.0019,  0.5338,  0.4447,  0.2732,  0.2201,  0.2006,  0.0329,
         0.0068,  0.0286,  0.2340,  0.0302,  0.1047,  0.5029,  0.1738,  0.2104,
         0.0901,  0.0085,  0.0797,  0.0532,  0.3382,  0.2830,  0.3268,  0.2103,
         0.0842,  0.1892,  0.2225,  0.1056,  0.0516,  0.1235,  0.4956,  0.2500,
         0.1565,  0.0458,  0.4895,  0.3898,  0.2173,  0.1135,  0.1276,  0.0596,
         0.1953,  0.0995,  0.0244,  0.1421,  0.0332,  0.0878,  0.2323,  0.3664,
         0.1915,  0.1420,  0.5981,  0.0658,  0.1837,  0.1729,  0.1114,  0.1914,
         0.3558,  0.5528,  0.1419,  0.4985,  0.5186,  0.2035,  0.0722,  0.2279,
         0.0703,  0.0015,  0.1360,  0.1662,  0.2088,  0.1407,  0.1360,  0.0645,
         0.1014,  0.1829,  0.0746,  0.0379,  0.1693,  0.2087,  0.2213,  0.3933,
         0.1210,  0.0264,  0.1661,  0.1421,  0.3766,  0.0352,  0.3132,  0.2268,
         0.0234,  0.0580,  0.1334,  0.1934,  0.1341,  0.1011,  0.1572,  0.2189,
         0.2076,  0.1523,  0.1885,  0.1820,  0.1124,  0.1506,  0.0973,  0.0720,
         0.0501, -0.0006,  0.2110,  0.1138,  0.3918,  0.2155,  0.2060,  0.2061,
         0.1034])"
25,25,0.3039273769124743,"tensor([0.3361, 0.4504, 0.2912, 0.2650, 0.1172, 0.5704, 0.5364, 0.4276, 0.0122,
        0.1993, 0.1812, 0.1033, 0.2300, 0.2445, 0.0803, 0.3125, 0.4233, 0.0199,
        0.0566, 0.4451, 0.4358, 0.1903, 0.2524, 0.2446, 0.2368, 0.2538, 0.3133,
        0.3777, 0.3548, 0.1929, 0.2545, 0.0299, 0.2821, 0.0899, 0.3618, 0.2981,
        0.1866, 0.5382, 0.0673, 0.2272, 0.1827, 0.4327, 0.1298, 0.2280, 0.2233,
        0.2362, 0.1170, 0.2976, 0.1106, 0.1165, 0.0884, 0.1312, 0.2678, 0.1471,
        0.2115, 0.3210, 0.1555, 0.1511, 0.0547, 0.0920, 0.2120, 0.1197, 0.2829,
        0.1236, 0.3490, 0.2583, 0.0836, 0.3153, 0.5023, 0.1500, 0.2064, 0.1630,
        0.2888, 0.1956, 0.2578, 0.1066, 0.0738, 0.0359, 0.1274, 0.0074, 0.3482,
        0.0169, 0.0340, 0.1416, 0.1059, 0.2605, 0.1982, 0.5573, 0.1681, 0.0769,
        0.2894, 0.0182, 0.2270, 0.0701, 0.0918, 0.1392, 0.0173, 0.0642, 0.3124,
        0.2864, 0.3165, 0.3121, 0.1294, 0.1550, 0.3553, 0.3005, 0.1181, 0.2330,
        0.1141, 0.2613, 0.3037, 0.2905, 0.4864, 0.5427, 0.1446, 0.4066, 0.3660,
        0.1753, 0.1013, 0.5156, 0.2153, 0.4731, 0.3388, 0.2785, 0.2972, 0.3127,
        0.3007, 0.5199, 0.1864, 0.0896, 0.1666, 0.4432, 0.5058, 0.1563, 0.0852,
        0.2040, 0.1537, 0.1157, 0.0432, 0.1940, 0.0838, 0.1842, 0.1050, 0.1715,
        0.1855, 0.0526, 0.4071, 0.1999, 0.1126, 0.2243, 0.1736, 0.3381, 0.0971,
        0.2141, 0.2580, 0.1966, 0.1169, 0.3973, 0.2786, 0.2778, 0.2118, 0.0859,
        0.0993, 0.0815, 0.5701, 0.4073, 0.3796, 0.4128, 0.4735, 0.4462, 0.5664,
        0.4233, 0.0512, 0.1153, 0.2014, 0.2255, 0.1362, 0.1238, 0.1584, 0.4271,
        0.1179, 0.3676, 0.1558, 0.5444, 0.0687, 0.2092, 0.3854, 0.1252, 0.1834,
        0.2632, 0.1498, 0.3654, 0.1843, 0.4478, 0.5101, 0.2403, 0.2264, 0.0182,
        0.2977, 0.2747, 0.0162, 0.0347, 0.5547, 0.5031, 0.2963, 0.2763, 0.2183,
        0.0699, 0.0554, 0.0840, 0.2924, 0.0420, 0.1293, 0.4901, 0.1925, 0.2368,
        0.1334, 0.0283, 0.0965, 0.0753, 0.4174, 0.3679, 0.3663, 0.2801, 0.1077,
        0.1832, 0.2501, 0.1267, 0.0745, 0.1500, 0.5738, 0.2496, 0.1913, 0.0802,
        0.5225, 0.4295, 0.2795, 0.1161, 0.1504, 0.1008, 0.2431, 0.1229, 0.0324,
        0.1630, 0.0478, 0.1281, 0.2712, 0.3973, 0.2288, 0.1718, 0.6056, 0.0983,
        0.2016, 0.2091, 0.1215, 0.2236, 0.3871, 0.5728, 0.1718, 0.5458, 0.5676,
        0.2161, 0.1036, 0.2831, 0.0985, 0.0168, 0.1623, 0.2023, 0.2157, 0.1326,
        0.1840, 0.0647, 0.1395, 0.1973, 0.1002, 0.0462, 0.1719, 0.2490, 0.2369,
        0.4314, 0.1265, 0.0336, 0.2177, 0.1645, 0.4035, 0.0529, 0.3671, 0.2228,
        0.0495, 0.0894, 0.1424, 0.1779, 0.1624, 0.1285, 0.1880, 0.2450, 0.2333,
        0.1842, 0.2443, 0.1913, 0.1295, 0.1774, 0.1346, 0.0915, 0.0889, 0.0109,
        0.2443, 0.1487, 0.4463, 0.2423, 0.2331, 0.2759, 0.1363])",0.3085414903399385,"tensor([ 0.3278,  0.3948,  0.2576,  0.2267,  0.0883,  0.5712,  0.5408,  0.4252,
        -0.0118,  0.1576,  0.1492,  0.0940,  0.1872,  0.2223,  0.0559,  0.2833,
         0.3834,  0.0133,  0.0297,  0.4082,  0.3734,  0.1874,  0.2410,  0.2170,
         0.2072,  0.1973,  0.2837,  0.3634,  0.3612,  0.1309,  0.1864,  0.0065,
         0.2910,  0.0549,  0.3093,  0.2693,  0.1683,  0.4885,  0.0530,  0.1608,
         0.1576,  0.3988,  0.0905,  0.2181,  0.1705,  0.1729,  0.0669,  0.2575,
         0.0648,  0.1102,  0.0613,  0.0811,  0.1959,  0.1085,  0.1514,  0.2569,
         0.0937,  0.1226,  0.0190,  0.0887,  0.1930,  0.0874,  0.2106,  0.0947,
         0.3279,  0.2152,  0.0815,  0.2948,  0.4685,  0.1264,  0.1830,  0.1331,
         0.2553,  0.1947,  0.2083,  0.0823,  0.0316, -0.0098,  0.1157, -0.0097,
         0.2965,  0.0123,  0.0020,  0.1013,  0.0745,  0.2138,  0.1646,  0.5029,
         0.1577,  0.0724,  0.2282, -0.0030,  0.1410,  0.0415,  0.0823,  0.1172,
         0.0186,  0.0315,  0.2685,  0.2681,  0.2802,  0.2577,  0.1177,  0.1306,
         0.3670,  0.2689,  0.0818,  0.1927,  0.0903,  0.2610,  0.3088,  0.2673,
         0.4607,  0.5119,  0.0905,  0.3851,  0.3678,  0.1321,  0.0706,  0.5008,
         0.1539,  0.4457,  0.3220,  0.2137,  0.2698,  0.2451,  0.2761,  0.5179,
         0.1973,  0.0689,  0.1596,  0.4131,  0.4618,  0.1065,  0.0592,  0.1418,
         0.0884,  0.0898,  0.0410,  0.1668,  0.0546,  0.1760,  0.0950,  0.1533,
         0.1581,  0.0364,  0.3717,  0.1532,  0.0943,  0.1691,  0.1236,  0.2936,
         0.0582,  0.1862,  0.2183,  0.1922,  0.0862,  0.3602,  0.2623,  0.2799,
         0.1469,  0.0528,  0.0663,  0.0689,  0.5194,  0.4031,  0.3548,  0.3692,
         0.4370,  0.4104,  0.5460,  0.4091,  0.0073,  0.1006,  0.1570,  0.2662,
         0.1296,  0.0562,  0.1078,  0.4521,  0.0662,  0.3296,  0.1334,  0.4397,
         0.0209,  0.1858,  0.3148,  0.0779,  0.1523,  0.2723,  0.1424,  0.3337,
         0.1936,  0.3592,  0.4479,  0.1969,  0.1646,  0.0074,  0.2494,  0.2182,
         0.0057,  0.0100,  0.5350,  0.4430,  0.2721,  0.2218,  0.2018,  0.0466,
         0.0067,  0.0274,  0.2392,  0.0290,  0.1055,  0.5081,  0.1723,  0.2117,
         0.0953, -0.0020,  0.0750,  0.0560,  0.3361,  0.2801,  0.3259,  0.2084,
         0.0830,  0.1949,  0.2346,  0.1084,  0.0375,  0.1243,  0.4887,  0.2496,
         0.1571,  0.0489,  0.4892,  0.3916,  0.2185,  0.1150,  0.1280,  0.0631,
         0.1935,  0.1000,  0.0157,  0.1438,  0.0306,  0.0916,  0.2312,  0.3652,
         0.1920,  0.1533,  0.5982,  0.0520,  0.1815,  0.1796,  0.1112,  0.1907,
         0.3550,  0.5538,  0.1373,  0.5000,  0.5173,  0.2049,  0.0720,  0.2338,
         0.0693,  0.0048,  0.1378,  0.1652,  0.2106,  0.1348,  0.1404,  0.0567,
         0.1037,  0.1818,  0.0741,  0.0523,  0.1695,  0.2052,  0.2159,  0.3941,
         0.1228,  0.0300,  0.1661,  0.1420,  0.3747,  0.0349,  0.3159,  0.2210,
         0.0184,  0.0589,  0.1338,  0.1855,  0.1359,  0.1058,  0.1559,  0.2229,
         0.2046,  0.1484,  0.1835,  0.1833,  0.1140,  0.1509,  0.0976,  0.0752,
         0.0510, -0.0049,  0.2123,  0.1170,  0.3848,  0.2187,  0.2078,  0.2057,
         0.1062])"
26,26,0.30349141340875774,"tensor([0.3390, 0.4529, 0.2947, 0.2652, 0.1199, 0.5728, 0.5380, 0.4278, 0.0115,
        0.2013, 0.1821, 0.1015, 0.2318, 0.2513, 0.0845, 0.3126, 0.4261, 0.0212,
        0.0593, 0.4473, 0.4397, 0.1903, 0.2517, 0.2463, 0.2382, 0.2553, 0.3156,
        0.3816, 0.3556, 0.1901, 0.2574, 0.0321, 0.2828, 0.0863, 0.3647, 0.2988,
        0.1885, 0.5424, 0.0686, 0.2313, 0.1843, 0.4347, 0.1322, 0.2286, 0.2318,
        0.2374, 0.1139, 0.3026, 0.1136, 0.1210, 0.0870, 0.1308, 0.2717, 0.1505,
        0.2152, 0.3223, 0.1542, 0.1511, 0.0556, 0.0910, 0.2147, 0.1168, 0.2841,
        0.1262, 0.3508, 0.2615, 0.0837, 0.3164, 0.5031, 0.1540, 0.2084, 0.1644,
        0.2917, 0.1969, 0.2636, 0.1076, 0.0687, 0.0351, 0.1307, 0.0092, 0.3512,
        0.0202, 0.0377, 0.1415, 0.1120, 0.2621, 0.2020, 0.5638, 0.1679, 0.0864,
        0.2903, 0.0230, 0.2318, 0.0726, 0.0945, 0.1441, 0.0249, 0.0655, 0.3109,
        0.2868, 0.3181, 0.3147, 0.1327, 0.1585, 0.3568, 0.3031, 0.1220, 0.2348,
        0.1154, 0.2631, 0.3049, 0.2912, 0.4882, 0.5438, 0.1467, 0.4086, 0.3677,
        0.1780, 0.1020, 0.5173, 0.2185, 0.4768, 0.3469, 0.2817, 0.2991, 0.3150,
        0.3029, 0.5208, 0.1874, 0.0912, 0.1631, 0.4434, 0.5083, 0.1600, 0.0893,
        0.2071, 0.1592, 0.1132, 0.0393, 0.1989, 0.0891, 0.1857, 0.1050, 0.1751,
        0.1890, 0.0515, 0.4101, 0.2039, 0.1144, 0.2257, 0.1771, 0.3396, 0.1033,
        0.2151, 0.2611, 0.1981, 0.1190, 0.3997, 0.2789, 0.2792, 0.2146, 0.0887,
        0.0991, 0.0821, 0.5706, 0.4100, 0.3794, 0.4136, 0.4764, 0.4493, 0.5679,
        0.4241, 0.0541, 0.1180, 0.2022, 0.2197, 0.1362, 0.1119, 0.1675, 0.4291,
        0.1211, 0.3699, 0.1572, 0.5496, 0.0655, 0.2092, 0.3867, 0.1220, 0.1846,
        0.2665, 0.1524, 0.3667, 0.1870, 0.4552, 0.5131, 0.2484, 0.2254, 0.0193,
        0.3015, 0.2740, 0.0172, 0.0361, 0.5585, 0.5058, 0.2974, 0.2799, 0.2193,
        0.0758, 0.0621, 0.0878, 0.2983, 0.0415, 0.1290, 0.4912, 0.1948, 0.2394,
        0.1339, 0.0224, 0.1004, 0.0816, 0.4216, 0.3727, 0.3698, 0.2846, 0.1126,
        0.1851, 0.2649, 0.1281, 0.0738, 0.1508, 0.5782, 0.2504, 0.1919, 0.0831,
        0.5237, 0.4304, 0.2838, 0.1176, 0.1519, 0.0996, 0.2502, 0.1213, 0.0355,
        0.1665, 0.0418, 0.1315, 0.2743, 0.3983, 0.2332, 0.1800, 0.6063, 0.0945,
        0.2012, 0.2105, 0.1233, 0.2264, 0.3877, 0.5744, 0.1732, 0.5485, 0.5704,
        0.2175, 0.1071, 0.2861, 0.1029, 0.0247, 0.1642, 0.2034, 0.2154, 0.1326,
        0.1902, 0.0611, 0.1407, 0.1987, 0.1051, 0.0491, 0.1734, 0.2507, 0.2369,
        0.4319, 0.1261, 0.0379, 0.2206, 0.1660, 0.4055, 0.0576, 0.3693, 0.2231,
        0.0492, 0.0912, 0.1461, 0.1723, 0.1613, 0.1325, 0.1889, 0.2435, 0.2361,
        0.1835, 0.2491, 0.1902, 0.1294, 0.1768, 0.1370, 0.0925, 0.0911, 0.0125,
        0.2451, 0.1512, 0.4504, 0.2444, 0.2337, 0.2806, 0.1378])",0.30863759841447996,"tensor([ 0.3298,  0.3947,  0.2554,  0.2237,  0.0860,  0.5703,  0.5468,  0.4283,
        -0.0091,  0.1572,  0.1476,  0.0963,  0.1874,  0.2247,  0.0541,  0.2758,
         0.3853,  0.0184,  0.0336,  0.4072,  0.3737,  0.1850,  0.2392,  0.2214,
         0.2100,  0.1978,  0.2832,  0.3616,  0.3656,  0.1346,  0.1783,  0.0091,
         0.2914,  0.0651,  0.3088,  0.2671,  0.1709,  0.4849,  0.0590,  0.1646,
         0.1670,  0.3991,  0.0888,  0.2196,  0.1675,  0.1719,  0.0744,  0.2579,
         0.0682,  0.1141,  0.0637,  0.0870,  0.1891,  0.1059,  0.1506,  0.2556,
         0.0885,  0.1175,  0.0275,  0.0925,  0.1914,  0.0852,  0.2134,  0.0968,
         0.3275,  0.2145,  0.0802,  0.2923,  0.4669,  0.1249,  0.1848,  0.1362,
         0.2568,  0.1992,  0.2155,  0.0828,  0.0382, -0.0129,  0.1059, -0.0015,
         0.2986,  0.0012, -0.0026,  0.1006,  0.0748,  0.2119,  0.1624,  0.5037,
         0.1547,  0.0794,  0.2277, -0.0062,  0.1434,  0.0345,  0.0839,  0.1170,
         0.0195,  0.0300,  0.2665,  0.2652,  0.2815,  0.2565,  0.1113,  0.1309,
         0.3567,  0.2714,  0.0888,  0.1918,  0.0869,  0.2573,  0.3149,  0.2670,
         0.4588,  0.5144,  0.0866,  0.3878,  0.3670,  0.1339,  0.0686,  0.5034,
         0.1580,  0.4440,  0.3189,  0.2145,  0.2700,  0.2434,  0.2757,  0.5165,
         0.2006,  0.0658,  0.1549,  0.4115,  0.4653,  0.1026,  0.0678,  0.1397,
         0.0892,  0.0921,  0.0496,  0.1653,  0.0536,  0.1755,  0.0897,  0.1548,
         0.1612,  0.0347,  0.3725,  0.1532,  0.1071,  0.1684,  0.1225,  0.2901,
         0.0599,  0.1860,  0.2180,  0.1910,  0.0835,  0.3590,  0.2529,  0.2802,
         0.1461,  0.0560,  0.0614,  0.0686,  0.5171,  0.4034,  0.3510,  0.3656,
         0.4337,  0.4099,  0.5433,  0.4065,  0.0113,  0.1016,  0.1576,  0.2594,
         0.1263,  0.0630,  0.1099,  0.4489,  0.0677,  0.3298,  0.1256,  0.4366,
         0.0191,  0.1853,  0.3163,  0.0754,  0.1521,  0.2715,  0.1398,  0.3278,
         0.1974,  0.3641,  0.4461,  0.1982,  0.1628,  0.0049,  0.2468,  0.2189,
         0.0041,  0.0175,  0.5373,  0.4408,  0.2716,  0.2220,  0.2015,  0.0413,
         0.0056,  0.0346,  0.2402,  0.0265,  0.0998,  0.5123,  0.1700,  0.2110,
         0.0895, -0.0035,  0.0758,  0.0578,  0.3351,  0.2798,  0.3236,  0.2054,
         0.0845,  0.1914,  0.2423,  0.1067,  0.0496,  0.1219,  0.4894,  0.2514,
         0.1594,  0.0433,  0.4868,  0.3914,  0.2131,  0.1121,  0.1235,  0.0632,
         0.1976,  0.1013,  0.0298,  0.1420,  0.0286,  0.0913,  0.2301,  0.3657,
         0.1939,  0.1407,  0.5976,  0.0545,  0.1823,  0.1768,  0.1073,  0.1854,
         0.3566,  0.5536,  0.1450,  0.4970,  0.5172,  0.2053,  0.0707,  0.2303,
         0.0709,  0.0018,  0.1324,  0.1631,  0.2128,  0.1269,  0.1447,  0.0633,
         0.1081,  0.1823,  0.0734,  0.0351,  0.1686,  0.2086,  0.2209,  0.3932,
         0.1205,  0.0161,  0.1633,  0.1423,  0.3738,  0.0281,  0.3137,  0.2219,
         0.0170,  0.0616,  0.1346,  0.1851,  0.1360,  0.1038,  0.1543,  0.2237,
         0.2064,  0.1520,  0.1848,  0.1784,  0.1151,  0.1485,  0.0985,  0.0687,
         0.0533,  0.0025,  0.2105,  0.1138,  0.3896,  0.2160,  0.2079,  0.1961,
         0.1072])"
27,27,0.30301550547404926,"tensor([0.3406, 0.4577, 0.2956, 0.2671, 0.1232, 0.5733, 0.5406, 0.4286, 0.0109,
        0.2048, 0.1828, 0.0999, 0.2365, 0.2552, 0.0840, 0.3147, 0.4271, 0.0194,
        0.0588, 0.4480, 0.4421, 0.1915, 0.2526, 0.2475, 0.2411, 0.2568, 0.3170,
        0.3838, 0.3562, 0.1955, 0.2592, 0.0296, 0.2886, 0.0893, 0.3659, 0.2983,
        0.1899, 0.5443, 0.0677, 0.2333, 0.1956, 0.4371, 0.1339, 0.2282, 0.2319,
        0.2443, 0.1194, 0.3090, 0.1153, 0.1220, 0.0907, 0.1355, 0.2730, 0.1531,
        0.2185, 0.3253, 0.1588, 0.1539, 0.0560, 0.0954, 0.2172, 0.1201, 0.2892,
        0.1278, 0.3518, 0.2629, 0.0838, 0.3187, 0.5038, 0.1531, 0.2122, 0.1621,
        0.2918, 0.1918, 0.2646, 0.1143, 0.0768, 0.0361, 0.1376, 0.0065, 0.3528,
        0.0189, 0.0349, 0.1458, 0.1120, 0.2640, 0.2025, 0.5665, 0.1684, 0.0868,
        0.2943, 0.0243, 0.2331, 0.0728, 0.0906, 0.1448, 0.0158, 0.0619, 0.3122,
        0.2884, 0.3191, 0.3169, 0.1295, 0.1584, 0.3562, 0.3028, 0.1244, 0.2368,
        0.1151, 0.2638, 0.3114, 0.2929, 0.4901, 0.5449, 0.1453, 0.4104, 0.3665,
        0.1805, 0.1041, 0.5172, 0.2184, 0.4791, 0.3495, 0.2859, 0.3015, 0.3171,
        0.3053, 0.5219, 0.1898, 0.0886, 0.1664, 0.4449, 0.5106, 0.1627, 0.0869,
        0.2089, 0.1603, 0.1170, 0.0445, 0.1997, 0.0872, 0.1867, 0.1061, 0.1759,
        0.1910, 0.0539, 0.4119, 0.2049, 0.1154, 0.2282, 0.1834, 0.3428, 0.1059,
        0.2169, 0.2643, 0.1988, 0.1188, 0.4009, 0.2790, 0.2806, 0.2220, 0.0847,
        0.1022, 0.0854, 0.5727, 0.4114, 0.3820, 0.4131, 0.4765, 0.4490, 0.5688,
        0.4253, 0.0565, 0.1192, 0.2045, 0.2292, 0.1367, 0.1244, 0.1637, 0.4286,
        0.1225, 0.3703, 0.1549, 0.5564, 0.0681, 0.2122, 0.3914, 0.1276, 0.1873,
        0.2664, 0.1540, 0.3685, 0.1932, 0.4528, 0.5147, 0.2528, 0.2298, 0.0203,
        0.3022, 0.2772, 0.0152, 0.0385, 0.5606, 0.5094, 0.2978, 0.2822, 0.2205,
        0.0729, 0.0563, 0.0920, 0.3017, 0.0429, 0.1319, 0.4947, 0.2016, 0.2391,
        0.1357, 0.0246, 0.0992, 0.0812, 0.4254, 0.3775, 0.3719, 0.2880, 0.1125,
        0.1880, 0.2727, 0.1276, 0.0691, 0.1534, 0.5839, 0.2499, 0.1945, 0.0883,
        0.5262, 0.4341, 0.2852, 0.1155, 0.1526, 0.1021, 0.2506, 0.1252, 0.0389,
        0.1651, 0.0474, 0.1309, 0.2769, 0.3998, 0.2348, 0.1804, 0.6072, 0.0932,
        0.2031, 0.2127, 0.1243, 0.2269, 0.3883, 0.5749, 0.1771, 0.5500, 0.5730,
        0.2183, 0.1104, 0.2898, 0.0999, 0.0184, 0.1624, 0.2052, 0.2160, 0.1349,
        0.1892, 0.0729, 0.1413, 0.2011, 0.1053, 0.0462, 0.1712, 0.2543, 0.2395,
        0.4340, 0.1325, 0.0394, 0.2209, 0.1664, 0.4069, 0.0567, 0.3712, 0.2265,
        0.0546, 0.0928, 0.1486, 0.1770, 0.1630, 0.1317, 0.1903, 0.2460, 0.2382,
        0.1837, 0.2501, 0.1928, 0.1337, 0.1808, 0.1371, 0.0932, 0.0934, 0.0092,
        0.2452, 0.1507, 0.4566, 0.2440, 0.2351, 0.2835, 0.1375])",0.30853787542861183,"tensor([ 0.3310,  0.3950,  0.2557,  0.2252,  0.0893,  0.5696,  0.5461,  0.4319,
        -0.0089,  0.1570,  0.1452,  0.0819,  0.1866,  0.2215,  0.0578,  0.2812,
         0.3834,  0.0137,  0.0432,  0.4084,  0.3752,  0.1862,  0.2369,  0.2169,
         0.2132,  0.1981,  0.2811,  0.3667,  0.3642,  0.1313,  0.1862,  0.0016,
         0.2924,  0.0655,  0.3088,  0.2620,  0.1683,  0.4841,  0.0483,  0.1629,
         0.1652,  0.3988,  0.0939,  0.2212,  0.1696,  0.1751,  0.0668,  0.2658,
         0.0673,  0.1080,  0.0624,  0.0820,  0.1907,  0.1082,  0.1499,  0.2597,
         0.0892,  0.1210,  0.0206,  0.0868,  0.1935,  0.0863,  0.2140,  0.1001,
         0.3285,  0.2135,  0.0759,  0.2902,  0.4694,  0.1231,  0.1830,  0.1359,
         0.2536,  0.1970,  0.2081,  0.0872,  0.0373, -0.0093,  0.1160,  0.0037,
         0.2982, -0.0015,  0.0044,  0.1018,  0.0721,  0.2137,  0.1688,  0.5007,
         0.1569,  0.0727,  0.2288, -0.0019,  0.1427,  0.0458,  0.0836,  0.1141,
         0.0118,  0.0360,  0.2683,  0.2694,  0.2804,  0.2563,  0.1188,  0.1342,
         0.3673,  0.2678,  0.0908,  0.1917,  0.0857,  0.2612,  0.3099,  0.2673,
         0.4564,  0.5113,  0.0858,  0.3869,  0.3686,  0.1317,  0.0698,  0.5023,
         0.1539,  0.4423,  0.3259,  0.2130,  0.2668,  0.2432,  0.2756,  0.5153,
         0.2015,  0.0658,  0.1554,  0.4121,  0.4645,  0.1037,  0.0641,  0.1392,
         0.0905,  0.0886,  0.0585,  0.1674,  0.0541,  0.1735,  0.0898,  0.1540,
         0.1639,  0.0437,  0.3725,  0.1527,  0.1016,  0.1667,  0.1277,  0.2890,
         0.0554,  0.1761,  0.2182,  0.1939,  0.0879,  0.3588,  0.2600,  0.2774,
         0.1450,  0.0616,  0.0646,  0.0699,  0.5178,  0.4038,  0.3585,  0.3634,
         0.4323,  0.4107,  0.5423,  0.4063,  0.0038,  0.1035,  0.1593,  0.2661,
         0.1340,  0.0541,  0.1126,  0.4512,  0.0629,  0.3288,  0.1365,  0.4356,
         0.0224,  0.1854,  0.3138,  0.0758,  0.1545,  0.2624,  0.1392,  0.3278,
         0.1974,  0.3676,  0.4437,  0.1911,  0.1631,  0.0054,  0.2477,  0.2187,
         0.0071,  0.0113,  0.5395,  0.4432,  0.2728,  0.2230,  0.2019,  0.0408,
         0.0036,  0.0378,  0.2415,  0.0297,  0.1040,  0.5106,  0.1741,  0.2090,
         0.0916,  0.0041,  0.0667,  0.0519,  0.3287,  0.2775,  0.3251,  0.2063,
         0.0849,  0.1983,  0.2426,  0.1094,  0.0469,  0.1244,  0.4867,  0.2499,
         0.1605,  0.0436,  0.4875,  0.3919,  0.2132,  0.1125,  0.1274,  0.0664,
         0.1985,  0.0990,  0.0212,  0.1455,  0.0336,  0.0921,  0.2295,  0.3651,
         0.1951,  0.1467,  0.5987,  0.0641,  0.1817,  0.1759,  0.1101,  0.1857,
         0.3580,  0.5548,  0.1457,  0.4954,  0.5176,  0.2076,  0.0752,  0.2303,
         0.0679,  0.0069,  0.1297,  0.1651,  0.2127,  0.1390,  0.1446,  0.0659,
         0.1078,  0.1798,  0.0721,  0.0509,  0.1698,  0.2064,  0.2168,  0.3946,
         0.1200,  0.0306,  0.1665,  0.1450,  0.3754,  0.0313,  0.3136,  0.2266,
         0.0165,  0.0639,  0.1278,  0.1890,  0.1345,  0.1056,  0.1555,  0.2222,
         0.2027,  0.1436,  0.1862,  0.1797,  0.1163,  0.1538,  0.0953,  0.0641,
         0.0485,  0.0017,  0.2131,  0.1159,  0.3948,  0.2171,  0.2096,  0.2045,
         0.1046])"
28,28,0.30248762874780427,"tensor([0.3426, 0.4600, 0.2983, 0.2698, 0.1255, 0.5745, 0.5436, 0.4318, 0.0096,
        0.2082, 0.1849, 0.1030, 0.2350, 0.2513, 0.0884, 0.3209, 0.4304, 0.0251,
        0.0565, 0.4500, 0.4462, 0.1886, 0.2544, 0.2506, 0.2426, 0.2570, 0.3189,
        0.3879, 0.3597, 0.2014, 0.2621, 0.0298, 0.2938, 0.0865, 0.3701, 0.3075,
        0.1933, 0.5490, 0.0710, 0.2353, 0.1942, 0.4392, 0.1340, 0.2282, 0.2341,
        0.2486, 0.1234, 0.3114, 0.1206, 0.1207, 0.0924, 0.1337, 0.2774, 0.1545,
        0.2229, 0.3285, 0.1608, 0.1521, 0.0602, 0.0989, 0.2185, 0.1246, 0.2900,
        0.1286, 0.3537, 0.2672, 0.0866, 0.3229, 0.5050, 0.1573, 0.2101, 0.1637,
        0.2928, 0.1956, 0.2687, 0.1159, 0.0748, 0.0398, 0.1452, 0.0077, 0.3555,
        0.0215, 0.0330, 0.1471, 0.1134, 0.2666, 0.2048, 0.5722, 0.1704, 0.0874,
        0.2986, 0.0199, 0.2364, 0.0749, 0.0976, 0.1447, 0.0196, 0.0657, 0.3145,
        0.2893, 0.3213, 0.3197, 0.1360, 0.1592, 0.3622, 0.3071, 0.1310, 0.2380,
        0.1163, 0.2672, 0.3103, 0.2946, 0.4929, 0.5467, 0.1499, 0.4164, 0.3689,
        0.1844, 0.1067, 0.5199, 0.2211, 0.4836, 0.3546, 0.2902, 0.3031, 0.3206,
        0.3068, 0.5245, 0.1912, 0.0876, 0.1707, 0.4473, 0.5126, 0.1655, 0.0882,
        0.2122, 0.1660, 0.1154, 0.0465, 0.2023, 0.0883, 0.1884, 0.1117, 0.1739,
        0.1917, 0.0583, 0.4139, 0.2096, 0.1125, 0.2321, 0.1856, 0.3458, 0.1068,
        0.2193, 0.2629, 0.2013, 0.1194, 0.4042, 0.2799, 0.2823, 0.2245, 0.0892,
        0.1029, 0.0824, 0.5751, 0.4106, 0.3844, 0.4147, 0.4797, 0.4494, 0.5710,
        0.4276, 0.0559, 0.1199, 0.2060, 0.2265, 0.1424, 0.1217, 0.1692, 0.4313,
        0.1238, 0.3723, 0.1592, 0.5625, 0.0734, 0.2135, 0.3926, 0.1283, 0.1896,
        0.2676, 0.1550, 0.3699, 0.1901, 0.4593, 0.5203, 0.2542, 0.2319, 0.0187,
        0.3065, 0.2761, 0.0145, 0.0368, 0.5627, 0.5132, 0.3000, 0.2816, 0.2222,
        0.0713, 0.0649, 0.0938, 0.3090, 0.0440, 0.1330, 0.4964, 0.1993, 0.2403,
        0.1425, 0.0252, 0.1005, 0.0839, 0.4314, 0.3833, 0.3743, 0.2944, 0.1099,
        0.1906, 0.2717, 0.1306, 0.0719, 0.1547, 0.5884, 0.2541, 0.1961, 0.0915,
        0.5295, 0.4373, 0.2916, 0.1217, 0.1538, 0.0997, 0.2552, 0.1293, 0.0429,
        0.1666, 0.0481, 0.1351, 0.2796, 0.4024, 0.2394, 0.1884, 0.6100, 0.0938,
        0.2042, 0.2138, 0.1278, 0.2286, 0.3913, 0.5786, 0.1782, 0.5505, 0.5750,
        0.2202, 0.1117, 0.2913, 0.0983, 0.0224, 0.1666, 0.2071, 0.2185, 0.1323,
        0.1900, 0.0711, 0.1410, 0.2000, 0.1086, 0.0479, 0.1765, 0.2570, 0.2402,
        0.4366, 0.1282, 0.0417, 0.2221, 0.1696, 0.4092, 0.0630, 0.3719, 0.2264,
        0.0496, 0.0940, 0.1489, 0.1823, 0.1635, 0.1344, 0.1947, 0.2464, 0.2408,
        0.1917, 0.2539, 0.1931, 0.1345, 0.1819, 0.1389, 0.1000, 0.1004, 0.0123,
        0.2482, 0.1523, 0.4606, 0.2464, 0.2365, 0.2897, 0.1392])",0.30889646028294976,"tensor([ 0.3290,  0.3928,  0.2542,  0.2230,  0.0890,  0.5692,  0.5475,  0.4294,
        -0.0021,  0.1572,  0.1473,  0.0905,  0.1851,  0.2229,  0.0581,  0.2783,
         0.3839,  0.0140,  0.0370,  0.4080,  0.3704,  0.1869,  0.2410,  0.2196,
         0.2080,  0.1972,  0.2817,  0.3628,  0.3711,  0.1366,  0.1850,  0.0065,
         0.3051,  0.0650,  0.3091,  0.2690,  0.1671,  0.4823,  0.0590,  0.1641,
         0.1667,  0.3976,  0.0936,  0.2196,  0.1747,  0.1732,  0.0738,  0.2632,
         0.0702,  0.1108,  0.0607,  0.0877,  0.1963,  0.1082,  0.1535,  0.2555,
         0.0922,  0.1104,  0.0232,  0.0810,  0.1912,  0.0864,  0.2111,  0.0953,
         0.3276,  0.2114,  0.0750,  0.2925,  0.4659,  0.1267,  0.1801,  0.1309,
         0.2577,  0.1999,  0.2082,  0.0860,  0.0410, -0.0077,  0.1232,  0.0059,
         0.2941,  0.0044,  0.0006,  0.0991,  0.0799,  0.2131,  0.1659,  0.4996,
         0.1565,  0.0791,  0.2291, -0.0047,  0.1450,  0.0408,  0.0819,  0.1187,
         0.0092,  0.0361,  0.2679,  0.2690,  0.2823,  0.2552,  0.1221,  0.1346,
         0.3699,  0.2730,  0.0842,  0.1865,  0.0865,  0.2612,  0.3148,  0.2662,
         0.4583,  0.5129,  0.0889,  0.3880,  0.3647,  0.1300,  0.0727,  0.5026,
         0.1553,  0.4420,  0.3232,  0.2118,  0.2697,  0.2415,  0.2754,  0.5166,
         0.1988,  0.0637,  0.1527,  0.4109,  0.4647,  0.1082,  0.0640,  0.1374,
         0.0887,  0.0870,  0.0474,  0.1662,  0.0550,  0.1763,  0.0916,  0.1545,
         0.1627,  0.0398,  0.3725,  0.1530,  0.1068,  0.1685,  0.1220,  0.2897,
         0.0597,  0.1848,  0.2142,  0.1896,  0.0878,  0.3568,  0.2555,  0.2790,
         0.1471,  0.0622,  0.0633,  0.0662,  0.5227,  0.4032,  0.3609,  0.3686,
         0.4383,  0.4170,  0.5431,  0.4075,  0.0117,  0.1042,  0.1581,  0.2621,
         0.1360,  0.0641,  0.1119,  0.4517,  0.0661,  0.3269,  0.1355,  0.4349,
         0.0223,  0.1831,  0.3126,  0.0744,  0.1532,  0.2694,  0.1328,  0.3292,
         0.1934,  0.3687,  0.4420,  0.1957,  0.1638, -0.0033,  0.2446,  0.2141,
         0.0044,  0.0112,  0.5399,  0.4461,  0.2717,  0.2179,  0.2001,  0.0409,
         0.0063,  0.0312,  0.2371,  0.0254,  0.0996,  0.5103,  0.1745,  0.2127,
         0.0964, -0.0037,  0.0821,  0.0495,  0.3300,  0.2751,  0.3237,  0.2017,
         0.0830,  0.1987,  0.2478,  0.1085,  0.0500,  0.1234,  0.4853,  0.2520,
         0.1579,  0.0500,  0.4853,  0.3951,  0.2149,  0.1152,  0.1253,  0.0655,
         0.1998,  0.1023,  0.0306,  0.1437,  0.0226,  0.0935,  0.2276,  0.3627,
         0.1891,  0.1569,  0.5997,  0.0601,  0.1808,  0.1735,  0.1103,  0.1904,
         0.3567,  0.5546,  0.1428,  0.4962,  0.5146,  0.2067,  0.0767,  0.2255,
         0.0659, -0.0023,  0.1331,  0.1641,  0.2127,  0.1354,  0.1420,  0.0623,
         0.1061,  0.1798,  0.0759,  0.0478,  0.1706,  0.2061,  0.2214,  0.3953,
         0.1195,  0.0118,  0.1635,  0.1424,  0.3745,  0.0385,  0.3144,  0.2275,
         0.0226,  0.0617,  0.1324,  0.1910,  0.1332,  0.1077,  0.1533,  0.2215,
         0.2091,  0.1555,  0.1843,  0.1822,  0.1144,  0.1537,  0.0976,  0.0743,
         0.0536,  0.0013,  0.2103,  0.1169,  0.3865,  0.2179,  0.2061,  0.2017,
         0.1058])"
29,29,0.30206489885923665,"tensor([0.3429, 0.4639, 0.2999, 0.2695, 0.1270, 0.5763, 0.5428, 0.4304, 0.0129,
        0.2117, 0.1876, 0.0993, 0.2382, 0.2574, 0.0885, 0.3209, 0.4332, 0.0241,
        0.0617, 0.4505, 0.4498, 0.1928, 0.2555, 0.2486, 0.2433, 0.2621, 0.3198,
        0.3924, 0.3614, 0.2014, 0.2644, 0.0310, 0.2966, 0.0934, 0.3734, 0.3074,
        0.1918, 0.5530, 0.0719, 0.2369, 0.1962, 0.4405, 0.1373, 0.2303, 0.2378,
        0.2531, 0.1241, 0.3177, 0.1228, 0.1239, 0.0938, 0.1383, 0.2811, 0.1603,
        0.2280, 0.3305, 0.1641, 0.1578, 0.0643, 0.0969, 0.2168, 0.1283, 0.2891,
        0.1337, 0.3560, 0.2727, 0.0817, 0.3219, 0.5054, 0.1547, 0.2140, 0.1643,
        0.2929, 0.2047, 0.2747, 0.1236, 0.0761, 0.0411, 0.1473, 0.0072, 0.3588,
        0.0229, 0.0363, 0.1513, 0.1160, 0.2670, 0.2023, 0.5754, 0.1704, 0.0946,
        0.3038, 0.0223, 0.2401, 0.0787, 0.0924, 0.1445, 0.0247, 0.0658, 0.3175,
        0.2900, 0.3233, 0.3204, 0.1353, 0.1593, 0.3675, 0.3093, 0.1307, 0.2412,
        0.1166, 0.2690, 0.3105, 0.2968, 0.4931, 0.5489, 0.1538, 0.4193, 0.3693,
        0.1852, 0.1062, 0.5208, 0.2228, 0.4856, 0.3570, 0.2904, 0.3037, 0.3246,
        0.3084, 0.5249, 0.1920, 0.0932, 0.1703, 0.4485, 0.5123, 0.1684, 0.0944,
        0.2155, 0.1679, 0.1135, 0.0385, 0.2042, 0.0891, 0.1898, 0.1122, 0.1787,
        0.1993, 0.0605, 0.4155, 0.2114, 0.1155, 0.2319, 0.1878, 0.3503, 0.1120,
        0.2231, 0.2708, 0.2018, 0.1199, 0.4064, 0.2791, 0.2792, 0.2265, 0.0909,
        0.1065, 0.0809, 0.5778, 0.4138, 0.3871, 0.4188, 0.4802, 0.4543, 0.5724,
        0.4288, 0.0549, 0.1219, 0.2075, 0.2294, 0.1403, 0.1284, 0.1660, 0.4315,
        0.1244, 0.3733, 0.1602, 0.5676, 0.0725, 0.2153, 0.3958, 0.1301, 0.1891,
        0.2679, 0.1566, 0.3723, 0.1840, 0.4616, 0.5226, 0.2606, 0.2338, 0.0152,
        0.3093, 0.2812, 0.0116, 0.0399, 0.5658, 0.5149, 0.3002, 0.2840, 0.2232,
        0.0786, 0.0621, 0.0966, 0.3108, 0.0431, 0.1320, 0.5025, 0.2010, 0.2427,
        0.1399, 0.0255, 0.1048, 0.0838, 0.4337, 0.3875, 0.3755, 0.2964, 0.1139,
        0.1952, 0.2716, 0.1315, 0.0719, 0.1550, 0.5914, 0.2551, 0.1963, 0.0894,
        0.5330, 0.4373, 0.2942, 0.1215, 0.1546, 0.1064, 0.2596, 0.1283, 0.0428,
        0.1669, 0.0473, 0.1364, 0.2810, 0.4039, 0.2406, 0.1937, 0.6099, 0.0958,
        0.2061, 0.2177, 0.1270, 0.2304, 0.3936, 0.5787, 0.1798, 0.5521, 0.5767,
        0.2219, 0.1106, 0.2926, 0.1037, 0.0231, 0.1672, 0.2123, 0.2188, 0.1339,
        0.1970, 0.0764, 0.1396, 0.2007, 0.1086, 0.0500, 0.1765, 0.2590, 0.2403,
        0.4375, 0.1264, 0.0357, 0.2252, 0.1691, 0.4128, 0.0647, 0.3767, 0.2285,
        0.0478, 0.0940, 0.1459, 0.1797, 0.1653, 0.1343, 0.1954, 0.2497, 0.2412,
        0.1939, 0.2582, 0.1954, 0.1345, 0.1814, 0.1416, 0.0988, 0.1000, 0.0118,
        0.2486, 0.1544, 0.4668, 0.2483, 0.2373, 0.2921, 0.1396])",0.3089379973617601,"tensor([ 0.3289,  0.3927,  0.2560,  0.2239,  0.0873,  0.5685,  0.5485,  0.4299,
        -0.0039,  0.1566,  0.1475,  0.0903,  0.1887,  0.2249,  0.0540,  0.2780,
         0.3825,  0.0170,  0.0409,  0.4083,  0.3709,  0.1872,  0.2394,  0.2146,
         0.2079,  0.1975,  0.2799,  0.3680,  0.3660,  0.1332,  0.1857,  0.0022,
         0.3021,  0.0656,  0.3097,  0.2679,  0.1667,  0.4792,  0.0599,  0.1654,
         0.1715,  0.3959,  0.0937,  0.2174,  0.1711,  0.1770,  0.0724,  0.2569,
         0.0636,  0.1041,  0.0632,  0.0778,  0.1939,  0.1080,  0.1435,  0.2570,
         0.0888,  0.1174,  0.0112,  0.0841,  0.1931,  0.0883,  0.2108,  0.0965,
         0.3248,  0.2163,  0.0728,  0.2914,  0.4676,  0.1297,  0.1846,  0.1376,
         0.2576,  0.2006,  0.2126,  0.0937,  0.0346, -0.0061,  0.1228,  0.0012,
         0.2947, -0.0041,  0.0041,  0.1009,  0.0769,  0.2144,  0.1570,  0.4981,
         0.1576,  0.0714,  0.2248, -0.0074,  0.1395,  0.0416,  0.0852,  0.1156,
         0.0125,  0.0376,  0.2639,  0.2675,  0.2831,  0.2568,  0.1215,  0.1290,
         0.3733,  0.2692,  0.0877,  0.1868,  0.0887,  0.2584,  0.3088,  0.2667,
         0.4559,  0.5111,  0.0836,  0.3904,  0.3685,  0.1302,  0.0690,  0.5020,
         0.1553,  0.4413,  0.3254,  0.2119,  0.2668,  0.2442,  0.2772,  0.5149,
         0.2000,  0.0655,  0.1578,  0.4109,  0.4652,  0.1070,  0.0687,  0.1368,
         0.0864,  0.0950,  0.0472,  0.1628,  0.0519,  0.1761,  0.0931,  0.1589,
         0.1693,  0.0422,  0.3733,  0.1522,  0.0968,  0.1661,  0.1312,  0.2891,
         0.0588,  0.1890,  0.2172,  0.1910,  0.0854,  0.3588,  0.2538,  0.2801,
         0.1463,  0.0555,  0.0656,  0.0629,  0.5211,  0.4055,  0.3590,  0.3698,
         0.4340,  0.4139,  0.5415,  0.4052,  0.0103,  0.1047,  0.1578,  0.2632,
         0.1337,  0.0672,  0.1124,  0.4519,  0.0635,  0.3310,  0.1354,  0.4313,
         0.0222,  0.1863,  0.3144,  0.0781,  0.1524,  0.2708,  0.1383,  0.3292,
         0.1889,  0.3715,  0.4423,  0.1984,  0.1656,  0.0073,  0.2464,  0.2184,
         0.0021,  0.0141,  0.5366,  0.4432,  0.2738,  0.2212,  0.1977,  0.0424,
         0.0073,  0.0373,  0.2365,  0.0287,  0.1048,  0.5064,  0.1739,  0.2096,
         0.1005,  0.0023,  0.0751,  0.0557,  0.3266,  0.2719,  0.3261,  0.2051,
         0.0835,  0.2016,  0.2544,  0.1085,  0.0454,  0.1213,  0.4834,  0.2512,
         0.1574,  0.0425,  0.4860,  0.3971,  0.2064,  0.1094,  0.1251,  0.0653,
         0.1978,  0.0986,  0.0305,  0.1463,  0.0321,  0.0926,  0.2279,  0.3632,
         0.1936,  0.1643,  0.5996,  0.0583,  0.1832,  0.1771,  0.1090,  0.1859,
         0.3562,  0.5560,  0.1436,  0.4956,  0.5156,  0.2049,  0.0716,  0.2325,
         0.0688,  0.0102,  0.1304,  0.1611,  0.2118,  0.1316,  0.1490,  0.0717,
         0.1025,  0.1812,  0.0733,  0.0390,  0.1684,  0.2043,  0.2183,  0.3953,
         0.1174,  0.0208,  0.1635,  0.1464,  0.3738,  0.0364,  0.3155,  0.2261,
         0.0101,  0.0597,  0.1349,  0.1907,  0.1337,  0.1008,  0.1512,  0.2202,
         0.2059,  0.1525,  0.1820,  0.1789,  0.1139,  0.1551,  0.0966,  0.0715,
         0.0514,  0.0054,  0.2093,  0.1173,  0.3925,  0.2178,  0.2032,  0.2010,
         0.1057])"
30,30,0.30157041955658526,"tensor([0.3445, 0.4674, 0.3017, 0.2723, 0.1287, 0.5777, 0.5377, 0.4339, 0.0144,
        0.2137, 0.1874, 0.1062, 0.2399, 0.2595, 0.0892, 0.3247, 0.4348, 0.0242,
        0.0612, 0.4508, 0.4537, 0.1932, 0.2554, 0.2545, 0.2432, 0.2567, 0.3218,
        0.3939, 0.3624, 0.2015, 0.2683, 0.0316, 0.2914, 0.0929, 0.3770, 0.3098,
        0.1945, 0.5574, 0.0690, 0.2424, 0.2036, 0.4421, 0.1384, 0.2315, 0.2402,
        0.2577, 0.1274, 0.3222, 0.1249, 0.1243, 0.0917, 0.1394, 0.2851, 0.1603,
        0.2306, 0.3329, 0.1655, 0.1574, 0.0658, 0.0977, 0.2183, 0.1275, 0.2946,
        0.1391, 0.3565, 0.2751, 0.0812, 0.3244, 0.5056, 0.1596, 0.2147, 0.1685,
        0.2960, 0.1967, 0.2800, 0.1309, 0.0809, 0.0408, 0.1517, 0.0112, 0.3620,
        0.0232, 0.0341, 0.1514, 0.1207, 0.2703, 0.2014, 0.5800, 0.1721, 0.0922,
        0.3068, 0.0257, 0.2430, 0.0719, 0.0979, 0.1444, 0.0264, 0.0670, 0.3172,
        0.2916, 0.3248, 0.3228, 0.1361, 0.1629, 0.3703, 0.3103, 0.1399, 0.2442,
        0.1172, 0.2695, 0.3106, 0.2975, 0.4952, 0.5509, 0.1566, 0.4205, 0.3703,
        0.1865, 0.1030, 0.5214, 0.2277, 0.4885, 0.3594, 0.2920, 0.3040, 0.3273,
        0.3109, 0.5253, 0.1932, 0.0932, 0.1700, 0.4501, 0.5115, 0.1710, 0.0948,
        0.2148, 0.1734, 0.1197, 0.0475, 0.2039, 0.0892, 0.1898, 0.1132, 0.1822,
        0.2016, 0.0627, 0.4178, 0.2129, 0.1181, 0.2347, 0.1900, 0.3522, 0.1151,
        0.2252, 0.2707, 0.2031, 0.1224, 0.4088, 0.2792, 0.2847, 0.2309, 0.0916,
        0.1061, 0.0824, 0.5769, 0.4143, 0.3861, 0.4206, 0.4807, 0.4550, 0.5742,
        0.4314, 0.0582, 0.1222, 0.2084, 0.2290, 0.1408, 0.1256, 0.1660, 0.4340,
        0.1235, 0.3746, 0.1577, 0.5753, 0.0749, 0.2180, 0.3999, 0.1331, 0.1911,
        0.2676, 0.1573, 0.3740, 0.1960, 0.4614, 0.5269, 0.2649, 0.2358, 0.0161,
        0.3129, 0.2799, 0.0189, 0.0410, 0.5680, 0.5173, 0.3029, 0.2888, 0.2247,
        0.0768, 0.0648, 0.0988, 0.3152, 0.0502, 0.1346, 0.5033, 0.2063, 0.2456,
        0.1444, 0.0247, 0.1001, 0.0828, 0.4391, 0.3926, 0.3784, 0.3018, 0.1149,
        0.1934, 0.2805, 0.1312, 0.0792, 0.1576, 0.5981, 0.2558, 0.2000, 0.0922,
        0.5358, 0.4406, 0.2985, 0.1235, 0.1544, 0.1069, 0.2627, 0.1366, 0.0425,
        0.1676, 0.0515, 0.1382, 0.2826, 0.4039, 0.2444, 0.1903, 0.6119, 0.0985,
        0.2075, 0.2176, 0.1284, 0.2313, 0.3952, 0.5809, 0.1800, 0.5538, 0.5813,
        0.2214, 0.1161, 0.2968, 0.1028, 0.0257, 0.1689, 0.2135, 0.2205, 0.1354,
        0.2024, 0.0777, 0.1400, 0.2018, 0.1098, 0.0498, 0.1751, 0.2605, 0.2414,
        0.4392, 0.1291, 0.0411, 0.2263, 0.1694, 0.4157, 0.0656, 0.3770, 0.2281,
        0.0507, 0.0964, 0.1494, 0.1827, 0.1673, 0.1334, 0.1985, 0.2503, 0.2440,
        0.1905, 0.2607, 0.1964, 0.1372, 0.1832, 0.1431, 0.0983, 0.1012, 0.0148,
        0.2510, 0.1569, 0.4717, 0.2494, 0.2401, 0.2964, 0.1415])",0.3095448274671296,"tensor([ 0.3288,  0.3918,  0.2570,  0.2231,  0.0911,  0.5677,  0.5453,  0.4314,
        -0.0120,  0.1580,  0.1477,  0.0902,  0.1862,  0.2219,  0.0608,  0.2807,
         0.3839,  0.0169,  0.0360,  0.4038,  0.3684,  0.1870,  0.2405,  0.2233,
         0.2134,  0.1933,  0.2776,  0.3669,  0.3647,  0.1347,  0.1836,  0.0142,
         0.3063,  0.0679,  0.3074,  0.2704,  0.1727,  0.4755,  0.0488,  0.1611,
         0.1709,  0.3967,  0.0948,  0.2192,  0.1646,  0.1749,  0.0697,  0.2657,
         0.0661,  0.1099,  0.0620,  0.0762,  0.1936,  0.1046,  0.1446,  0.2539,
         0.0845,  0.1213,  0.0338,  0.0823,  0.1935,  0.0834,  0.2045,  0.0929,
         0.3277,  0.2160,  0.0805,  0.2920,  0.4689,  0.1303,  0.1873,  0.1343,
         0.2589,  0.1944,  0.2063,  0.1046,  0.0367, -0.0052,  0.1271,  0.0081,
         0.2887,  0.0119,  0.0015,  0.0986,  0.0836,  0.2119,  0.1649,  0.4936,
         0.1549,  0.0795,  0.2252, -0.0022,  0.1411,  0.0444,  0.0783,  0.1125,
         0.0103,  0.0349,  0.2635,  0.2696,  0.2831,  0.2595,  0.1195,  0.1293,
         0.3703,  0.2699,  0.0946,  0.1857,  0.0875,  0.2630,  0.3143,  0.2652,
         0.4565,  0.5121,  0.0876,  0.3935,  0.3663,  0.1292,  0.0671,  0.5013,
         0.1548,  0.4377,  0.3174,  0.2112,  0.2651,  0.2362,  0.2777,  0.5137,
         0.2019,  0.0667,  0.1594,  0.4117,  0.4655,  0.1053,  0.0694,  0.1365,
         0.0835,  0.0906,  0.0541,  0.1671,  0.0505,  0.1769,  0.0948,  0.1518,
         0.1683,  0.0486,  0.3657,  0.1522,  0.1052,  0.1645,  0.1271,  0.2877,
         0.0575,  0.1867,  0.2152,  0.1911,  0.0865,  0.3562,  0.2567,  0.2804,
         0.1471,  0.0600,  0.0653,  0.0722,  0.5212,  0.4053,  0.3624,  0.3726,
         0.4380,  0.4153,  0.5415,  0.4040,  0.0105,  0.1018,  0.1574,  0.2579,
         0.1382,  0.0643,  0.1151,  0.4520,  0.0662,  0.3254,  0.1341,  0.4251,
         0.0245,  0.1850,  0.3068,  0.0741,  0.1518,  0.2633,  0.1413,  0.3266,
         0.1970,  0.3623,  0.4348,  0.1975,  0.1642, -0.0029,  0.2428,  0.2179,
         0.0092,  0.0041,  0.5368,  0.4419,  0.2702,  0.2227,  0.2006,  0.0408,
         0.0044,  0.0375,  0.2417,  0.0299,  0.1027,  0.5150,  0.1722,  0.2131,
         0.0920,  0.0031,  0.0807,  0.0537,  0.3219,  0.2672,  0.3231,  0.2022,
         0.0843,  0.1968,  0.2582,  0.1095,  0.0474,  0.1206,  0.4773,  0.2489,
         0.1627,  0.0475,  0.4824,  0.3954,  0.2092,  0.1160,  0.1256,  0.0672,
         0.2021,  0.1026,  0.0312,  0.1435,  0.0373,  0.0951,  0.2260,  0.3662,
         0.1922,  0.1535,  0.5999,  0.0631,  0.1822,  0.1753,  0.1112,  0.1884,
         0.3597,  0.5555,  0.1438,  0.4965,  0.5140,  0.2037,  0.0751,  0.2308,
         0.0661,  0.0093,  0.1330,  0.1588,  0.2119,  0.1349,  0.1592,  0.0641,
         0.1070,  0.1830,  0.0733,  0.0379,  0.1698,  0.2053,  0.2216,  0.3944,
         0.1117,  0.0210,  0.1647,  0.1466,  0.3764,  0.0435,  0.3136,  0.2250,
         0.0207,  0.0608,  0.1314,  0.1902,  0.1339,  0.1061,  0.1524,  0.2227,
         0.2075,  0.1473,  0.1827,  0.1806,  0.1153,  0.1547,  0.0945,  0.0700,
         0.0428, -0.0066,  0.2111,  0.1170,  0.3941,  0.2165,  0.2058,  0.2040,
         0.1056])"
31,31,0.3011358002021955,"tensor([0.3460, 0.4703, 0.3032, 0.2733, 0.1310, 0.5796, 0.5468, 0.4347, 0.0137,
        0.2147, 0.1887, 0.1065, 0.2428, 0.2653, 0.0883, 0.3239, 0.4364, 0.0263,
        0.0653, 0.4537, 0.4568, 0.1931, 0.2578, 0.2583, 0.2472, 0.2631, 0.3235,
        0.3979, 0.3645, 0.2075, 0.2716, 0.0304, 0.2981, 0.0899, 0.3778, 0.3139,
        0.1971, 0.5615, 0.0723, 0.2432, 0.2030, 0.4431, 0.1397, 0.2361, 0.2418,
        0.2606, 0.1302, 0.3224, 0.1270, 0.1287, 0.0973, 0.1440, 0.2890, 0.1658,
        0.2352, 0.3353, 0.1701, 0.1611, 0.0609, 0.1032, 0.2233, 0.1316, 0.2982,
        0.1423, 0.3572, 0.2783, 0.0863, 0.3256, 0.5071, 0.1587, 0.2165, 0.1616,
        0.2979, 0.2010, 0.2825, 0.1370, 0.0855, 0.0412, 0.1549, 0.0068, 0.3631,
        0.0237, 0.0388, 0.1572, 0.1232, 0.2722, 0.2084, 0.5830, 0.1743, 0.0953,
        0.3100, 0.0226, 0.2478, 0.0799, 0.1007, 0.1452, 0.0240, 0.0660, 0.3212,
        0.2921, 0.3232, 0.3244, 0.1385, 0.1660, 0.3736, 0.3108, 0.1410, 0.2451,
        0.1189, 0.2719, 0.3163, 0.2985, 0.4962, 0.5520, 0.1591, 0.4244, 0.3717,
        0.1897, 0.1033, 0.5230, 0.2284, 0.4910, 0.3615, 0.2954, 0.3051, 0.3281,
        0.3123, 0.5267, 0.1977, 0.0937, 0.1735, 0.4501, 0.5142, 0.1730, 0.0984,
        0.2175, 0.1745, 0.1228, 0.0505, 0.2057, 0.0915, 0.1910, 0.1150, 0.1811,
        0.2027, 0.0630, 0.4193, 0.2146, 0.1191, 0.2348, 0.1901, 0.3556, 0.1167,
        0.2254, 0.2741, 0.2037, 0.1232, 0.4106, 0.2795, 0.2859, 0.2335, 0.0963,
        0.1076, 0.0870, 0.5781, 0.4163, 0.3887, 0.4211, 0.4845, 0.4565, 0.5749,
        0.4319, 0.0565, 0.1232, 0.2109, 0.2288, 0.1405, 0.1300, 0.1752, 0.4349,
        0.1268, 0.3747, 0.1642, 0.5801, 0.0722, 0.2191, 0.4001, 0.1331, 0.1921,
        0.2730, 0.1590, 0.3759, 0.1947, 0.4611, 0.5281, 0.2726, 0.2398, 0.0214,
        0.3161, 0.2805, 0.0131, 0.0354, 0.5698, 0.5206, 0.3020, 0.2889, 0.2250,
        0.0811, 0.0671, 0.1006, 0.3179, 0.0419, 0.1366, 0.5039, 0.2056, 0.2481,
        0.1447, 0.0267, 0.1053, 0.0840, 0.4437, 0.3971, 0.3812, 0.3052, 0.1183,
        0.1979, 0.2864, 0.1355, 0.0836, 0.1581, 0.6022, 0.2574, 0.2019, 0.0896,
        0.5379, 0.4421, 0.3023, 0.1219, 0.1558, 0.1062, 0.2647, 0.1368, 0.0427,
        0.1696, 0.0497, 0.1397, 0.2852, 0.4055, 0.2467, 0.1984, 0.6129, 0.0992,
        0.2095, 0.2208, 0.1270, 0.2329, 0.3975, 0.5807, 0.1827, 0.5554, 0.5812,
        0.2242, 0.1204, 0.2991, 0.1034, 0.0232, 0.1700, 0.2160, 0.2212, 0.1386,
        0.2037, 0.0732, 0.1465, 0.2034, 0.1119, 0.0472, 0.1802, 0.2622, 0.2417,
        0.4404, 0.1277, 0.0371, 0.2290, 0.1720, 0.4178, 0.0630, 0.3796, 0.2316,
        0.0511, 0.0956, 0.1476, 0.1851, 0.1684, 0.1329, 0.2005, 0.2524, 0.2452,
        0.1980, 0.2644, 0.1968, 0.1368, 0.1847, 0.1447, 0.0972, 0.1008, 0.0157,
        0.2498, 0.1579, 0.4754, 0.2501, 0.2393, 0.3001, 0.1427])",0.309158190165037,"tensor([ 0.3291,  0.3910,  0.2569,  0.2233,  0.0915,  0.5688,  0.5510,  0.4355,
        -0.0048,  0.1579,  0.1514,  0.0911,  0.1860,  0.2231,  0.0609,  0.2794,
         0.3847,  0.0128,  0.0375,  0.4087,  0.3680,  0.1883,  0.2418,  0.2185,
         0.2119,  0.1987,  0.2784,  0.3674,  0.3636,  0.1297,  0.1838,  0.0068,
         0.3064,  0.0673,  0.3066,  0.2701,  0.1721,  0.4781,  0.0537,  0.1622,
         0.1733,  0.3987,  0.0951,  0.2193,  0.1669,  0.1699,  0.0669,  0.2654,
         0.0649,  0.1086,  0.0605,  0.0742,  0.1938,  0.1060,  0.1429,  0.2504,
         0.0875,  0.1181,  0.0154,  0.0931,  0.1951,  0.0851,  0.2087,  0.1025,
         0.3281,  0.2107,  0.0750,  0.2937,  0.4691,  0.1307,  0.1832,  0.1256,
         0.2599,  0.2001,  0.2035,  0.1032,  0.0345, -0.0106,  0.1248, -0.0013,
         0.2918,  0.0109,  0.0042,  0.1015,  0.0781,  0.2122,  0.1661,  0.4959,
         0.1543,  0.0724,  0.2253, -0.0027,  0.1397,  0.0466,  0.0828,  0.1186,
         0.0204,  0.0386,  0.2666,  0.2705,  0.2828,  0.2581,  0.1160,  0.1325,
         0.3747,  0.2734,  0.0909,  0.1889,  0.0851,  0.2622,  0.3114,  0.2669,
         0.4574,  0.5123,  0.0857,  0.3970,  0.3692,  0.1295,  0.0680,  0.5027,
         0.1575,  0.4390,  0.3287,  0.2123,  0.2682,  0.2431,  0.2749,  0.5157,
         0.2002,  0.0660,  0.1580,  0.4126,  0.4636,  0.1048,  0.0684,  0.1353,
         0.0881,  0.0844,  0.0573,  0.1675,  0.0529,  0.1780,  0.0958,  0.1581,
         0.1715,  0.0432,  0.3695,  0.1533,  0.1016,  0.1664,  0.1274,  0.2865,
         0.0563,  0.1836,  0.2127,  0.1945,  0.0868,  0.3615,  0.2502,  0.2805,
         0.1483,  0.0585,  0.0693,  0.0687,  0.5188,  0.4054,  0.3573,  0.3703,
         0.4357,  0.4167,  0.5431,  0.4079,  0.0127,  0.1051,  0.1589,  0.2759,
         0.1288,  0.0694,  0.1141,  0.4536,  0.0662,  0.3289,  0.1359,  0.4267,
         0.0225,  0.1856,  0.3099,  0.0759,  0.1520,  0.2715,  0.1433,  0.3305,
         0.2009,  0.3657,  0.4378,  0.1943,  0.1644,  0.0009,  0.2451,  0.2168,
         0.0042,  0.0167,  0.5391,  0.4433,  0.2731,  0.2215,  0.2009,  0.0351,
         0.0030,  0.0387,  0.2397,  0.0301,  0.1024,  0.5131,  0.1773,  0.2138,
         0.0969,  0.0014,  0.0727,  0.0543,  0.3250,  0.2693,  0.3246,  0.2023,
         0.0854,  0.1940,  0.2658,  0.1110,  0.0421,  0.1220,  0.4795,  0.2505,
         0.1603,  0.0448,  0.4833,  0.3974,  0.2103,  0.1109,  0.1239,  0.0619,
         0.1974,  0.1009,  0.0251,  0.1451,  0.0405,  0.0921,  0.2273,  0.3654,
         0.1934,  0.1562,  0.5984,  0.0639,  0.1825,  0.1746,  0.1122,  0.1876,
         0.3575,  0.5561,  0.1413,  0.4952,  0.5129,  0.2065,  0.0670,  0.2269,
         0.0712,  0.0030,  0.1347,  0.1587,  0.2130,  0.1387,  0.1592,  0.0642,
         0.1062,  0.1813,  0.0763,  0.0491,  0.1711,  0.2057,  0.2250,  0.3956,
         0.1232,  0.0150,  0.1579,  0.1386,  0.3763,  0.0469,  0.3132,  0.2289,
         0.0256,  0.0602,  0.1303,  0.1932,  0.1354,  0.1087,  0.1506,  0.2276,
         0.2075,  0.1555,  0.1806,  0.1794,  0.1164,  0.1571,  0.1003,  0.0669,
         0.0496,  0.0075,  0.2136,  0.1143,  0.3955,  0.2148,  0.1997,  0.1998,
         0.1075])"
32,32,0.30061681333341095,"tensor([0.3459, 0.4731, 0.3048, 0.2741, 0.1305, 0.5810, 0.5489, 0.4373, 0.0143,
        0.2180, 0.1886, 0.1098, 0.2424, 0.2677, 0.0915, 0.3259, 0.4387, 0.0221,
        0.0629, 0.4547, 0.4597, 0.1940, 0.2595, 0.2631, 0.2499, 0.2632, 0.3262,
        0.4007, 0.3645, 0.2086, 0.2742, 0.0348, 0.2969, 0.0977, 0.3811, 0.3147,
        0.1987, 0.5650, 0.0715, 0.2460, 0.2033, 0.4457, 0.1424, 0.2356, 0.2452,
        0.2650, 0.1273, 0.3286, 0.1297, 0.1280, 0.1007, 0.1438, 0.2935, 0.1680,
        0.2394, 0.3379, 0.1721, 0.1622, 0.0628, 0.1025, 0.2247, 0.1324, 0.3018,
        0.1449, 0.3599, 0.2820, 0.0879, 0.3278, 0.5070, 0.1618, 0.2192, 0.1651,
        0.2988, 0.2022, 0.2871, 0.1444, 0.0821, 0.0375, 0.1548, 0.0086, 0.3671,
        0.0250, 0.0415, 0.1592, 0.1185, 0.2748, 0.2079, 0.5888, 0.1743, 0.0968,
        0.3130, 0.0230, 0.2494, 0.0763, 0.1026, 0.1457, 0.0195, 0.0673, 0.3232,
        0.2930, 0.3273, 0.3269, 0.1365, 0.1649, 0.3775, 0.3135, 0.1406, 0.2467,
        0.1178, 0.2752, 0.3202, 0.2993, 0.4983, 0.5535, 0.1595, 0.4306, 0.3726,
        0.1896, 0.1067, 0.5235, 0.2315, 0.4957, 0.3663, 0.2982, 0.3085, 0.3329,
        0.3141, 0.5298, 0.1965, 0.0939, 0.1739, 0.4522, 0.5158, 0.1747, 0.0994,
        0.2194, 0.1806, 0.1210, 0.0496, 0.2114, 0.0895, 0.1932, 0.1130, 0.1842,
        0.2045, 0.0640, 0.4229, 0.2170, 0.1180, 0.2392, 0.1959, 0.3567, 0.1189,
        0.2281, 0.2757, 0.2010, 0.1242, 0.4133, 0.2807, 0.2874, 0.2389, 0.0969,
        0.1102, 0.0836, 0.5813, 0.4172, 0.3888, 0.4218, 0.4855, 0.4594, 0.5773,
        0.4334, 0.0610, 0.1241, 0.2126, 0.2394, 0.1431, 0.1367, 0.1781, 0.4382,
        0.1302, 0.3781, 0.1643, 0.5863, 0.0716, 0.2188, 0.4059, 0.1337, 0.1946,
        0.2750, 0.1599, 0.3783, 0.1945, 0.4624, 0.5330, 0.2750, 0.2398, 0.0165,
        0.3187, 0.2838, 0.0184, 0.0443, 0.5710, 0.5235, 0.3053, 0.2928, 0.2259,
        0.0829, 0.0681, 0.0985, 0.3206, 0.0445, 0.1358, 0.5089, 0.2060, 0.2488,
        0.1450, 0.0316, 0.1034, 0.0848, 0.4484, 0.4012, 0.3837, 0.3074, 0.1163,
        0.1970, 0.2971, 0.1346, 0.0867, 0.1609, 0.6076, 0.2598, 0.2040, 0.0944,
        0.5391, 0.4443, 0.3059, 0.1238, 0.1570, 0.1075, 0.2699, 0.1377, 0.0398,
        0.1711, 0.0569, 0.1401, 0.2873, 0.4063, 0.2503, 0.1991, 0.6136, 0.1031,
        0.2068, 0.2224, 0.1335, 0.2331, 0.3977, 0.5837, 0.1846, 0.5580, 0.5854,
        0.2249, 0.1229, 0.3003, 0.1034, 0.0226, 0.1685, 0.2198, 0.2228, 0.1394,
        0.2084, 0.0771, 0.1473, 0.2030, 0.1116, 0.0479, 0.1809, 0.2670, 0.2481,
        0.4425, 0.1345, 0.0336, 0.2314, 0.1717, 0.4184, 0.0712, 0.3804, 0.2319,
        0.0514, 0.0981, 0.1534, 0.1784, 0.1701, 0.1408, 0.2035, 0.2536, 0.2480,
        0.1949, 0.2679, 0.1989, 0.1387, 0.1877, 0.1460, 0.1024, 0.1041, 0.0112,
        0.2530, 0.1610, 0.4794, 0.2523, 0.2414, 0.3053, 0.1439])",0.30930425429049835,"tensor([ 0.3317,  0.3906,  0.2570,  0.2235,  0.0876,  0.5677,  0.5490,  0.4340,
        -0.0044,  0.1560,  0.1496,  0.0924,  0.1892,  0.2282,  0.0631,  0.2804,
         0.3855,  0.0196,  0.0322,  0.4064,  0.3699,  0.1871,  0.2412,  0.2260,
         0.2105,  0.1974,  0.2791,  0.3722,  0.3673,  0.1338,  0.1810,  0.0141,
         0.3076,  0.0651,  0.3067,  0.2680,  0.1702,  0.4750,  0.0565,  0.1596,
         0.1769,  0.3982,  0.0929,  0.2205,  0.1652,  0.1730,  0.0698,  0.2700,
         0.0693,  0.1072,  0.0590,  0.0898,  0.1962,  0.1063,  0.1428,  0.2535,
         0.0835,  0.1145,  0.0181,  0.0862,  0.1954,  0.0889,  0.2067,  0.0966,
         0.3296,  0.2124,  0.0758,  0.2951,  0.4692,  0.1297,  0.1860,  0.1315,
         0.2570,  0.1988,  0.2083,  0.1186,  0.0373, -0.0068,  0.1282, -0.0029,
         0.2924,  0.0140,  0.0043,  0.1011,  0.0824,  0.2129,  0.1576,  0.4910,
         0.1509,  0.0799,  0.2246, -0.0048,  0.1441,  0.0421,  0.0919,  0.1169,
         0.0198,  0.0386,  0.2657,  0.2722,  0.2835,  0.2546,  0.1173,  0.1336,
         0.3715,  0.2712,  0.0907,  0.1860,  0.0843,  0.2652,  0.3187,  0.2660,
         0.4600,  0.5118,  0.0869,  0.3958,  0.3693,  0.1308,  0.0749,  0.5042,
         0.1588,  0.4342,  0.3239,  0.2080,  0.2668,  0.2437,  0.2761,  0.5165,
         0.2062,  0.0610,  0.1569,  0.4126,  0.4643,  0.1084,  0.0721,  0.1323,
         0.0870,  0.0920,  0.0504,  0.1693,  0.0543,  0.1767,  0.0948,  0.1593,
         0.1651,  0.0479,  0.3712,  0.1524,  0.1042,  0.1659,  0.1277,  0.2875,
         0.0632,  0.1859,  0.2130,  0.1939,  0.0884,  0.3616,  0.2582,  0.2852,
         0.1494,  0.0569,  0.0729,  0.0716,  0.5206,  0.4055,  0.3678,  0.3713,
         0.4305,  0.4174,  0.5436,  0.4092,  0.0128,  0.0993,  0.1577,  0.2650,
         0.1385,  0.0759,  0.1177,  0.4517,  0.0690,  0.3296,  0.1332,  0.4203,
         0.0229,  0.1895,  0.3129,  0.0761,  0.1529,  0.2729,  0.1436,  0.3311,
         0.2009,  0.3693,  0.4377,  0.2021,  0.1608,  0.0067,  0.2447,  0.2191,
        -0.0036,  0.0211,  0.5340,  0.4400,  0.2742,  0.2187,  0.1966,  0.0357,
         0.0083,  0.0397,  0.2353,  0.0321,  0.1071,  0.5183,  0.1758,  0.2155,
         0.0937,  0.0082,  0.0648,  0.0544,  0.3213,  0.2716,  0.3261,  0.2045,
         0.0819,  0.1976,  0.2747,  0.1104,  0.0477,  0.1225,  0.4776,  0.2523,
         0.1568,  0.0473,  0.4818,  0.3970,  0.2108,  0.1148,  0.1231,  0.0635,
         0.2030,  0.1030,  0.0333,  0.1440,  0.0372,  0.0967,  0.2272,  0.3655,
         0.1924,  0.1670,  0.6003,  0.0496,  0.1857,  0.1734,  0.1117,  0.1869,
         0.3593,  0.5563,  0.1419,  0.4968,  0.5118,  0.2065,  0.0737,  0.2272,
         0.0693,  0.0114,  0.1335,  0.1611,  0.2133,  0.1347,  0.1587,  0.0650,
         0.1088,  0.1833,  0.0762,  0.0443,  0.1689,  0.2061,  0.2249,  0.3963,
         0.1218,  0.0152,  0.1637,  0.1434,  0.3781,  0.0441,  0.3133,  0.2259,
         0.0236,  0.0568,  0.1357,  0.1891,  0.1345,  0.1079,  0.1480,  0.2239,
         0.2117,  0.1556,  0.1825,  0.1812,  0.1148,  0.1536,  0.0962,  0.0742,
         0.0427,  0.0028,  0.2117,  0.1170,  0.3952,  0.2185,  0.2059,  0.2019,
         0.1048])"
33,33,0.3000833219603488,"tensor([0.3505, 0.4773, 0.3059, 0.2760, 0.1328, 0.5831, 0.5489, 0.4379, 0.0175,
        0.2208, 0.1881, 0.1115, 0.2441, 0.2714, 0.0932, 0.3310, 0.4406, 0.0280,
        0.0647, 0.4558, 0.4630, 0.1963, 0.2623, 0.2678, 0.2488, 0.2639, 0.3283,
        0.4044, 0.3676, 0.2109, 0.2764, 0.0349, 0.3002, 0.0971, 0.3836, 0.3212,
        0.1987, 0.5681, 0.0753, 0.2504, 0.2045, 0.4484, 0.1433, 0.2382, 0.2507,
        0.2698, 0.1322, 0.3341, 0.1310, 0.1288, 0.0943, 0.1499, 0.2988, 0.1709,
        0.2429, 0.3415, 0.1754, 0.1622, 0.0668, 0.1031, 0.2246, 0.1367, 0.3035,
        0.1468, 0.3607, 0.2847, 0.0891, 0.3301, 0.5091, 0.1618, 0.2209, 0.1669,
        0.2991, 0.2020, 0.2921, 0.1572, 0.0868, 0.0447, 0.1615, 0.0108, 0.3706,
        0.0230, 0.0397, 0.1607, 0.1251, 0.2772, 0.2089, 0.5913, 0.1758, 0.0931,
        0.3164, 0.0268, 0.2539, 0.0800, 0.1025, 0.1471, 0.0201, 0.0663, 0.3249,
        0.2943, 0.3283, 0.3287, 0.1372, 0.1663, 0.3830, 0.3158, 0.1452, 0.2497,
        0.1209, 0.2774, 0.3197, 0.3008, 0.5006, 0.5553, 0.1611, 0.4317, 0.3748,
        0.1944, 0.1084, 0.5255, 0.2337, 0.4993, 0.3720, 0.3009, 0.3106, 0.3356,
        0.3158, 0.5303, 0.2011, 0.0941, 0.1749, 0.4546, 0.5178, 0.1791, 0.1064,
        0.2230, 0.1829, 0.1243, 0.0507, 0.2114, 0.0922, 0.1932, 0.1141, 0.1861,
        0.2067, 0.0598, 0.4244, 0.2215, 0.1195, 0.2413, 0.1974, 0.3608, 0.1190,
        0.2320, 0.2794, 0.2064, 0.1240, 0.4161, 0.2851, 0.2872, 0.2390, 0.0993,
        0.1097, 0.0834, 0.5826, 0.4195, 0.3912, 0.4236, 0.4874, 0.4599, 0.5786,
        0.4359, 0.0589, 0.1270, 0.2140, 0.2361, 0.1469, 0.1389, 0.1738, 0.4384,
        0.1308, 0.3793, 0.1659, 0.5921, 0.0759, 0.2227, 0.4087, 0.1358, 0.1954,
        0.2770, 0.1613, 0.3804, 0.1975, 0.4604, 0.5362, 0.2796, 0.2439, 0.0205,
        0.3227, 0.2847, 0.0232, 0.0425, 0.5747, 0.5274, 0.3060, 0.2955, 0.2266,
        0.0833, 0.0753, 0.1025, 0.3262, 0.0467, 0.1359, 0.5082, 0.2074, 0.2501,
        0.1486, 0.0307, 0.1042, 0.0868, 0.4541, 0.4075, 0.3872, 0.3135, 0.1198,
        0.2063, 0.3059, 0.1367, 0.0846, 0.1626, 0.6121, 0.2605, 0.2044, 0.0946,
        0.5428, 0.4467, 0.3118, 0.1273, 0.1580, 0.1097, 0.2712, 0.1428, 0.0438,
        0.1723, 0.0559, 0.1420, 0.2903, 0.4083, 0.2541, 0.2044, 0.6159, 0.1033,
        0.2076, 0.2233, 0.1336, 0.2347, 0.4010, 0.5843, 0.1868, 0.5594, 0.5874,
        0.2266, 0.1202, 0.3021, 0.1074, 0.0255, 0.1727, 0.2222, 0.2221, 0.1367,
        0.2085, 0.0701, 0.1479, 0.2054, 0.1116, 0.0531, 0.1824, 0.2691, 0.2491,
        0.4441, 0.1298, 0.0401, 0.2343, 0.1750, 0.4226, 0.0715, 0.3821, 0.2350,
        0.0536, 0.1012, 0.1525, 0.1831, 0.1704, 0.1431, 0.2040, 0.2551, 0.2501,
        0.1926, 0.2701, 0.1974, 0.1406, 0.1880, 0.1485, 0.1008, 0.1071, 0.0185,
        0.2553, 0.1637, 0.4851, 0.2525, 0.2432, 0.3088, 0.1440])",0.30956663062543044,"tensor([ 3.3095e-01,  3.9304e-01,  2.5717e-01,  2.2588e-01,  8.8117e-02,
         5.6818e-01,  5.4950e-01,  4.3392e-01, -1.9978e-02,  1.5633e-01,
         1.5195e-01,  8.1697e-02,  1.7728e-01,  2.2595e-01,  6.3534e-02,
         2.7878e-01,  3.8675e-01,  1.7740e-02,  3.3574e-02,  4.0855e-01,
         3.6702e-01,  1.8939e-01,  2.3863e-01,  2.2498e-01,  2.1112e-01,
         1.9767e-01,  2.7922e-01,  3.7190e-01,  3.6932e-01,  1.2803e-01,
         1.7506e-01,  7.6164e-03,  3.0247e-01,  7.0659e-02,  3.0718e-01,
         2.6860e-01,  1.7190e-01,  4.7389e-01,  5.7277e-02,  1.6273e-01,
         1.6878e-01,  3.9701e-01,  9.2416e-02,  2.1912e-01,  1.6744e-01,
         1.6398e-01,  7.2797e-02,  2.6615e-01,  6.4338e-02,  1.0733e-01,
         5.7705e-02,  9.0176e-02,  1.8886e-01,  1.0841e-01,  1.3878e-01,
         2.4972e-01,  8.5362e-02,  1.1600e-01,  2.8185e-02,  9.1571e-02,
         1.9461e-01,  8.6008e-02,  2.0304e-01,  1.0243e-01,  3.2838e-01,
         2.0606e-01,  7.9599e-02,  2.9245e-01,  4.6867e-01,  1.2227e-01,
         1.8712e-01,  1.3347e-01,  2.6110e-01,  1.9141e-01,  2.0300e-01,
         1.1628e-01,  3.5954e-02, -2.4226e-03,  1.3209e-01,  5.8888e-03,
         2.9036e-01,  8.1117e-03,  5.4944e-03,  9.9523e-02,  8.1935e-02,
         2.1162e-01,  1.6497e-01,  4.9187e-01,  1.5189e-01,  6.5850e-02,
         2.2137e-01, -1.2194e-03,  1.3871e-01,  4.4234e-02,  8.7062e-02,
         1.1675e-01,  1.2624e-02,  3.7634e-02,  2.6821e-01,  2.6964e-01,
         2.8037e-01,  2.5603e-01,  1.2081e-01,  1.3048e-01,  3.7932e-01,
         2.7394e-01,  9.2404e-02,  1.8950e-01,  8.3731e-02,  2.6722e-01,
         3.0500e-01,  2.6511e-01,  4.5796e-01,  5.1090e-01,  8.8031e-02,
         3.9096e-01,  3.7033e-01,  1.3037e-01,  7.0866e-02,  5.0404e-01,
         1.5716e-01,  4.3545e-01,  3.2401e-01,  2.0715e-01,  2.6880e-01,
         2.3990e-01,  2.7449e-01,  5.1460e-01,  2.0255e-01,  6.5506e-02,
         1.5790e-01,  4.1292e-01,  4.6253e-01,  1.0793e-01,  7.7350e-02,
         1.3243e-01,  8.6967e-02,  9.2345e-02,  3.6589e-02,  1.6660e-01,
         5.2197e-02,  1.7776e-01,  9.4170e-02,  1.5584e-01,  1.6994e-01,
         4.8707e-02,  3.6908e-01,  1.5027e-01,  1.0497e-01,  1.6270e-01,
         1.2645e-01,  2.8497e-01,  5.4497e-02,  1.8611e-01,  2.0992e-01,
         1.8452e-01,  8.9342e-02,  3.5827e-01,  2.5432e-01,  2.7922e-01,
         1.4778e-01,  6.1075e-02,  5.8554e-02,  6.9285e-02,  5.1980e-01,
         4.0166e-01,  3.6140e-01,  3.7340e-01,  4.3542e-01,  4.1762e-01,
         5.4169e-01,  4.0749e-01,  1.3280e-02,  1.0157e-01,  1.5678e-01,
         2.7445e-01,  1.3930e-01,  7.0704e-02,  1.1724e-01,  4.5404e-01,
         7.1771e-02,  3.2785e-01,  1.3848e-01,  4.1840e-01,  2.3329e-02,
         1.8831e-01,  3.0785e-01,  7.4128e-02,  1.5159e-01,  2.7144e-01,
         1.3970e-01,  3.2942e-01,  2.0190e-01,  3.7483e-01,  4.3627e-01,
         1.9350e-01,  1.6417e-01,  1.3894e-03,  2.4300e-01,  2.1888e-01,
         1.5008e-04,  2.2215e-02,  5.3886e-01,  4.4195e-01,  2.7302e-01,
         2.1843e-01,  1.9786e-01,  3.6070e-02,  1.4396e-02,  4.7776e-02,
         2.4340e-01,  2.7824e-02,  1.0611e-01,  5.1994e-01,  1.7809e-01,
         2.1671e-01,  9.9481e-02,  2.3295e-03,  7.5087e-02,  5.4803e-02,
         3.1737e-01,  2.6778e-01,  3.2378e-01,  1.9651e-01,  8.4911e-02,
         2.0406e-01,  2.7694e-01,  1.0861e-01,  5.3395e-02,  1.2209e-01,
         4.7502e-01,  2.5223e-01,  1.5663e-01,  4.5665e-02,  4.8137e-01,
         3.9696e-01,  2.0873e-01,  1.1580e-01,  1.2416e-01,  6.6765e-02,
         1.9467e-01,  1.0263e-01,  3.2213e-02,  1.4635e-01,  3.4622e-02,
         9.7046e-02,  2.2615e-01,  3.6569e-01,  1.8585e-01,  1.6974e-01,
         6.0051e-01,  6.3616e-02,  1.8405e-01,  1.7514e-01,  1.0837e-01,
         1.8489e-01,  3.6068e-01,  5.5520e-01,  1.4220e-01,  4.9712e-01,
         5.1061e-01,  2.0644e-01,  7.3286e-02,  2.3353e-01,  6.5763e-02,
         9.7261e-03,  1.3191e-01,  1.6136e-01,  2.1468e-01,  1.3306e-01,
         1.6369e-01,  6.2164e-02,  1.1138e-01,  1.8454e-01,  7.7454e-02,
         5.5113e-02,  1.6913e-01,  2.0388e-01,  2.2238e-01,  3.9842e-01,
         1.1611e-01,  2.0722e-02,  1.6193e-01,  1.4372e-01,  3.7683e-01,
         3.9994e-02,  3.1129e-01,  2.3046e-01,  2.3116e-02,  6.1577e-02,
         1.3119e-01,  1.8929e-01,  1.3373e-01,  1.0479e-01,  1.4741e-01,
         2.2166e-01,  2.0764e-01,  1.5485e-01,  1.8122e-01,  1.8243e-01,
         1.1554e-01,  1.5596e-01,  9.5709e-02,  7.7363e-02,  4.3199e-02,
        -1.0959e-03,  2.1459e-01,  1.1629e-01,  3.8954e-01,  2.1587e-01,
         2.0370e-01,  1.9853e-01,  1.0321e-01])"
34,34,0.29969249172107354,"tensor([0.3511, 0.4792, 0.3091, 0.2781, 0.1360, 0.5833, 0.5515, 0.4389, 0.0153,
        0.2257, 0.1903, 0.1091, 0.2455, 0.2714, 0.0935, 0.3325, 0.4438, 0.0290,
        0.0644, 0.4559, 0.4669, 0.1967, 0.2608, 0.2704, 0.2503, 0.2606, 0.3299,
        0.4077, 0.3681, 0.2143, 0.2814, 0.0376, 0.3010, 0.1005, 0.3858, 0.3209,
        0.2008, 0.5720, 0.0794, 0.2548, 0.2072, 0.4500, 0.1447, 0.2393, 0.2531,
        0.2752, 0.1285, 0.3387, 0.1331, 0.1275, 0.0964, 0.1503, 0.3019, 0.1728,
        0.2445, 0.3455, 0.1751, 0.1647, 0.0672, 0.1086, 0.2250, 0.1393, 0.3083,
        0.1468, 0.3636, 0.2884, 0.0923, 0.3327, 0.5096, 0.1652, 0.2210, 0.1738,
        0.2980, 0.2028, 0.2992, 0.1670, 0.0848, 0.0453, 0.1644, 0.0132, 0.3727,
        0.0231, 0.0413, 0.1637, 0.1284, 0.2787, 0.2105, 0.5950, 0.1760, 0.0997,
        0.3199, 0.0263, 0.2588, 0.0800, 0.1066, 0.1492, 0.0241, 0.0718, 0.3253,
        0.2950, 0.3298, 0.3308, 0.1395, 0.1661, 0.3867, 0.3186, 0.1524, 0.2520,
        0.1182, 0.2787, 0.3155, 0.3025, 0.5010, 0.5571, 0.1634, 0.4331, 0.3748,
        0.1946, 0.1119, 0.5262, 0.2336, 0.5013, 0.3750, 0.3052, 0.3110, 0.3388,
        0.3168, 0.5317, 0.2015, 0.0981, 0.1753, 0.4549, 0.5176, 0.1796, 0.0995,
        0.2244, 0.1862, 0.1248, 0.0550, 0.2137, 0.0942, 0.1945, 0.1149, 0.1851,
        0.2102, 0.0689, 0.4267, 0.2221, 0.1222, 0.2422, 0.1990, 0.3643, 0.1268,
        0.2321, 0.2811, 0.2049, 0.1245, 0.4179, 0.2845, 0.2882, 0.2448, 0.1007,
        0.1084, 0.0872, 0.5849, 0.4210, 0.3912, 0.4194, 0.4884, 0.4608, 0.5798,
        0.4357, 0.0639, 0.1278, 0.2151, 0.2355, 0.1460, 0.1398, 0.1771, 0.4382,
        0.1331, 0.3807, 0.1668, 0.5977, 0.0777, 0.2248, 0.4117, 0.1382, 0.1971,
        0.2780, 0.1651, 0.3813, 0.1990, 0.4690, 0.5399, 0.2828, 0.2450, 0.0151,
        0.3269, 0.2889, 0.0211, 0.0487, 0.5763, 0.5287, 0.3070, 0.2956, 0.2283,
        0.0826, 0.0686, 0.1070, 0.3292, 0.0525, 0.1371, 0.5085, 0.2072, 0.2510,
        0.1448, 0.0326, 0.1098, 0.0873, 0.4568, 0.4130, 0.3880, 0.3162, 0.1199,
        0.2026, 0.2980, 0.1395, 0.0881, 0.1644, 0.6172, 0.2596, 0.2071, 0.0996,
        0.5443, 0.4480, 0.3151, 0.1285, 0.1587, 0.1088, 0.2751, 0.1432, 0.0463,
        0.1720, 0.0577, 0.1427, 0.2916, 0.4087, 0.2551, 0.2077, 0.6168, 0.0998,
        0.2106, 0.2252, 0.1355, 0.2354, 0.4009, 0.5857, 0.1880, 0.5596, 0.5892,
        0.2257, 0.1281, 0.3067, 0.1095, 0.0287, 0.1733, 0.2238, 0.2242, 0.1412,
        0.2103, 0.0841, 0.1466, 0.2063, 0.1142, 0.0513, 0.1824, 0.2700, 0.2514,
        0.4460, 0.1344, 0.0448, 0.2371, 0.1773, 0.4246, 0.0732, 0.3836, 0.2337,
        0.0568, 0.0999, 0.1552, 0.1854, 0.1726, 0.1424, 0.2070, 0.2536, 0.2513,
        0.1981, 0.2735, 0.1993, 0.1406, 0.1893, 0.1500, 0.1048, 0.1049, 0.0137,
        0.2558, 0.1636, 0.4871, 0.2542, 0.2434, 0.3121, 0.1453])",0.3100160069671678,"tensor([ 0.3291,  0.3880,  0.2551,  0.2231,  0.0868,  0.5673,  0.5434,  0.4339,
        -0.0101,  0.1566,  0.1483,  0.0920,  0.1892,  0.2282,  0.0656,  0.2785,
         0.3855,  0.0131,  0.0449,  0.4058,  0.3646,  0.1858,  0.2390,  0.2233,
         0.2127,  0.1927,  0.2784,  0.3682,  0.3713,  0.1324,  0.1791,  0.0154,
         0.3035,  0.0661,  0.3089,  0.2748,  0.1729,  0.4686,  0.0411,  0.1582,
         0.1770,  0.3967,  0.0977,  0.2194,  0.1698,  0.1716,  0.0706,  0.2637,
         0.0653,  0.1086,  0.0587,  0.0859,  0.1901,  0.1031,  0.1411,  0.2486,
         0.0812,  0.1203,  0.0274,  0.0817,  0.1900,  0.0845,  0.2041,  0.0985,
         0.3263,  0.2129,  0.0762,  0.2920,  0.4694,  0.1211,  0.1820,  0.1364,
         0.2587,  0.1908,  0.2059,  0.1218,  0.0349, -0.0032,  0.1313,  0.0103,
         0.2859, -0.0031,  0.0093,  0.0969,  0.0936,  0.2097,  0.1585,  0.4894,
         0.1540,  0.0846,  0.2193, -0.0041,  0.1383,  0.0455,  0.0837,  0.1157,
         0.0178,  0.0375,  0.2646,  0.2699,  0.2819,  0.2551,  0.1208,  0.1309,
         0.3823,  0.2722,  0.0885,  0.1853,  0.0870,  0.2652,  0.3123,  0.2638,
         0.4551,  0.5126,  0.0836,  0.3974,  0.3690,  0.1247,  0.0705,  0.5033,
         0.1556,  0.4339,  0.3228,  0.2041,  0.2697,  0.2369,  0.2777,  0.5149,
         0.2064,  0.0663,  0.1553,  0.4123,  0.4625,  0.1084,  0.0659,  0.1278,
         0.0881,  0.0949,  0.0441,  0.1668,  0.0553,  0.1744,  0.0952,  0.1589,
         0.1691,  0.0537,  0.3673,  0.1503,  0.1016,  0.1622,  0.1258,  0.2818,
         0.0600,  0.1855,  0.2113,  0.1916,  0.0865,  0.3541,  0.2515,  0.2831,
         0.1438,  0.0576,  0.0592,  0.0680,  0.5214,  0.4040,  0.3650,  0.3767,
         0.4362,  0.4179,  0.5403,  0.4072,  0.0146,  0.1031,  0.1577,  0.2597,
         0.1289,  0.0749,  0.1171,  0.4524,  0.0700,  0.3257,  0.1401,  0.4185,
         0.0247,  0.1844,  0.3074,  0.0696,  0.1511,  0.2661,  0.1414,  0.3268,
         0.1965,  0.3775,  0.4311,  0.1967,  0.1656, -0.0048,  0.2382,  0.2159,
         0.0067,  0.0199,  0.5350,  0.4424,  0.2712,  0.2150,  0.1948,  0.0369,
         0.0132,  0.0428,  0.2400,  0.0281,  0.1018,  0.5115,  0.1726,  0.2129,
         0.0937,  0.0032,  0.0745,  0.0515,  0.3184,  0.2677,  0.3208,  0.1973,
         0.0848,  0.2052,  0.2770,  0.1089,  0.0487,  0.1206,  0.4731,  0.2471,
         0.1588,  0.0501,  0.4790,  0.3950,  0.2056,  0.1164,  0.1210,  0.0695,
         0.1974,  0.1066,  0.0319,  0.1463,  0.0260,  0.0946,  0.2256,  0.3679,
         0.1885,  0.1690,  0.6007,  0.0667,  0.1856,  0.1744,  0.1090,  0.1844,
         0.3600,  0.5532,  0.1399,  0.4952,  0.5089,  0.2061,  0.0744,  0.2319,
         0.0705,  0.0112,  0.1329,  0.1579,  0.2110,  0.1356,  0.1583,  0.0666,
         0.1060,  0.1819,  0.0767,  0.0486,  0.1741,  0.2002,  0.2232,  0.3957,
         0.1182,  0.0237,  0.1613,  0.1435,  0.3736,  0.0504,  0.3091,  0.2250,
         0.0208,  0.0599,  0.1345,  0.1905,  0.1317,  0.1104,  0.1478,  0.2254,
         0.2058,  0.1586,  0.1768,  0.1790,  0.1153,  0.1573,  0.0989,  0.0764,
         0.0509, -0.0041,  0.2109,  0.1152,  0.3932,  0.2132,  0.2006,  0.1949,
         0.1045])"
35,35,0.2991004109198095,"tensor([0.3534, 0.4821, 0.3107, 0.2790, 0.1376, 0.5852, 0.5522, 0.4397, 0.0103,
        0.2284, 0.1921, 0.1113, 0.2476, 0.2739, 0.0945, 0.3350, 0.4458, 0.0271,
        0.0663, 0.4583, 0.4720, 0.1956, 0.2611, 0.2712, 0.2504, 0.2641, 0.3325,
        0.4112, 0.3716, 0.2172, 0.2832, 0.0395, 0.3071, 0.0991, 0.3884, 0.3235,
        0.2014, 0.5780, 0.0814, 0.2563, 0.2134, 0.4521, 0.1444, 0.2388, 0.2550,
        0.2782, 0.1317, 0.3408, 0.1362, 0.1306, 0.0993, 0.1532, 0.3068, 0.1753,
        0.2492, 0.3485, 0.1812, 0.1662, 0.0655, 0.1073, 0.2275, 0.1414, 0.3117,
        0.1535, 0.3646, 0.2925, 0.0909, 0.3327, 0.5101, 0.1619, 0.2241, 0.1744,
        0.3017, 0.2003, 0.3050, 0.1780, 0.0886, 0.0432, 0.1674, 0.0097, 0.3773,
        0.0244, 0.0425, 0.1701, 0.1358, 0.2817, 0.2156, 0.6002, 0.1781, 0.0995,
        0.3243, 0.0273, 0.2613, 0.0810, 0.1048, 0.1516, 0.0240, 0.0703, 0.3293,
        0.2960, 0.3322, 0.3328, 0.1427, 0.1695, 0.3891, 0.3184, 0.1544, 0.2550,
        0.1207, 0.2804, 0.3223, 0.3039, 0.5031, 0.5585, 0.1673, 0.4359, 0.3761,
        0.1986, 0.1116, 0.5272, 0.2374, 0.5058, 0.3748, 0.3088, 0.3138, 0.3414,
        0.3201, 0.5336, 0.2024, 0.1002, 0.1780, 0.4569, 0.5179, 0.1859, 0.1056,
        0.2260, 0.1898, 0.1308, 0.0534, 0.2150, 0.0967, 0.1955, 0.1181, 0.1890,
        0.2100, 0.0712, 0.4291, 0.2256, 0.1213, 0.2446, 0.2011, 0.3682, 0.1290,
        0.2368, 0.2853, 0.2037, 0.1263, 0.4188, 0.2864, 0.2897, 0.2473, 0.0997,
        0.1137, 0.0879, 0.5884, 0.4220, 0.3913, 0.4249, 0.4917, 0.4630, 0.5814,
        0.4375, 0.0620, 0.1309, 0.2172, 0.2279, 0.1490, 0.1439, 0.1780, 0.4394,
        0.1365, 0.3837, 0.1715, 0.6037, 0.0813, 0.2254, 0.4147, 0.1410, 0.1991,
        0.2773, 0.1654, 0.3845, 0.2009, 0.4707, 0.5438, 0.2850, 0.2464, 0.0164,
        0.3317, 0.2868, 0.0190, 0.0445, 0.5795, 0.5313, 0.3076, 0.2971, 0.2299,
        0.0859, 0.0714, 0.1086, 0.3312, 0.0494, 0.1377, 0.5121, 0.2100, 0.2534,
        0.1514, 0.0324, 0.1131, 0.0851, 0.4629, 0.4180, 0.3914, 0.3215, 0.1203,
        0.2074, 0.3078, 0.1409, 0.0901, 0.1660, 0.6218, 0.2597, 0.2082, 0.0959,
        0.5460, 0.4490, 0.3195, 0.1272, 0.1620, 0.1119, 0.2792, 0.1423, 0.0465,
        0.1747, 0.0564, 0.1421, 0.2945, 0.4097, 0.2593, 0.2125, 0.6182, 0.1054,
        0.2114, 0.2289, 0.1350, 0.2387, 0.4020, 0.5870, 0.1891, 0.5615, 0.5916,
        0.2276, 0.1304, 0.3090, 0.1076, 0.0238, 0.1759, 0.2270, 0.2260, 0.1458,
        0.2092, 0.0800, 0.1527, 0.2068, 0.1139, 0.0497, 0.1779, 0.2724, 0.2518,
        0.4477, 0.1304, 0.0435, 0.2368, 0.1789, 0.4259, 0.0707, 0.3857, 0.2353,
        0.0539, 0.1012, 0.1544, 0.1860, 0.1728, 0.1434, 0.2096, 0.2583, 0.2529,
        0.2000, 0.2779, 0.2036, 0.1413, 0.1914, 0.1502, 0.1004, 0.1102, 0.0129,
        0.2567, 0.1662, 0.4934, 0.2566, 0.2428, 0.3158, 0.1479])",0.31011120993414043,"tensor([ 0.3324,  0.3873,  0.2569,  0.2221,  0.0872,  0.5654,  0.5500,  0.4382,
        -0.0196,  0.1547,  0.1478,  0.0907,  0.1900,  0.2258,  0.0587,  0.2769,
         0.3862,  0.0157,  0.0404,  0.4044,  0.3638,  0.1895,  0.2434,  0.2213,
         0.2056,  0.1992,  0.2764,  0.3692,  0.3701,  0.1326,  0.1750,  0.0155,
         0.3044,  0.0655,  0.3042,  0.2715,  0.1726,  0.4668,  0.0464,  0.1574,
         0.1772,  0.3960,  0.0894,  0.2214,  0.1680,  0.1674,  0.0681,  0.2664,
         0.0585,  0.1065,  0.0607,  0.0857,  0.1913,  0.1017,  0.1334,  0.2463,
         0.0860,  0.1160,  0.0128,  0.0816,  0.1960,  0.0866,  0.2047,  0.0984,
         0.3299,  0.2109,  0.0735,  0.2947,  0.4686,  0.1294,  0.1860,  0.1407,
         0.2601,  0.1927,  0.2023,  0.1273,  0.0306, -0.0101,  0.1359, -0.0033,
         0.2847, -0.0045,  0.0070,  0.0974,  0.0890,  0.2088,  0.1658,  0.4866,
         0.1523,  0.0611,  0.2175, -0.0029,  0.1348,  0.0379,  0.0895,  0.1189,
         0.0171,  0.0392,  0.2602,  0.2717,  0.2809,  0.2561,  0.1183,  0.1307,
         0.3816,  0.2692,  0.0932,  0.1839,  0.0861,  0.2692,  0.3112,  0.2659,
         0.4594,  0.5119,  0.0842,  0.3957,  0.3720,  0.1257,  0.0692,  0.5031,
         0.1588,  0.4329,  0.3289,  0.2019,  0.2660,  0.2388,  0.2755,  0.5150,
         0.1986,  0.0647,  0.1552,  0.4136,  0.4603,  0.1073,  0.0746,  0.1262,
         0.0839,  0.0940,  0.0537,  0.1663,  0.0568,  0.1777,  0.0937,  0.1524,
         0.1626,  0.0504,  0.3642,  0.1534,  0.1083,  0.1600,  0.1248,  0.2834,
         0.0546,  0.1855,  0.2122,  0.1954,  0.0911,  0.3528,  0.2514,  0.2847,
         0.1459,  0.0627,  0.0621,  0.0737,  0.5190,  0.4075,  0.3659,  0.3745,
         0.4288,  0.4152,  0.5413,  0.4074,  0.0189,  0.1052,  0.1565,  0.2769,
         0.1341,  0.0674,  0.1161,  0.4511,  0.0704,  0.3263,  0.1407,  0.4110,
         0.0295,  0.1850,  0.3069,  0.0720,  0.1524,  0.2592,  0.1422,  0.3301,
         0.1996,  0.3779,  0.4256,  0.1926,  0.1620, -0.0044,  0.2429,  0.2145,
         0.0045,  0.0132,  0.5374,  0.4383,  0.2724,  0.2183,  0.2011,  0.0379,
         0.0142,  0.0384,  0.2399,  0.0322,  0.1057,  0.5153,  0.1792,  0.2154,
         0.0922, -0.0014,  0.0751,  0.0517,  0.3150,  0.2634,  0.3229,  0.1950,
         0.0770,  0.2044,  0.2849,  0.1077,  0.0474,  0.1212,  0.4660,  0.2491,
         0.1532,  0.0471,  0.4771,  0.3948,  0.2038,  0.1149,  0.1252,  0.0635,
         0.1949,  0.1033,  0.0324,  0.1460,  0.0290,  0.0969,  0.2230,  0.3676,
         0.1839,  0.1730,  0.6011,  0.0692,  0.1780,  0.1757,  0.1069,  0.1846,
         0.3600,  0.5558,  0.1445,  0.4956,  0.5095,  0.2079,  0.0734,  0.2307,
         0.0700,  0.0087,  0.1342,  0.1520,  0.2125,  0.1344,  0.1601,  0.0596,
         0.1066,  0.1813,  0.0779,  0.0484,  0.1721,  0.2011,  0.2264,  0.3956,
         0.1188,  0.0098,  0.1621,  0.1435,  0.3754,  0.0413,  0.3125,  0.2282,
         0.0198,  0.0626,  0.1337,  0.1937,  0.1361,  0.1069,  0.1489,  0.2283,
         0.2083,  0.1586,  0.1763,  0.1817,  0.1136,  0.1523,  0.0953,  0.0754,
         0.0544, -0.0016,  0.2146,  0.1163,  0.3896,  0.2151,  0.2039,  0.1945,
         0.1064])"
36,36,0.2985552587191756,"tensor([0.3554, 0.4880, 0.3128, 0.2804, 0.1382, 0.5867, 0.5548, 0.4401, 0.0163,
        0.2316, 0.1920, 0.1140, 0.2483, 0.2765, 0.0922, 0.3367, 0.4481, 0.0293,
        0.0670, 0.4598, 0.4740, 0.1993, 0.2648, 0.2763, 0.2547, 0.2667, 0.3342,
        0.4152, 0.3726, 0.2196, 0.2865, 0.0380, 0.3056, 0.1025, 0.3929, 0.3239,
        0.2039, 0.5807, 0.0820, 0.2587, 0.2138, 0.4546, 0.1493, 0.2394, 0.2587,
        0.2833, 0.1311, 0.3437, 0.1383, 0.1328, 0.0974, 0.1572, 0.3098, 0.1814,
        0.2551, 0.3524, 0.1820, 0.1675, 0.0684, 0.1107, 0.2285, 0.1436, 0.3133,
        0.1557, 0.3638, 0.2953, 0.0913, 0.3338, 0.5108, 0.1640, 0.2241, 0.1747,
        0.3030, 0.2065, 0.3076, 0.1893, 0.0871, 0.0455, 0.1728, 0.0088, 0.3800,
        0.0241, 0.0462, 0.1704, 0.1360, 0.2832, 0.2141, 0.6047, 0.1795, 0.0919,
        0.3285, 0.0267, 0.2633, 0.0783, 0.1053, 0.1530, 0.0276, 0.0716, 0.3300,
        0.2968, 0.3330, 0.3356, 0.1441, 0.1674, 0.3908, 0.3213, 0.1565, 0.2578,
        0.1217, 0.2795, 0.3229, 0.3057, 0.5047, 0.5605, 0.1702, 0.4367, 0.3781,
        0.1998, 0.1142, 0.5278, 0.2410, 0.5089, 0.3795, 0.3136, 0.3150, 0.3451,
        0.3207, 0.5351, 0.1975, 0.1029, 0.1780, 0.4591, 0.5195, 0.1871, 0.1146,
        0.2303, 0.1931, 0.1287, 0.0540, 0.2185, 0.0963, 0.1963, 0.1182, 0.1895,
        0.2156, 0.0732, 0.4301, 0.2283, 0.1215, 0.2473, 0.2036, 0.3722, 0.1272,
        0.2376, 0.2872, 0.2064, 0.1274, 0.4243, 0.2873, 0.2890, 0.2522, 0.1015,
        0.1186, 0.0877, 0.5890, 0.4236, 0.3927, 0.4261, 0.4926, 0.4631, 0.5826,
        0.4391, 0.0609, 0.1305, 0.2187, 0.2335, 0.1495, 0.1386, 0.1814, 0.4419,
        0.1391, 0.3859, 0.1683, 0.6095, 0.0791, 0.2284, 0.4167, 0.1431, 0.2011,
        0.2781, 0.1638, 0.3853, 0.1985, 0.4691, 0.5478, 0.2902, 0.2475, 0.0247,
        0.3344, 0.2916, 0.0148, 0.0487, 0.5805, 0.5348, 0.3084, 0.2987, 0.2317,
        0.0872, 0.0737, 0.1093, 0.3353, 0.0525, 0.1374, 0.5132, 0.2086, 0.2560,
        0.1522, 0.0328, 0.1073, 0.0896, 0.4674, 0.4223, 0.3928, 0.3250, 0.1227,
        0.2049, 0.3109, 0.1418, 0.0949, 0.1682, 0.6270, 0.2632, 0.2132, 0.1015,
        0.5498, 0.4505, 0.3222, 0.1300, 0.1612, 0.1125, 0.2835, 0.1470, 0.0480,
        0.1751, 0.0525, 0.1447, 0.2973, 0.4102, 0.2606, 0.2160, 0.6197, 0.1065,
        0.2120, 0.2305, 0.1367, 0.2398, 0.4044, 0.5880, 0.1904, 0.5636, 0.5948,
        0.2303, 0.1329, 0.3124, 0.1075, 0.0218, 0.1745, 0.2306, 0.2275, 0.1385,
        0.2138, 0.0757, 0.1524, 0.2076, 0.1156, 0.0549, 0.1875, 0.2754, 0.2545,
        0.4489, 0.1306, 0.0430, 0.2399, 0.1794, 0.4292, 0.0714, 0.3874, 0.2353,
        0.0559, 0.1044, 0.1596, 0.1868, 0.1737, 0.1436, 0.2127, 0.2607, 0.2559,
        0.2043, 0.2808, 0.2032, 0.1427, 0.1901, 0.1522, 0.1059, 0.1133, 0.0147,
        0.2575, 0.1681, 0.4966, 0.2567, 0.2481, 0.3197, 0.1496])",0.31024137838387195,"tensor([ 3.3094e-01,  3.8853e-01,  2.5624e-01,  2.2348e-01,  8.6529e-02,
         5.6635e-01,  5.4759e-01,  4.3566e-01, -1.1343e-02,  1.5581e-01,
         1.5111e-01,  9.2056e-02,  1.8810e-01,  2.3228e-01,  6.2253e-02,
         2.7980e-01,  3.8681e-01,  1.1051e-02,  4.1032e-02,  4.0713e-01,
         3.6362e-01,  1.8994e-01,  2.4167e-01,  2.2651e-01,  2.0885e-01,
         1.9762e-01,  2.7822e-01,  3.6647e-01,  3.6882e-01,  1.2826e-01,
         1.7545e-01,  4.3959e-03,  3.0695e-01,  7.0353e-02,  3.0375e-01,
         2.7242e-01,  1.7033e-01,  4.6755e-01,  5.0086e-02,  1.5767e-01,
         1.8182e-01,  3.9543e-01,  9.2712e-02,  2.2089e-01,  1.6353e-01,
         1.6659e-01,  6.6095e-02,  2.6644e-01,  6.3802e-02,  1.0415e-01,
         4.9697e-02,  8.7196e-02,  1.8540e-01,  9.9452e-02,  1.3265e-01,
         2.4420e-01,  8.3023e-02,  1.0857e-01,  2.8934e-02,  8.7164e-02,
         1.9223e-01,  8.6857e-02,  2.0326e-01,  9.5407e-02,  3.2872e-01,
         2.1041e-01,  7.6697e-02,  2.9584e-01,  4.6816e-01,  1.3171e-01,
         1.8407e-01,  1.3325e-01,  2.6317e-01,  1.9262e-01,  2.0149e-01,
         1.2569e-01,  3.2699e-02, -1.0414e-02,  1.3837e-01,  9.5060e-03,
         2.8635e-01, -2.0718e-04,  8.0711e-03,  9.2053e-02,  9.7915e-02,
         2.1475e-01,  1.6010e-01,  4.8542e-01,  1.5204e-01,  7.8080e-02,
         2.1828e-01, -3.8782e-03,  1.3696e-01,  4.7291e-02,  9.1607e-02,
         1.1637e-01,  1.8164e-02,  4.0215e-02,  2.6438e-01,  2.6858e-01,
         2.8236e-01,  2.5642e-01,  1.2195e-01,  1.3350e-01,  3.8037e-01,
         2.6871e-01,  9.2249e-02,  1.8240e-01,  8.4196e-02,  2.6850e-01,
         3.1346e-01,  2.6505e-01,  4.5748e-01,  5.1131e-01,  8.6630e-02,
         3.9950e-01,  3.7183e-01,  1.2692e-01,  7.0462e-02,  5.0381e-01,
         1.5586e-01,  4.2868e-01,  3.2279e-01,  2.0431e-01,  2.6537e-01,
         2.4002e-01,  2.7855e-01,  5.1503e-01,  1.8949e-01,  6.5346e-02,
         1.5894e-01,  4.1343e-01,  4.5622e-01,  1.0811e-01,  7.9803e-02,
         1.3017e-01,  8.5801e-02,  8.9720e-02,  5.5330e-02,  1.6163e-01,
         5.0057e-02,  1.7164e-01,  9.0734e-02,  1.5520e-01,  1.6340e-01,
         5.1375e-02,  3.6484e-01,  1.4999e-01,  1.0847e-01,  1.6136e-01,
         1.2107e-01,  2.8097e-01,  5.4508e-02,  1.8442e-01,  2.0673e-01,
         1.9162e-01,  8.8527e-02,  3.5719e-01,  2.5420e-01,  2.8630e-01,
         1.4507e-01,  4.8384e-02,  6.4409e-02,  7.3922e-02,  5.2081e-01,
         4.0838e-01,  3.6888e-01,  3.7710e-01,  4.3340e-01,  4.1785e-01,
         5.4206e-01,  4.0878e-01,  1.6437e-02,  1.0377e-01,  1.5688e-01,
         2.6864e-01,  1.3567e-01,  6.8546e-02,  1.1778e-01,  4.5417e-01,
         6.5872e-02,  3.2657e-01,  1.3886e-01,  4.0615e-01,  3.0656e-02,
         1.8581e-01,  3.0459e-01,  7.5658e-02,  1.5221e-01,  2.6863e-01,
         1.4226e-01,  3.2873e-01,  2.0391e-01,  3.7106e-01,  4.2974e-01,
         1.8793e-01,  1.6100e-01,  4.3161e-03,  2.4177e-01,  2.1495e-01,
         3.5953e-03,  2.6112e-02,  5.3780e-01,  4.4190e-01,  2.7058e-01,
         2.1441e-01,  1.9963e-01,  4.3455e-02,  9.5713e-03,  3.8830e-02,
         2.4211e-01,  2.9500e-02,  1.0259e-01,  5.2177e-01,  1.8354e-01,
         2.1334e-01,  9.9474e-02,  1.2134e-02,  6.8446e-02,  5.3049e-02,
         3.1289e-01,  2.5653e-01,  3.2254e-01,  1.9569e-01,  8.4465e-02,
         2.0092e-01,  2.8748e-01,  1.0483e-01,  4.3431e-02,  1.1924e-01,
         4.6266e-01,  2.4983e-01,  1.5951e-01,  4.1325e-02,  4.7550e-01,
         3.9717e-01,  2.0130e-01,  1.1703e-01,  1.2219e-01,  5.9377e-02,
         1.9591e-01,  1.0316e-01,  3.2277e-02,  1.4289e-01,  3.1015e-02,
         1.0238e-01,  2.2340e-01,  3.6660e-01,  1.8510e-01,  1.7634e-01,
         6.0037e-01,  6.9817e-02,  1.8741e-01,  1.7223e-01,  1.0804e-01,
         1.8530e-01,  3.5911e-01,  5.5582e-01,  1.4350e-01,  4.9503e-01,
         5.0724e-01,  2.0682e-01,  7.0647e-02,  2.2670e-01,  7.1837e-02,
         8.5828e-03,  1.3285e-01,  1.5699e-01,  2.1421e-01,  1.3243e-01,
         1.6269e-01,  6.6577e-02,  1.0779e-01,  1.8162e-01,  7.8433e-02,
         3.7730e-02,  1.7324e-01,  1.9841e-01,  2.2912e-01,  3.9771e-01,
         1.2134e-01,  7.4009e-03,  1.5668e-01,  1.4219e-01,  3.7825e-01,
         4.9420e-02,  3.1085e-01,  2.2472e-01,  2.1550e-02,  6.3246e-02,
         1.3700e-01,  1.8901e-01,  1.3375e-01,  1.0377e-01,  1.4639e-01,
         2.2419e-01,  2.0635e-01,  1.6099e-01,  1.7609e-01,  1.8101e-01,
         1.1444e-01,  1.5508e-01,  9.8686e-02,  7.2885e-02,  4.9553e-02,
        -2.8631e-03,  2.1501e-01,  1.1420e-01,  3.8901e-01,  2.1511e-01,
         2.0443e-01,  1.9638e-01,  1.0468e-01])"
37,37,0.2981303276107776,"tensor([0.3567, 0.4906, 0.3147, 0.2820, 0.1406, 0.5889, 0.5517, 0.4406, 0.0122,
        0.2339, 0.1931, 0.1129, 0.2501, 0.2794, 0.0963, 0.3400, 0.4513, 0.0300,
        0.0659, 0.4609, 0.4766, 0.2006, 0.2646, 0.2728, 0.2554, 0.2695, 0.3356,
        0.4207, 0.3726, 0.2220, 0.2895, 0.0374, 0.3083, 0.0981, 0.3958, 0.3234,
        0.2036, 0.5853, 0.0838, 0.2610, 0.2185, 0.4564, 0.1492, 0.2422, 0.2613,
        0.2851, 0.1348, 0.3512, 0.1430, 0.1337, 0.0981, 0.1581, 0.3109, 0.1812,
        0.2562, 0.3533, 0.1877, 0.1658, 0.0672, 0.1120, 0.2287, 0.1463, 0.3171,
        0.1578, 0.3663, 0.2995, 0.0941, 0.3356, 0.5120, 0.1684, 0.2264, 0.1775,
        0.3043, 0.2041, 0.3128, 0.1997, 0.0892, 0.0488, 0.1758, 0.0141, 0.3841,
        0.0285, 0.0423, 0.1731, 0.1339, 0.2853, 0.2161, 0.6091, 0.1813, 0.0972,
        0.3307, 0.0293, 0.2679, 0.0839, 0.1125, 0.1527, 0.0234, 0.0699, 0.3334,
        0.2979, 0.3339, 0.3360, 0.1444, 0.1709, 0.3917, 0.3234, 0.1579, 0.2584,
        0.1233, 0.2831, 0.3253, 0.3066, 0.5053, 0.5613, 0.1746, 0.4406, 0.3786,
        0.2014, 0.1130, 0.5283, 0.2409, 0.5127, 0.3847, 0.3170, 0.3173, 0.3482,
        0.3219, 0.5354, 0.2008, 0.1019, 0.1780, 0.4602, 0.5195, 0.1889, 0.1171,
        0.2334, 0.1961, 0.1307, 0.0540, 0.2191, 0.0952, 0.1967, 0.1190, 0.1915,
        0.2221, 0.0733, 0.4333, 0.2277, 0.1207, 0.2488, 0.2076, 0.3764, 0.1333,
        0.2401, 0.2883, 0.2054, 0.1278, 0.4259, 0.2885, 0.2903, 0.2557, 0.1050,
        0.1181, 0.0912, 0.5896, 0.4239, 0.3966, 0.4258, 0.4929, 0.4648, 0.5842,
        0.4401, 0.0652, 0.1329, 0.2205, 0.2361, 0.1506, 0.1435, 0.1849, 0.4428,
        0.1402, 0.3873, 0.1725, 0.6156, 0.0801, 0.2271, 0.4192, 0.1447, 0.2026,
        0.2792, 0.1662, 0.3867, 0.1999, 0.4690, 0.5505, 0.2954, 0.2481, 0.0213,
        0.3369, 0.2892, 0.0167, 0.0483, 0.5806, 0.5370, 0.3095, 0.3009, 0.2318,
        0.0862, 0.0751, 0.1121, 0.3379, 0.0548, 0.1386, 0.5131, 0.2108, 0.2542,
        0.1530, 0.0364, 0.1119, 0.0883, 0.4726, 0.4285, 0.3956, 0.3286, 0.1249,
        0.2055, 0.3140, 0.1421, 0.0911, 0.1689, 0.6323, 0.2658, 0.2136, 0.1049,
        0.5521, 0.4530, 0.3260, 0.1317, 0.1630, 0.1141, 0.2890, 0.1493, 0.0460,
        0.1750, 0.0574, 0.1472, 0.3001, 0.4115, 0.2649, 0.2141, 0.6194, 0.1082,
        0.2110, 0.2325, 0.1370, 0.2407, 0.4053, 0.5891, 0.1927, 0.5646, 0.5979,
        0.2304, 0.1328, 0.3137, 0.1117, 0.0270, 0.1763, 0.2342, 0.2274, 0.1475,
        0.2190, 0.0803, 0.1554, 0.2076, 0.1168, 0.0516, 0.1893, 0.2778, 0.2560,
        0.4499, 0.1352, 0.0407, 0.2408, 0.1791, 0.4313, 0.0822, 0.3880, 0.2377,
        0.0578, 0.1013, 0.1573, 0.1901, 0.1774, 0.1459, 0.2132, 0.2603, 0.2564,
        0.2015, 0.2832, 0.2029, 0.1445, 0.1932, 0.1517, 0.1060, 0.1147, 0.0155,
        0.2597, 0.1706, 0.4993, 0.2584, 0.2489, 0.3241, 0.1492])",0.31054863959182927,"tensor([ 0.3329,  0.3844,  0.2541,  0.2221,  0.0815,  0.5640,  0.5388,  0.4382,
        -0.0062,  0.1537,  0.1507,  0.0860,  0.1897,  0.2290,  0.0618,  0.2777,
         0.3863,  0.0083,  0.0383,  0.4067,  0.3639,  0.1914,  0.2391,  0.2114,
         0.2138,  0.1970,  0.2753,  0.3743,  0.3680,  0.1288,  0.1773,  0.0062,
         0.3096,  0.0706,  0.3057,  0.2648,  0.1710,  0.4694,  0.0422,  0.1563,
         0.1799,  0.3929,  0.0927,  0.2190,  0.1673,  0.1646,  0.0672,  0.2684,
         0.0607,  0.1086,  0.0636,  0.0801,  0.1840,  0.0982,  0.1324,  0.2473,
         0.0751,  0.1142,  0.0209,  0.0865,  0.1954,  0.0824,  0.2015,  0.0964,
         0.3309,  0.2051,  0.0796,  0.2963,  0.4704,  0.1275,  0.1836,  0.1359,
         0.2605,  0.1838,  0.1994,  0.1340,  0.0382, -0.0050,  0.1353,  0.0033,
         0.2880,  0.0097,  0.0107,  0.0939,  0.0975,  0.2116,  0.1631,  0.4865,
         0.1524,  0.0777,  0.2206, -0.0030,  0.1336,  0.0473,  0.0919,  0.1180,
         0.0092,  0.0371,  0.2644,  0.2714,  0.2818,  0.2515,  0.1154,  0.1290,
         0.3771,  0.2720,  0.0951,  0.1865,  0.0837,  0.2704,  0.3158,  0.2646,
         0.4588,  0.5115,  0.0823,  0.4044,  0.3724,  0.1274,  0.0770,  0.5026,
         0.1552,  0.4286,  0.3290,  0.2020,  0.2706,  0.2384,  0.2764,  0.5163,
         0.1966,  0.0579,  0.1550,  0.4133,  0.4586,  0.1068,  0.0817,  0.1274,
         0.0864,  0.0932,  0.0378,  0.1658,  0.0548,  0.1795,  0.0962,  0.1567,
         0.1712,  0.0494,  0.3622,  0.1494,  0.1044,  0.1571,  0.1250,  0.2797,
         0.0596,  0.1818,  0.2074,  0.1929,  0.0896,  0.3570,  0.2570,  0.2853,
         0.1449,  0.0547,  0.0652,  0.0737,  0.5135,  0.4051,  0.3680,  0.3810,
         0.4309,  0.4153,  0.5428,  0.4095,  0.0212,  0.1026,  0.1569,  0.2724,
         0.1388,  0.0708,  0.1207,  0.4547,  0.0687,  0.3240,  0.1334,  0.4087,
         0.0251,  0.1884,  0.3049,  0.0746,  0.1524,  0.2684,  0.1343,  0.3311,
         0.2023,  0.3786,  0.4288,  0.1933,  0.1641,  0.0052,  0.2420,  0.2110,
         0.0073,  0.0274,  0.5330,  0.4346,  0.2722,  0.2151,  0.1998,  0.0421,
         0.0096,  0.0466,  0.2438,  0.0340,  0.1029,  0.5128,  0.1823,  0.2172,
         0.0930, -0.0046,  0.0808,  0.0588,  0.3142,  0.2623,  0.3228,  0.1966,
         0.0860,  0.1994,  0.2943,  0.1064,  0.0419,  0.1198,  0.4604,  0.2482,
         0.1543,  0.0490,  0.4777,  0.3922,  0.1972,  0.1174,  0.1230,  0.0684,
         0.1981,  0.1058,  0.0272,  0.1472,  0.0352,  0.0987,  0.2223,  0.3624,
         0.1846,  0.1708,  0.5997,  0.0578,  0.1824,  0.1749,  0.1107,  0.1830,
         0.3598,  0.5554,  0.1423,  0.4911,  0.5074,  0.2068,  0.0710,  0.2311,
         0.0691,  0.0069,  0.1305,  0.1540,  0.2129,  0.1282,  0.1626,  0.0659,
         0.1115,  0.1849,  0.0762,  0.0495,  0.1751,  0.1980,  0.2305,  0.3976,
         0.1198,  0.0120,  0.1587,  0.1398,  0.3726,  0.0453,  0.3123,  0.2251,
         0.0204,  0.0614,  0.1311,  0.1902,  0.1340,  0.1068,  0.1452,  0.2277,
         0.2079,  0.1503,  0.1737,  0.1817,  0.1134,  0.1554,  0.0973,  0.0724,
         0.0496,  0.0041,  0.2127,  0.1165,  0.3932,  0.2141,  0.2003,  0.1950,
         0.1033])"
38,38,0.29767107271557625,"tensor([0.3576, 0.4951, 0.3158, 0.2842, 0.1427, 0.5902, 0.5559, 0.4395, 0.0157,
        0.2372, 0.1950, 0.1131, 0.2535, 0.2846, 0.0926, 0.3416, 0.4530, 0.0285,
        0.0696, 0.4623, 0.4797, 0.2010, 0.2643, 0.2819, 0.2570, 0.2680, 0.3376,
        0.4234, 0.3737, 0.2246, 0.2925, 0.0393, 0.3098, 0.1051, 0.3977, 0.3260,
        0.2025, 0.5890, 0.0859, 0.2633, 0.2214, 0.4576, 0.1533, 0.2437, 0.2658,
        0.2916, 0.1344, 0.3546, 0.1455, 0.1338, 0.1004, 0.1626, 0.3172, 0.1793,
        0.2603, 0.3569, 0.1907, 0.1678, 0.0762, 0.1104, 0.2306, 0.1486, 0.3206,
        0.1580, 0.3675, 0.3045, 0.0974, 0.3373, 0.5132, 0.1705, 0.2289, 0.1735,
        0.3052, 0.2057, 0.3176, 0.2025, 0.0903, 0.0463, 0.1815, 0.0089, 0.3862,
        0.0264, 0.0423, 0.1774, 0.1472, 0.2877, 0.2156, 0.6127, 0.1822, 0.1008,
        0.3370, 0.0299, 0.2703, 0.0811, 0.1111, 0.1558, 0.0285, 0.0739, 0.3324,
        0.2985, 0.3350, 0.3398, 0.1427, 0.1691, 0.3944, 0.3250, 0.1648, 0.2603,
        0.1239, 0.2839, 0.3288, 0.3080, 0.5074, 0.5642, 0.1769, 0.4441, 0.3774,
        0.2033, 0.1094, 0.5290, 0.2442, 0.5150, 0.3856, 0.3198, 0.3175, 0.3508,
        0.3240, 0.5375, 0.2038, 0.1033, 0.1819, 0.4612, 0.5229, 0.1914, 0.1256,
        0.2341, 0.1975, 0.1308, 0.0498, 0.2214, 0.0993, 0.1980, 0.1172, 0.1930,
        0.2262, 0.0692, 0.4349, 0.2310, 0.1216, 0.2522, 0.2111, 0.3783, 0.1354,
        0.2416, 0.2916, 0.2084, 0.1258, 0.4286, 0.2876, 0.2916, 0.2607, 0.1087,
        0.1216, 0.0907, 0.5908, 0.4250, 0.3957, 0.4288, 0.4937, 0.4670, 0.5861,
        0.4417, 0.0630, 0.1337, 0.2222, 0.2423, 0.1508, 0.1480, 0.1825, 0.4430,
        0.1417, 0.3888, 0.1720, 0.6213, 0.0840, 0.2295, 0.4240, 0.1472, 0.2034,
        0.2806, 0.1642, 0.3896, 0.2042, 0.4741, 0.5536, 0.2975, 0.2507, 0.0272,
        0.3407, 0.2900, 0.0215, 0.0510, 0.5855, 0.5411, 0.3116, 0.3052, 0.2324,
        0.0850, 0.0773, 0.1156, 0.3417, 0.0528, 0.1401, 0.5164, 0.2102, 0.2559,
        0.1551, 0.0308, 0.1116, 0.0922, 0.4767, 0.4335, 0.3979, 0.3317, 0.1248,
        0.2069, 0.3162, 0.1436, 0.0927, 0.1710, 0.6367, 0.2676, 0.2153, 0.1104,
        0.5550, 0.4540, 0.3324, 0.1310, 0.1637, 0.1132, 0.2903, 0.1517, 0.0420,
        0.1771, 0.0568, 0.1478, 0.3013, 0.4135, 0.2675, 0.2206, 0.6216, 0.1092,
        0.2138, 0.2337, 0.1381, 0.2407, 0.4081, 0.5901, 0.1951, 0.5659, 0.5996,
        0.2303, 0.1342, 0.3175, 0.1110, 0.0226, 0.1773, 0.2376, 0.2288, 0.1470,
        0.2184, 0.0839, 0.1544, 0.2091, 0.1156, 0.0559, 0.1902, 0.2806, 0.2587,
        0.4513, 0.1349, 0.0454, 0.2440, 0.1823, 0.4338, 0.0813, 0.3904, 0.2363,
        0.0574, 0.1059, 0.1575, 0.1875, 0.1765, 0.1485, 0.2153, 0.2627, 0.2579,
        0.2053, 0.2882, 0.2046, 0.1444, 0.1949, 0.1558, 0.1064, 0.1173, 0.0201,
        0.2609, 0.1718, 0.5037, 0.2593, 0.2505, 0.3271, 0.1509])",0.31072620513998434,"tensor([ 3.3164e-01,  3.8368e-01,  2.5615e-01,  2.2288e-01,  8.3965e-02,
         5.6439e-01,  5.4878e-01,  4.3616e-01, -1.4263e-02,  1.5597e-01,
         1.5049e-01,  8.8374e-02,  1.8725e-01,  2.2507e-01,  6.4354e-02,
         2.8007e-01,  3.8482e-01,  8.1701e-03,  3.7811e-02,  4.0932e-01,
         3.6041e-01,  1.9021e-01,  2.3788e-01,  2.2120e-01,  2.1268e-01,
         1.9565e-01,  2.7441e-01,  3.7404e-01,  3.7319e-01,  1.3074e-01,
         1.7240e-01,  6.5680e-03,  3.1510e-01,  6.7273e-02,  2.9900e-01,
         2.6957e-01,  1.7012e-01,  4.6036e-01,  4.5379e-02,  1.5452e-01,
         1.8586e-01,  3.9369e-01,  8.9792e-02,  2.2116e-01,  1.6635e-01,
         1.6549e-01,  6.7424e-02,  2.7031e-01,  6.6141e-02,  1.0471e-01,
         6.0638e-02,  7.8491e-02,  1.8638e-01,  9.8607e-02,  1.3131e-01,
         2.4324e-01,  8.1712e-02,  1.1443e-01,  2.7368e-02,  8.4361e-02,
         1.9865e-01,  8.3334e-02,  2.0213e-01,  9.5116e-02,  3.2760e-01,
         2.0322e-01,  8.0006e-02,  2.9146e-01,  4.6805e-01,  1.2407e-01,
         1.8397e-01,  1.3381e-01,  2.6287e-01,  2.0164e-01,  1.9766e-01,
         1.3027e-01,  3.4640e-02, -5.7795e-03,  1.4007e-01, -5.1505e-04,
         2.8242e-01,  1.4361e-02,  4.2550e-03,  9.3748e-02,  1.0879e-01,
         2.1157e-01,  1.6127e-01,  4.8358e-01,  1.4910e-01,  8.1984e-02,
         2.1385e-01, -1.3693e-03,  1.3397e-01,  4.8196e-02,  9.2812e-02,
         1.1876e-01,  1.1590e-02,  3.7837e-02,  2.5922e-01,  2.7259e-01,
         2.8151e-01,  2.5357e-01,  1.1791e-01,  1.3281e-01,  3.7975e-01,
         2.6701e-01,  9.7439e-02,  1.8367e-01,  8.5557e-02,  2.6897e-01,
         3.1473e-01,  2.6495e-01,  4.5395e-01,  5.0953e-01,  7.7767e-02,
         3.9960e-01,  3.7301e-01,  1.2566e-01,  7.1726e-02,  5.0369e-01,
         1.4732e-01,  4.2698e-01,  3.2918e-01,  1.9899e-01,  2.6228e-01,
         2.3611e-01,  2.7709e-01,  5.1258e-01,  2.0013e-01,  6.6583e-02,
         1.5630e-01,  4.1161e-01,  4.6291e-01,  1.0539e-01,  8.6532e-02,
         1.3087e-01,  8.8935e-02,  9.4361e-02,  4.7588e-02,  1.6405e-01,
         5.6221e-02,  1.7741e-01,  9.8213e-02,  1.5557e-01,  1.6975e-01,
         5.8294e-02,  3.6197e-01,  1.5024e-01,  1.0739e-01,  1.5344e-01,
         1.2419e-01,  2.7872e-01,  5.6030e-02,  1.7823e-01,  2.0811e-01,
         1.9260e-01,  8.8861e-02,  3.5822e-01,  2.5624e-01,  2.7966e-01,
         1.4577e-01,  6.1152e-02,  6.4926e-02,  6.9933e-02,  5.2014e-01,
         4.0543e-01,  3.6921e-01,  3.7425e-01,  4.3265e-01,  4.1708e-01,
         5.4015e-01,  4.0648e-01,  1.7941e-02,  1.0071e-01,  1.5381e-01,
         2.7363e-01,  1.3324e-01,  7.3502e-02,  1.1359e-01,  4.5314e-01,
         6.7549e-02,  3.2282e-01,  1.3666e-01,  4.0280e-01,  3.0846e-02,
         1.8523e-01,  3.0249e-01,  7.2869e-02,  1.4785e-01,  2.6898e-01,
         1.3997e-01,  3.2668e-01,  2.0010e-01,  3.8734e-01,  4.2452e-01,
         1.9259e-01,  1.5895e-01,  2.0287e-04,  2.3892e-01,  2.1170e-01,
         9.8518e-03,  1.1876e-02,  5.3999e-01,  4.3611e-01,  2.6919e-01,
         2.1395e-01,  1.9978e-01,  4.0879e-02,  1.1847e-02,  4.3370e-02,
         2.4026e-01,  3.0595e-02,  1.0511e-01,  5.1988e-01,  1.8485e-01,
         2.1571e-01,  9.1351e-02,  2.3646e-03,  7.3887e-02,  5.3068e-02,
         3.1054e-01,  2.5518e-01,  3.2045e-01,  1.8915e-01,  8.1211e-02,
         2.0938e-01,  2.8955e-01,  1.0508e-01,  4.4023e-02,  1.1738e-01,
         4.5912e-01,  2.5140e-01,  1.5757e-01,  4.7758e-02,  4.7709e-01,
         3.9738e-01,  1.9910e-01,  1.1374e-01,  1.2525e-01,  6.0738e-02,
         1.9555e-01,  1.0060e-01,  2.0908e-02,  1.4432e-01,  3.3781e-02,
         9.9266e-02,  2.2144e-01,  3.6367e-01,  1.8491e-01,  1.7256e-01,
         6.0117e-01,  7.0621e-02,  1.8631e-01,  1.7017e-01,  1.0759e-01,
         1.8257e-01,  3.5922e-01,  5.5497e-01,  1.4026e-01,  4.9220e-01,
         5.0729e-01,  2.0608e-01,  7.1737e-02,  2.2848e-01,  7.2199e-02,
         6.5599e-03,  1.3151e-01,  1.5538e-01,  2.1465e-01,  1.3627e-01,
         1.5795e-01,  6.2433e-02,  1.0970e-01,  1.8420e-01,  7.6852e-02,
         5.4056e-02,  1.7026e-01,  1.9656e-01,  2.2974e-01,  3.9531e-01,
         1.2136e-01,  2.0285e-02,  1.5520e-01,  1.4217e-01,  3.7784e-01,
         4.5674e-02,  3.0930e-01,  2.2545e-01,  1.8746e-02,  6.1908e-02,
         1.3711e-01,  1.7960e-01,  1.3363e-01,  1.1171e-01,  1.4481e-01,
         2.2653e-01,  2.0678e-01,  1.6003e-01,  1.7344e-01,  1.8012e-01,
         1.1493e-01,  1.5969e-01,  9.7650e-02,  7.3976e-02,  4.9535e-02,
        -1.0630e-03,  2.1572e-01,  1.1405e-01,  3.8976e-01,  2.0993e-01,
         1.9890e-01,  1.9089e-01,  1.0454e-01])"
39,39,0.29714729579240545,"tensor([0.3595, 0.4976, 0.3172, 0.2853, 0.1434, 0.5889, 0.5550, 0.4420, 0.0122,
        0.2391, 0.1933, 0.1161, 0.2562, 0.2820, 0.0958, 0.3444, 0.4537, 0.0309,
        0.0674, 0.4633, 0.4835, 0.2008, 0.2658, 0.2865, 0.2572, 0.2723, 0.3392,
        0.4266, 0.3752, 0.2267, 0.2949, 0.0423, 0.3105, 0.1013, 0.3996, 0.3288,
        0.2053, 0.5932, 0.0857, 0.2653, 0.2198, 0.4603, 0.1544, 0.2479, 0.2692,
        0.2949, 0.1340, 0.3575, 0.1479, 0.1363, 0.1059, 0.1657, 0.3208, 0.1851,
        0.2648, 0.3600, 0.1932, 0.1739, 0.0714, 0.1081, 0.2334, 0.1520, 0.3225,
        0.1573, 0.3688, 0.3076, 0.0962, 0.3396, 0.5134, 0.1660, 0.2272, 0.1777,
        0.3044, 0.2060, 0.3219, 0.2021, 0.0876, 0.0505, 0.1849, 0.0124, 0.3875,
        0.0309, 0.0500, 0.1795, 0.1490, 0.2903, 0.2193, 0.6163, 0.1837, 0.1009,
        0.3394, 0.0262, 0.2747, 0.0808, 0.1081, 0.1576, 0.0301, 0.0736, 0.3352,
        0.2988, 0.3373, 0.3411, 0.1461, 0.1703, 0.3962, 0.3272, 0.1676, 0.2618,
        0.1220, 0.2858, 0.3275, 0.3092, 0.5086, 0.5660, 0.1773, 0.4439, 0.3792,
        0.2074, 0.1119, 0.5307, 0.2462, 0.5191, 0.3905, 0.3233, 0.3200, 0.3567,
        0.3249, 0.5383, 0.2066, 0.1036, 0.1816, 0.4633, 0.5236, 0.1946, 0.1282,
        0.2377, 0.2015, 0.1294, 0.0573, 0.2249, 0.0994, 0.1978, 0.1207, 0.1956,
        0.2280, 0.0736, 0.4367, 0.2344, 0.1252, 0.2532, 0.2111, 0.3834, 0.1410,
        0.2462, 0.2962, 0.2082, 0.1279, 0.4308, 0.2898, 0.2918, 0.2620, 0.1106,
        0.1216, 0.0891, 0.5905, 0.4252, 0.3927, 0.4261, 0.4961, 0.4659, 0.5880,
        0.4434, 0.0669, 0.1351, 0.2238, 0.2412, 0.1510, 0.1482, 0.1822, 0.4437,
        0.1412, 0.3881, 0.1752, 0.6287, 0.0849, 0.2311, 0.4256, 0.1490, 0.2058,
        0.2827, 0.1680, 0.3900, 0.1997, 0.4737, 0.5572, 0.3033, 0.2549, 0.0245,
        0.3443, 0.2945, 0.0230, 0.0456, 0.5856, 0.5421, 0.3109, 0.3096, 0.2351,
        0.0873, 0.0818, 0.1158, 0.3473, 0.0546, 0.1398, 0.5207, 0.2104, 0.2593,
        0.1548, 0.0358, 0.1107, 0.0923, 0.4803, 0.4389, 0.4008, 0.3359, 0.1239,
        0.2083, 0.3180, 0.1453, 0.0956, 0.1726, 0.6400, 0.2668, 0.2176, 0.1079,
        0.5573, 0.4539, 0.3357, 0.1313, 0.1651, 0.1135, 0.2926, 0.1542, 0.0463,
        0.1775, 0.0590, 0.1486, 0.3037, 0.4144, 0.2702, 0.2216, 0.6225, 0.1124,
        0.2150, 0.2360, 0.1402, 0.2431, 0.4089, 0.5922, 0.1979, 0.5669, 0.6021,
        0.2320, 0.1379, 0.3201, 0.1121, 0.0271, 0.1785, 0.2403, 0.2297, 0.1421,
        0.2196, 0.0856, 0.1532, 0.2103, 0.1174, 0.0534, 0.1906, 0.2831, 0.2572,
        0.4518, 0.1336, 0.0427, 0.2456, 0.1822, 0.4345, 0.0787, 0.3930, 0.2388,
        0.0575, 0.1068, 0.1597, 0.1894, 0.1798, 0.1520, 0.2184, 0.2619, 0.2590,
        0.2083, 0.2890, 0.2070, 0.1467, 0.1955, 0.1575, 0.1050, 0.1220, 0.0187,
        0.2621, 0.1724, 0.5062, 0.2600, 0.2528, 0.3307, 0.1529])",0.3110303319530723,"tensor([ 0.3294,  0.3823,  0.2548,  0.2232,  0.0796,  0.5621,  0.5471,  0.4359,
        -0.0217,  0.1552,  0.1481,  0.0923,  0.1901,  0.2312,  0.0548,  0.2781,
         0.3875,  0.0131,  0.0287,  0.4066,  0.3596,  0.1920,  0.2429,  0.2248,
         0.2136,  0.1937,  0.2755,  0.3706,  0.3709,  0.1310,  0.1744,  0.0048,
         0.3131,  0.0687,  0.3043,  0.2692,  0.1658,  0.4649,  0.0482,  0.1533,
         0.1802,  0.3929,  0.0915,  0.2201,  0.1622,  0.1636,  0.0705,  0.2699,
         0.0635,  0.1035,  0.0561,  0.0849,  0.1858,  0.0957,  0.1269,  0.2431,
         0.0871,  0.1175,  0.0351,  0.0903,  0.1960,  0.0834,  0.1995,  0.0961,
         0.3295,  0.2088,  0.0770,  0.2946,  0.4679,  0.1272,  0.1808,  0.1292,
         0.2602,  0.1995,  0.1954,  0.1341,  0.0265, -0.0097,  0.1342, -0.0035,
         0.2842, -0.0044,  0.0094,  0.0927,  0.1008,  0.2103,  0.1636,  0.4819,
         0.1496,  0.0784,  0.2141, -0.0036,  0.1301,  0.0430,  0.0977,  0.1168,
         0.0126,  0.0395,  0.2664,  0.2705,  0.2841,  0.2532,  0.1175,  0.1329,
         0.3838,  0.2692,  0.0979,  0.1833,  0.0837,  0.2715,  0.3127,  0.2615,
         0.4586,  0.5092,  0.0822,  0.4010,  0.3738,  0.1264,  0.0640,  0.5034,
         0.1555,  0.4256,  0.3279,  0.1960,  0.2697,  0.2349,  0.2786,  0.5145,
         0.2039,  0.0660,  0.1523,  0.4141,  0.4635,  0.1066,  0.0915,  0.1236,
         0.0823,  0.0982,  0.0525,  0.1619,  0.0573,  0.1758,  0.0895,  0.1532,
         0.1657,  0.0525,  0.3612,  0.1453,  0.0958,  0.1549,  0.1252,  0.2794,
         0.0545,  0.1836,  0.2035,  0.1945,  0.0910,  0.3585,  0.2577,  0.2840,
         0.1435,  0.0661,  0.0649,  0.0709,  0.5173,  0.4099,  0.3602,  0.3752,
         0.4379,  0.4177,  0.5402,  0.4102,  0.0181,  0.0977,  0.1553,  0.2832,
         0.1340,  0.0707,  0.1172,  0.4496,  0.0689,  0.3235,  0.1409,  0.3999,
         0.0262,  0.1863,  0.3037,  0.0750,  0.1491,  0.2702,  0.1385,  0.3297,
         0.1996,  0.3817,  0.4265,  0.1927,  0.1620,  0.0128,  0.2368,  0.2148,
         0.0122,  0.0190,  0.5388,  0.4326,  0.2720,  0.2107,  0.1959,  0.0471,
         0.0080,  0.0470,  0.2384,  0.0305,  0.1044,  0.5213,  0.1824,  0.2168,
         0.0979,  0.0039,  0.0721,  0.0471,  0.3114,  0.2577,  0.3205,  0.1922,
         0.0829,  0.2035,  0.2960,  0.1063,  0.0441,  0.1201,  0.4572,  0.2470,
         0.1613,  0.0500,  0.4733,  0.3970,  0.1985,  0.1137,  0.1212,  0.0638,
         0.1950,  0.1051,  0.0264,  0.1431,  0.0306,  0.1000,  0.2186,  0.3662,
         0.1863,  0.1785,  0.6017,  0.0670,  0.1868,  0.1736,  0.1087,  0.1802,
         0.3616,  0.5570,  0.1423,  0.4919,  0.5067,  0.2057,  0.0731,  0.2228,
         0.0717,  0.0031,  0.1350,  0.1530,  0.2131,  0.1336,  0.1694,  0.0540,
         0.1034,  0.1850,  0.0775,  0.0412,  0.1701,  0.1987,  0.2267,  0.3985,
         0.1178,  0.0151,  0.1584,  0.1401,  0.3791,  0.0484,  0.3122,  0.2270,
         0.0223,  0.0617,  0.1322,  0.1926,  0.1342,  0.1041,  0.1457,  0.2249,
         0.2091,  0.1587,  0.1686,  0.1810,  0.1136,  0.1582,  0.0981,  0.0675,
         0.0550, -0.0011,  0.2130,  0.1150,  0.3901,  0.2153,  0.1970,  0.1918,
         0.1039])"
40,40,0.2966701474167614,"tensor([0.3609, 0.5014, 0.3201, 0.2849, 0.1461, 0.5922, 0.5550, 0.4434, 0.0152,
        0.2441, 0.1962, 0.1165, 0.2545, 0.2856, 0.0990, 0.3443, 0.4570, 0.0326,
        0.0710, 0.4634, 0.4855, 0.2004, 0.2667, 0.2919, 0.2600, 0.2719, 0.3409,
        0.4308, 0.3748, 0.2292, 0.2965, 0.0403, 0.3071, 0.1032, 0.4034, 0.3311,
        0.2071, 0.5957, 0.0882, 0.2687, 0.2237, 0.4613, 0.1555, 0.2468, 0.2712,
        0.2979, 0.1359, 0.3610, 0.1495, 0.1374, 0.1031, 0.1663, 0.3264, 0.1893,
        0.2677, 0.3612, 0.1965, 0.1769, 0.0795, 0.1133, 0.2344, 0.1573, 0.3276,
        0.1659, 0.3716, 0.3109, 0.0950, 0.3405, 0.5146, 0.1685, 0.2326, 0.1768,
        0.3048, 0.2127, 0.3275, 0.2063, 0.0889, 0.0503, 0.1876, 0.0106, 0.3909,
        0.0307, 0.0480, 0.1834, 0.1537, 0.2923, 0.2237, 0.6190, 0.1850, 0.1001,
        0.3444, 0.0306, 0.2778, 0.0876, 0.1115, 0.1536, 0.0287, 0.0728, 0.3353,
        0.2986, 0.3373, 0.3430, 0.1475, 0.1727, 0.3999, 0.3292, 0.1711, 0.2647,
        0.1232, 0.2883, 0.3269, 0.3113, 0.5115, 0.5671, 0.1785, 0.4490, 0.3811,
        0.2096, 0.1112, 0.5320, 0.2476, 0.5206, 0.3923, 0.3266, 0.3219, 0.3577,
        0.3268, 0.5393, 0.2105, 0.1048, 0.1832, 0.4646, 0.5243, 0.1973, 0.1328,
        0.2384, 0.2061, 0.1297, 0.0505, 0.2272, 0.0999, 0.1997, 0.1190, 0.1965,
        0.2310, 0.0701, 0.4399, 0.2356, 0.1212, 0.2577, 0.2142, 0.3842, 0.1469,
        0.2486, 0.2986, 0.2092, 0.1307, 0.4336, 0.2906, 0.2932, 0.2646, 0.1078,
        0.1231, 0.0960, 0.5947, 0.4266, 0.3978, 0.4285, 0.4966, 0.4702, 0.5884,
        0.4444, 0.0649, 0.1363, 0.2240, 0.2408, 0.1539, 0.1475, 0.1870, 0.4432,
        0.1459, 0.3907, 0.1756, 0.6317, 0.0847, 0.2340, 0.4293, 0.1482, 0.2070,
        0.2836, 0.1699, 0.3912, 0.2058, 0.4738, 0.5591, 0.3085, 0.2589, 0.0229,
        0.3471, 0.2922, 0.0235, 0.0511, 0.5891, 0.5449, 0.3125, 0.3107, 0.2349,
        0.0930, 0.0850, 0.1218, 0.3484, 0.0520, 0.1417, 0.5161, 0.2147, 0.2608,
        0.1553, 0.0353, 0.1123, 0.0927, 0.4855, 0.4437, 0.4022, 0.3394, 0.1260,
        0.2065, 0.3253, 0.1460, 0.0857, 0.1751, 0.6451, 0.2694, 0.2200, 0.1081,
        0.5602, 0.4549, 0.3390, 0.1331, 0.1652, 0.1167, 0.2934, 0.1554, 0.0492,
        0.1789, 0.0571, 0.1515, 0.3064, 0.4148, 0.2723, 0.2253, 0.6238, 0.1079,
        0.2156, 0.2380, 0.1410, 0.2438, 0.4106, 0.5925, 0.1991, 0.5676, 0.6034,
        0.2318, 0.1431, 0.3225, 0.1116, 0.0302, 0.1809, 0.2434, 0.2301, 0.1480,
        0.2244, 0.0895, 0.1565, 0.2110, 0.1187, 0.0601, 0.1921, 0.2848, 0.2592,
        0.4547, 0.1391, 0.0446, 0.2471, 0.1840, 0.4375, 0.0867, 0.3936, 0.2417,
        0.0622, 0.1050, 0.1581, 0.1908, 0.1779, 0.1483, 0.2201, 0.2651, 0.2611,
        0.2082, 0.2930, 0.2077, 0.1477, 0.1964, 0.1596, 0.1072, 0.1237, 0.0139,
        0.2619, 0.1755, 0.5103, 0.2602, 0.2545, 0.3352, 0.1532])",0.3113945781448741,"tensor([ 3.2982e-01,  3.8244e-01,  2.5338e-01,  2.2110e-01,  8.3796e-02,
         5.6176e-01,  5.4697e-01,  4.3790e-01, -6.1525e-03,  1.5808e-01,
         1.4855e-01,  9.4292e-02,  1.8739e-01,  2.3134e-01,  6.1865e-02,
         2.8241e-01,  3.8345e-01,  5.9304e-03,  2.9067e-02,  4.0748e-01,
         3.5968e-01,  1.8794e-01,  2.4173e-01,  2.2395e-01,  2.1239e-01,
         1.9550e-01,  2.7507e-01,  3.6772e-01,  3.6729e-01,  1.2501e-01,
         1.7094e-01,  1.1516e-02,  3.1061e-01,  6.7472e-02,  3.0300e-01,
         2.6850e-01,  1.7095e-01,  4.6070e-01,  4.4598e-02,  1.5144e-01,
         1.8291e-01,  3.9255e-01,  9.2213e-02,  2.1926e-01,  1.6450e-01,
         1.6214e-01,  6.9869e-02,  2.6661e-01,  6.0678e-02,  1.0387e-01,
         5.9854e-02,  7.5508e-02,  1.7711e-01,  9.9864e-02,  1.2754e-01,
         2.4186e-01,  7.5369e-02,  1.1420e-01,  3.7223e-02,  9.2888e-02,
         1.9709e-01,  8.7650e-02,  1.9724e-01,  8.6076e-02,  3.2687e-01,
         2.0339e-01,  7.7891e-02,  2.9355e-01,  4.6703e-01,  1.3066e-01,
         1.8568e-01,  1.3860e-01,  2.6175e-01,  1.9389e-01,  1.9236e-01,
         1.4187e-01,  3.0532e-02, -8.2187e-03,  1.4234e-01, -6.3379e-03,
         2.8114e-01,  1.4784e-02,  1.2324e-02,  9.5021e-02,  1.0725e-01,
         2.0796e-01,  1.6209e-01,  4.7977e-01,  1.4580e-01,  8.5550e-02,
         2.1167e-01, -4.2764e-03,  1.2825e-01,  4.9261e-02,  9.3218e-02,
         1.1436e-01,  1.8212e-02,  3.9708e-02,  2.6215e-01,  2.7305e-01,
         2.8208e-01,  2.5550e-01,  1.1602e-01,  1.3009e-01,  3.7710e-01,
         2.6974e-01,  9.4821e-02,  1.7947e-01,  8.4022e-02,  2.7026e-01,
         3.1253e-01,  2.6060e-01,  4.5605e-01,  5.0571e-01,  8.2351e-02,
         4.0444e-01,  3.7428e-01,  1.2507e-01,  7.0369e-02,  5.0408e-01,
         1.5691e-01,  4.2390e-01,  3.2776e-01,  1.9752e-01,  2.6431e-01,
         2.3441e-01,  2.7457e-01,  5.1352e-01,  2.0701e-01,  5.6099e-02,
         1.5465e-01,  4.1346e-01,  4.6266e-01,  1.0498e-01,  8.9627e-02,
         1.1779e-01,  8.0661e-02,  9.9229e-02,  4.7942e-02,  1.6415e-01,
         5.7068e-02,  1.7139e-01,  9.8059e-02,  1.5583e-01,  1.6266e-01,
         5.9026e-02,  3.5939e-01,  1.5168e-01,  1.0704e-01,  1.5088e-01,
         1.1872e-01,  2.7726e-01,  6.5018e-02,  1.7597e-01,  2.0323e-01,
         1.9269e-01,  8.7347e-02,  3.5863e-01,  2.5841e-01,  2.8625e-01,
         1.4650e-01,  5.6822e-02,  6.1748e-02,  7.3509e-02,  5.2060e-01,
         4.1105e-01,  3.6639e-01,  3.7907e-01,  4.3355e-01,  4.1721e-01,
         5.3807e-01,  4.0896e-01,  1.9915e-02,  1.0033e-01,  1.5043e-01,
         2.6747e-01,  1.2983e-01,  7.1960e-02,  1.2157e-01,  4.5367e-01,
         6.9774e-02,  3.2319e-01,  1.4010e-01,  3.9684e-01,  2.9252e-02,
         1.8492e-01,  3.0067e-01,  7.2569e-02,  1.4756e-01,  2.7172e-01,
         1.4354e-01,  3.2703e-01,  2.0549e-01,  3.7761e-01,  4.2019e-01,
         1.9162e-01,  1.5694e-01, -6.9126e-03,  2.3668e-01,  2.1416e-01,
         8.4149e-03,  1.3575e-02,  5.3773e-01,  4.3672e-01,  2.7199e-01,
         2.1125e-01,  1.9853e-01,  4.5631e-02,  1.7427e-02,  5.4368e-02,
         2.3510e-01,  3.6786e-02,  1.0385e-01,  5.2499e-01,  1.8409e-01,
         2.1616e-01,  9.5483e-02,  1.2238e-03,  7.8615e-02,  5.6500e-02,
         3.0697e-01,  2.5424e-01,  3.1922e-01,  1.8977e-01,  8.6132e-02,
         2.0460e-01,  2.9736e-01,  1.0680e-01,  4.8947e-02,  1.1502e-01,
         4.5079e-01,  2.4853e-01,  1.5441e-01,  4.5766e-02,  4.7337e-01,
         3.9669e-01,  1.9298e-01,  1.1156e-01,  1.2095e-01,  6.2935e-02,
         1.9384e-01,  1.0524e-01,  2.8147e-02,  1.4670e-01,  2.1730e-02,
         9.9737e-02,  2.2082e-01,  3.6663e-01,  1.8341e-01,  1.7176e-01,
         6.0064e-01,  6.6545e-02,  1.8772e-01,  1.7310e-01,  1.0599e-01,
         1.7656e-01,  3.6099e-01,  5.5554e-01,  1.4143e-01,  4.9290e-01,
         5.0361e-01,  2.0752e-01,  7.6433e-02,  2.2706e-01,  7.2655e-02,
         5.7675e-03,  1.3154e-01,  1.5049e-01,  2.1267e-01,  1.3147e-01,
         1.6704e-01,  7.3861e-02,  1.0800e-01,  1.8598e-01,  7.8763e-02,
         5.2349e-02,  1.7123e-01,  1.9730e-01,  2.2623e-01,  3.9731e-01,
         1.2228e-01,  2.0176e-02,  1.5637e-01,  1.4061e-01,  3.7619e-01,
         4.8733e-02,  3.1091e-01,  2.2263e-01,  2.2835e-02,  6.1721e-02,
         1.3602e-01,  1.9076e-01,  1.3109e-01,  1.0550e-01,  1.4665e-01,
         2.2782e-01,  2.0821e-01,  1.5981e-01,  1.6472e-01,  1.7746e-01,
         1.1385e-01,  1.5705e-01,  9.9141e-02,  7.4556e-02,  4.8251e-02,
        -1.9475e-05,  2.1216e-01,  1.1602e-01,  3.8484e-01,  2.1291e-01,
         1.9773e-01,  1.8941e-01,  1.0194e-01])"
41,41,0.2960775548090507,"tensor([0.3625, 0.5050, 0.3212, 0.2882, 0.1464, 0.5935, 0.5586, 0.4447, 0.0190,
        0.2463, 0.1969, 0.1182, 0.2587, 0.2887, 0.0986, 0.3478, 0.4594, 0.0280,
        0.0732, 0.4654, 0.4899, 0.2014, 0.2695, 0.2947, 0.2607, 0.2727, 0.3436,
        0.4349, 0.3776, 0.2325, 0.2987, 0.0423, 0.3134, 0.1036, 0.4058, 0.3314,
        0.2085, 0.6008, 0.0839, 0.2723, 0.2275, 0.4634, 0.1576, 0.2497, 0.2758,
        0.3031, 0.1376, 0.3703, 0.1544, 0.1337, 0.1052, 0.1712, 0.3285, 0.1917,
        0.2729, 0.3659, 0.1994, 0.1770, 0.0771, 0.1143, 0.2318, 0.1602, 0.3307,
        0.1697, 0.3714, 0.3153, 0.0967, 0.3415, 0.5148, 0.1716, 0.2331, 0.1774,
        0.3069, 0.2032, 0.3334, 0.2098, 0.0973, 0.0511, 0.1924, 0.0094, 0.3943,
        0.0324, 0.0493, 0.1822, 0.1577, 0.2953, 0.2208, 0.6236, 0.1839, 0.1050,
        0.3468, 0.0267, 0.2811, 0.0851, 0.1178, 0.1560, 0.0258, 0.0760, 0.3395,
        0.3007, 0.3388, 0.3454, 0.1449, 0.1748, 0.4057, 0.3314, 0.1744, 0.2668,
        0.1237, 0.2901, 0.3326, 0.3128, 0.5129, 0.5695, 0.1835, 0.4495, 0.3801,
        0.2110, 0.1144, 0.5325, 0.2495, 0.5244, 0.3967, 0.3297, 0.3229, 0.3617,
        0.3280, 0.5418, 0.2083, 0.1020, 0.1856, 0.4657, 0.5262, 0.2006, 0.1354,
        0.2425, 0.2090, 0.1320, 0.0621, 0.2276, 0.1021, 0.2008, 0.1214, 0.1986,
        0.2369, 0.0777, 0.4418, 0.2411, 0.1286, 0.2595, 0.2192, 0.3894, 0.1486,
        0.2536, 0.3018, 0.2075, 0.1304, 0.4375, 0.2919, 0.2929, 0.2697, 0.1156,
        0.1286, 0.0946, 0.5963, 0.4276, 0.3997, 0.4302, 0.4987, 0.4695, 0.5906,
        0.4448, 0.0635, 0.1396, 0.2273, 0.2389, 0.1536, 0.1512, 0.1878, 0.4459,
        0.1487, 0.3947, 0.1804, 0.6392, 0.0877, 0.2350, 0.4333, 0.1524, 0.2080,
        0.2854, 0.1710, 0.3925, 0.2098, 0.4758, 0.5644, 0.3104, 0.2603, 0.0243,
        0.3514, 0.2920, 0.0232, 0.0510, 0.5912, 0.5483, 0.3134, 0.3129, 0.2358,
        0.0880, 0.0854, 0.1236, 0.3527, 0.0545, 0.1423, 0.5216, 0.2121, 0.2604,
        0.1561, 0.0360, 0.1148, 0.0942, 0.4898, 0.4493, 0.4056, 0.3441, 0.1262,
        0.2055, 0.3242, 0.1475, 0.0977, 0.1757, 0.6497, 0.2709, 0.2218, 0.1126,
        0.5631, 0.4579, 0.3439, 0.1327, 0.1662, 0.1181, 0.2977, 0.1593, 0.0501,
        0.1801, 0.0633, 0.1504, 0.3081, 0.4163, 0.2761, 0.2265, 0.6244, 0.1091,
        0.2153, 0.2400, 0.1432, 0.2453, 0.4124, 0.5938, 0.2006, 0.5700, 0.6064,
        0.2334, 0.1440, 0.3278, 0.1114, 0.0289, 0.1807, 0.2464, 0.2315, 0.1476,
        0.2258, 0.0961, 0.1591, 0.2114, 0.1200, 0.0589, 0.1923, 0.2884, 0.2608,
        0.4561, 0.1393, 0.0400, 0.2500, 0.1858, 0.4404, 0.0825, 0.3964, 0.2408,
        0.0598, 0.1068, 0.1633, 0.1897, 0.1801, 0.1525, 0.2239, 0.2653, 0.2637,
        0.2082, 0.2953, 0.2084, 0.1479, 0.1971, 0.1603, 0.1093, 0.1235, 0.0165,
        0.2626, 0.1778, 0.5153, 0.2641, 0.2551, 0.3385, 0.1529])",0.3114682936374052,"tensor([ 0.3323,  0.3773,  0.2516,  0.2188,  0.0856,  0.5624,  0.5493,  0.4396,
        -0.0079,  0.1566,  0.1476,  0.0934,  0.1827,  0.2333,  0.0636,  0.2803,
         0.3867,  0.0143,  0.0365,  0.4053,  0.3551,  0.1878,  0.2415,  0.2177,
         0.2105,  0.1902,  0.2737,  0.3739,  0.3704,  0.1308,  0.1729,  0.0144,
         0.3108,  0.0680,  0.2985,  0.2693,  0.1712,  0.4575,  0.0410,  0.1491,
         0.1838,  0.3887,  0.0904,  0.2182,  0.1617,  0.1619,  0.0690,  0.2647,
         0.0663,  0.1069,  0.0586,  0.0772,  0.1835,  0.0966,  0.1234,  0.2420,
         0.0803,  0.1169,  0.0330,  0.0861,  0.1919,  0.0849,  0.1965,  0.0919,
         0.3279,  0.2032,  0.0688,  0.2922,  0.4689,  0.1322,  0.1825,  0.1324,
         0.2582,  0.1974,  0.1899,  0.1329,  0.0285, -0.0119,  0.1388,  0.0022,
         0.2790, -0.0043,  0.0095,  0.0897,  0.1089,  0.2077,  0.1514,  0.4781,
         0.1532,  0.0822,  0.2083, -0.0053,  0.1318,  0.0452,  0.0944,  0.1159,
         0.0198,  0.0384,  0.2630,  0.2680,  0.2814,  0.2496,  0.1205,  0.1307,
         0.3845,  0.2693,  0.0940,  0.1839,  0.0879,  0.2697,  0.3141,  0.2606,
         0.4530,  0.5070,  0.0867,  0.4022,  0.3720,  0.1211,  0.0722,  0.5049,
         0.1530,  0.4150,  0.3267,  0.1956,  0.2633,  0.2339,  0.2759,  0.5125,
         0.2038,  0.0537,  0.1555,  0.4128,  0.4630,  0.1033,  0.0889,  0.1243,
         0.0872,  0.0895,  0.0544,  0.1641,  0.0543,  0.1760,  0.0952,  0.1527,
         0.1657,  0.0514,  0.3571,  0.1503,  0.1047,  0.1507,  0.1236,  0.2754,
         0.0619,  0.1810,  0.2006,  0.1893,  0.0860,  0.3571,  0.2553,  0.2794,
         0.1430,  0.0590,  0.0645,  0.0714,  0.5148,  0.4079,  0.3664,  0.3788,
         0.4310,  0.4200,  0.5368,  0.4053,  0.0194,  0.1031,  0.1538,  0.2701,
         0.1338,  0.0768,  0.1086,  0.4526,  0.0610,  0.3247,  0.1421,  0.3943,
         0.0272,  0.1874,  0.3017,  0.0702,  0.1444,  0.2636,  0.1405,  0.3249,
         0.2007,  0.3790,  0.4209,  0.1862,  0.1544, -0.0091,  0.2399,  0.2081,
         0.0064,  0.0247,  0.5352,  0.4298,  0.2682,  0.2076,  0.1975,  0.0403,
         0.0090,  0.0566,  0.2342,  0.0321,  0.0966,  0.5251,  0.1785,  0.2170,
         0.0969,  0.0012,  0.0683,  0.0517,  0.3060,  0.2477,  0.3188,  0.1880,
         0.0830,  0.1948,  0.3016,  0.1030,  0.0514,  0.1155,  0.4518,  0.2505,
         0.1580,  0.0485,  0.4683,  0.3958,  0.1922,  0.1135,  0.1213,  0.0646,
         0.1911,  0.1046,  0.0321,  0.1458,  0.0382,  0.0937,  0.2179,  0.3666,
         0.1815,  0.1828,  0.6017,  0.0716,  0.1855,  0.1697,  0.1077,  0.1799,
         0.3606,  0.5577,  0.1392,  0.4936,  0.5031,  0.2033,  0.0733,  0.2250,
         0.0709,  0.0121,  0.1254,  0.1528,  0.2145,  0.1320,  0.1717,  0.0705,
         0.1056,  0.1865,  0.0760,  0.0405,  0.1743,  0.1942,  0.2281,  0.3960,
         0.1104,  0.0182,  0.1517,  0.1385,  0.3764,  0.0578,  0.3084,  0.2278,
         0.0249,  0.0597,  0.1382,  0.1971,  0.1337,  0.1095,  0.1462,  0.2280,
         0.2054,  0.1645,  0.1673,  0.1757,  0.1153,  0.1593,  0.0988,  0.0742,
         0.0389,  0.0044,  0.2116,  0.1117,  0.3824,  0.2134,  0.2005,  0.1870,
         0.1039])"
42,42,0.29565060803026605,"tensor([0.3636, 0.5081, 0.3244, 0.2894, 0.1490, 0.5938, 0.5593, 0.4456, 0.0164,
        0.2472, 0.1979, 0.1188, 0.2589, 0.2890, 0.1002, 0.3476, 0.4598, 0.0295,
        0.0730, 0.4664, 0.4928, 0.2043, 0.2700, 0.2979, 0.2612, 0.2732, 0.3442,
        0.4378, 0.3783, 0.2318, 0.3025, 0.0448, 0.3140, 0.1058, 0.4078, 0.3344,
        0.2096, 0.6035, 0.0826, 0.2736, 0.2260, 0.4657, 0.1587, 0.2502, 0.2803,
        0.3092, 0.1365, 0.3725, 0.1555, 0.1397, 0.1078, 0.1744, 0.3333, 0.1939,
        0.2762, 0.3695, 0.2027, 0.1799, 0.0711, 0.1128, 0.2354, 0.1608, 0.3298,
        0.1713, 0.3719, 0.3182, 0.0982, 0.3425, 0.5151, 0.1698, 0.2339, 0.1771,
        0.3084, 0.2130, 0.3378, 0.2207, 0.0995, 0.0467, 0.1947, 0.0150, 0.3965,
        0.0321, 0.0450, 0.1888, 0.1640, 0.2959, 0.2251, 0.6283, 0.1865, 0.0979,
        0.3509, 0.0334, 0.2854, 0.0850, 0.1178, 0.1586, 0.0306, 0.0742, 0.3407,
        0.3008, 0.3410, 0.3475, 0.1474, 0.1753, 0.4061, 0.3329, 0.1720, 0.2673,
        0.1246, 0.2901, 0.3309, 0.3135, 0.5133, 0.5713, 0.1877, 0.4544, 0.3812,
        0.2141, 0.1144, 0.5329, 0.2521, 0.5281, 0.3992, 0.3356, 0.3246, 0.3626,
        0.3293, 0.5423, 0.2129, 0.0980, 0.1841, 0.4671, 0.5271, 0.2014, 0.1426,
        0.2468, 0.2139, 0.1324, 0.0585, 0.2317, 0.1040, 0.2014, 0.1236, 0.1984,
        0.2383, 0.0744, 0.4430, 0.2426, 0.1257, 0.2589, 0.2217, 0.3914, 0.1520,
        0.2544, 0.3026, 0.2096, 0.1315, 0.4401, 0.2947, 0.2943, 0.2722, 0.1146,
        0.1308, 0.0969, 0.5989, 0.4287, 0.4013, 0.4312, 0.4994, 0.4707, 0.5924,
        0.4462, 0.0654, 0.1384, 0.2293, 0.2407, 0.1538, 0.1553, 0.1853, 0.4462,
        0.1509, 0.3951, 0.1761, 0.6437, 0.0818, 0.2346, 0.4369, 0.1540, 0.2097,
        0.2843, 0.1729, 0.3936, 0.2055, 0.4801, 0.5658, 0.3151, 0.2605, 0.0212,
        0.3523, 0.2956, 0.0266, 0.0525, 0.5927, 0.5502, 0.3158, 0.3143, 0.2371,
        0.0904, 0.0876, 0.1270, 0.3554, 0.0551, 0.1426, 0.5244, 0.2153, 0.2617,
        0.1609, 0.0360, 0.1116, 0.0949, 0.4933, 0.4551, 0.4085, 0.3456, 0.1249,
        0.2083, 0.3293, 0.1485, 0.1033, 0.1792, 0.6536, 0.2712, 0.2230, 0.1145,
        0.5655, 0.4582, 0.3448, 0.1332, 0.1677, 0.1193, 0.3040, 0.1597, 0.0506,
        0.1815, 0.0640, 0.1517, 0.3104, 0.4169, 0.2786, 0.2329, 0.6253, 0.1060,
        0.2157, 0.2415, 0.1430, 0.2445, 0.4130, 0.5950, 0.2008, 0.5711, 0.6091,
        0.2342, 0.1456, 0.3292, 0.1150, 0.0275, 0.1810, 0.2505, 0.2325, 0.1495,
        0.2283, 0.0948, 0.1557, 0.2131, 0.1214, 0.0593, 0.1934, 0.2906, 0.2626,
        0.4570, 0.1390, 0.0458, 0.2521, 0.1861, 0.4421, 0.0846, 0.3952, 0.2435,
        0.0595, 0.1083, 0.1643, 0.1934, 0.1817, 0.1519, 0.2271, 0.2679, 0.2652,
        0.2111, 0.2989, 0.2093, 0.1485, 0.1978, 0.1626, 0.1099, 0.1255, 0.0216,
        0.2643, 0.1778, 0.5165, 0.2649, 0.2566, 0.3436, 0.1539])",0.31195150003021144,"tensor([ 0.3312,  0.3755,  0.2533,  0.2219,  0.0799,  0.5588,  0.5456,  0.4428,
        -0.0072,  0.1495,  0.1513,  0.0876,  0.1862,  0.2265,  0.0603,  0.2780,
         0.3846,  0.0088,  0.0356,  0.4030,  0.3512,  0.1927,  0.2402,  0.2183,
         0.2122,  0.1910,  0.2722,  0.3671,  0.3668,  0.1308,  0.1708,  0.0105,
         0.3075,  0.0702,  0.3007,  0.2673,  0.1691,  0.4575,  0.0462,  0.1508,
         0.1807,  0.3917,  0.0914,  0.2215,  0.1624,  0.1579,  0.0685,  0.2656,
         0.0629,  0.1058,  0.0635,  0.0816,  0.1854,  0.1007,  0.1269,  0.2396,
         0.0782,  0.1142,  0.0339,  0.0839,  0.1960,  0.0884,  0.1970,  0.0982,
         0.3293,  0.2005,  0.0763,  0.2937,  0.4671,  0.1237,  0.1865,  0.1332,
         0.2614,  0.1888,  0.1906,  0.1372,  0.0307, -0.0049,  0.1484,  0.0083,
         0.2809,  0.0161,  0.0114,  0.0935,  0.1154,  0.2096,  0.1628,  0.4784,
         0.1488,  0.0885,  0.2133, -0.0066,  0.1277,  0.0479,  0.1068,  0.1152,
         0.0142,  0.0411,  0.2618,  0.2700,  0.2827,  0.2534,  0.1145,  0.1305,
         0.3799,  0.2695,  0.0951,  0.1822,  0.0864,  0.2713,  0.3129,  0.2599,
         0.4550,  0.5065,  0.0884,  0.4027,  0.3744,  0.1211,  0.0724,  0.5043,
         0.1503,  0.4168,  0.3284,  0.1938,  0.2676,  0.2327,  0.2768,  0.5118,
         0.2050,  0.0650,  0.1528,  0.4123,  0.4627,  0.1050,  0.0902,  0.1262,
         0.0887,  0.0911,  0.0386,  0.1636,  0.0564,  0.1762,  0.0959,  0.1567,
         0.1638,  0.0548,  0.3587,  0.1466,  0.1081,  0.1539,  0.1187,  0.2749,
         0.0603,  0.1789,  0.2035,  0.1942,  0.0896,  0.3545,  0.2551,  0.2856,
         0.1444,  0.0635,  0.0642,  0.0797,  0.5220,  0.4112,  0.3707,  0.3754,
         0.4359,  0.4148,  0.5384,  0.4094,  0.0213,  0.0987,  0.1530,  0.2782,
         0.1381,  0.0789,  0.1170,  0.4508,  0.0667,  0.3229,  0.1391,  0.3978,
         0.0271,  0.1862,  0.2946,  0.0705,  0.1481,  0.2546,  0.1420,  0.3265,
         0.2017,  0.3932,  0.4215,  0.1851,  0.1597, -0.0007,  0.2397,  0.2151,
         0.0086,  0.0262,  0.5371,  0.4325,  0.2721,  0.2092,  0.1999,  0.0416,
         0.0113,  0.0489,  0.2327,  0.0308,  0.1052,  0.5243,  0.1823,  0.2163,
         0.0913,  0.0033,  0.0686,  0.0543,  0.3084,  0.2471,  0.3168,  0.1826,
         0.0823,  0.2025,  0.3003,  0.1086,  0.0488,  0.1160,  0.4513,  0.2454,
         0.1583,  0.0514,  0.4706,  0.3988,  0.1951,  0.1160,  0.1216,  0.0649,
         0.1908,  0.1035,  0.0292,  0.1442,  0.0233,  0.0983,  0.2180,  0.3663,
         0.1820,  0.1754,  0.6033,  0.0673,  0.1838,  0.1727,  0.1069,  0.1779,
         0.3595,  0.5577,  0.1392,  0.4908,  0.4997,  0.2064,  0.0754,  0.2277,
         0.0718,  0.0052,  0.1280,  0.1558,  0.2148,  0.1322,  0.1658,  0.0717,
         0.1070,  0.1842,  0.0771,  0.0315,  0.1733,  0.1942,  0.2321,  0.3980,
         0.1191,  0.0238,  0.1564,  0.1427,  0.3755,  0.0555,  0.3095,  0.2256,
         0.0245,  0.0633,  0.1381,  0.1878,  0.1320,  0.1100,  0.1429,  0.2252,
         0.2073,  0.1595,  0.1704,  0.1764,  0.1119,  0.1575,  0.0974,  0.0770,
         0.0498,  0.0075,  0.2134,  0.1137,  0.3841,  0.2140,  0.1966,  0.1850,
         0.1033])"
43,43,0.2951338692530759,"tensor([0.3650, 0.5111, 0.3256, 0.2913, 0.1516, 0.5952, 0.5622, 0.4459, 0.0199,
        0.2497, 0.1982, 0.1203, 0.2618, 0.2942, 0.0999, 0.3499, 0.4614, 0.0328,
        0.0745, 0.4677, 0.4949, 0.2027, 0.2689, 0.3004, 0.2627, 0.2752, 0.3473,
        0.4405, 0.3770, 0.2383, 0.3048, 0.0424, 0.3124, 0.1045, 0.4101, 0.3330,
        0.2118, 0.6088, 0.0854, 0.2816, 0.2294, 0.4671, 0.1619, 0.2538, 0.2827,
        0.3112, 0.1415, 0.3761, 0.1589, 0.1410, 0.1054, 0.1756, 0.3373, 0.2000,
        0.2788, 0.3708, 0.2029, 0.1815, 0.0781, 0.1157, 0.2371, 0.1635, 0.3354,
        0.1763, 0.3732, 0.3217, 0.0972, 0.3439, 0.5163, 0.1722, 0.2370, 0.1813,
        0.3079, 0.2161, 0.3436, 0.2300, 0.0964, 0.0503, 0.1937, 0.0126, 0.3984,
        0.0319, 0.0487, 0.1927, 0.1642, 0.2983, 0.2254, 0.6320, 0.1871, 0.1066,
        0.3540, 0.0275, 0.2893, 0.0890, 0.1190, 0.1550, 0.0301, 0.0777, 0.3434,
        0.3000, 0.3417, 0.3503, 0.1453, 0.1753, 0.4096, 0.3357, 0.1773, 0.2695,
        0.1280, 0.2931, 0.3311, 0.3142, 0.5149, 0.5728, 0.1903, 0.4533, 0.3808,
        0.2168, 0.1162, 0.5342, 0.2537, 0.5304, 0.4044, 0.3368, 0.3273, 0.3674,
        0.3301, 0.5434, 0.2112, 0.1087, 0.1851, 0.4682, 0.5279, 0.2058, 0.1534,
        0.2480, 0.2187, 0.1304, 0.0639, 0.2343, 0.1043, 0.2024, 0.1233, 0.2001,
        0.2385, 0.0689, 0.4465, 0.2434, 0.1247, 0.2630, 0.2226, 0.3965, 0.1519,
        0.2557, 0.3079, 0.2112, 0.1340, 0.4426, 0.2918, 0.2956, 0.2757, 0.1189,
        0.1326, 0.0990, 0.5987, 0.4301, 0.4012, 0.4310, 0.5019, 0.4726, 0.5938,
        0.4484, 0.0714, 0.1391, 0.2304, 0.2442, 0.1550, 0.1511, 0.1875, 0.4478,
        0.1504, 0.3976, 0.1809, 0.6484, 0.0863, 0.2364, 0.4384, 0.1562, 0.2112,
        0.2870, 0.1732, 0.3962, 0.2057, 0.4815, 0.5712, 0.3214, 0.2633, 0.0201,
        0.3585, 0.2971, 0.0219, 0.0541, 0.5929, 0.5537, 0.3162, 0.3161, 0.2389,
        0.0972, 0.0869, 0.1288, 0.3588, 0.0556, 0.1448, 0.5254, 0.2124, 0.2633,
        0.1644, 0.0327, 0.1124, 0.0945, 0.4971, 0.4576, 0.4107, 0.3503, 0.1267,
        0.2022, 0.3298, 0.1499, 0.1045, 0.1811, 0.6593, 0.2739, 0.2256, 0.1194,
        0.5686, 0.4615, 0.3498, 0.1340, 0.1672, 0.1201, 0.3051, 0.1625, 0.0507,
        0.1814, 0.0657, 0.1544, 0.3136, 0.4184, 0.2809, 0.2304, 0.6273, 0.1098,
        0.2172, 0.2439, 0.1420, 0.2471, 0.4135, 0.5961, 0.2029, 0.5730, 0.6108,
        0.2351, 0.1471, 0.3326, 0.1168, 0.0305, 0.1821, 0.2529, 0.2333, 0.1495,
        0.2280, 0.0948, 0.1614, 0.2132, 0.1217, 0.0608, 0.1956, 0.2926, 0.2665,
        0.4590, 0.1359, 0.0444, 0.2523, 0.1891, 0.4436, 0.0847, 0.3995, 0.2425,
        0.0626, 0.1108, 0.1657, 0.1939, 0.1838, 0.1507, 0.2297, 0.2672, 0.2667,
        0.2120, 0.3034, 0.2104, 0.1490, 0.1998, 0.1661, 0.1100, 0.1297, 0.0198,
        0.2652, 0.1799, 0.5217, 0.2647, 0.2573, 0.3472, 0.1543])",0.31232460339864093,"tensor([ 3.2567e-01,  3.7704e-01,  2.5231e-01,  2.1856e-01,  7.7253e-02,
         5.5796e-01,  5.5009e-01,  4.3976e-01, -4.7524e-03,  1.5072e-01,
         1.4462e-01,  8.7292e-02,  1.9028e-01,  2.3289e-01,  6.1100e-02,
         2.7697e-01,  3.8092e-01,  1.0762e-02,  3.3849e-02,  4.0493e-01,
         3.5471e-01,  1.9243e-01,  2.3925e-01,  2.2166e-01,  2.1642e-01,
         1.9298e-01,  2.6931e-01,  3.7602e-01,  3.7325e-01,  1.2973e-01,
         1.6870e-01,  1.1777e-02,  3.1079e-01,  6.5116e-02,  2.9346e-01,
         2.6588e-01,  1.6766e-01,  4.4973e-01,  4.9462e-02,  1.5214e-01,
         1.8424e-01,  3.8770e-01,  8.9464e-02,  2.2040e-01,  1.6060e-01,
         1.5997e-01,  6.9825e-02,  2.6767e-01,  6.3869e-02,  1.0184e-01,
         6.3390e-02,  6.6285e-02,  1.8476e-01,  9.5593e-02,  1.2242e-01,
         2.3957e-01,  7.3516e-02,  1.1645e-01,  2.4996e-02,  8.0296e-02,
         1.9624e-01,  7.7772e-02,  1.9555e-01,  9.6044e-02,  3.2352e-01,
         1.9351e-01,  7.5680e-02,  2.8998e-01,  4.6707e-01,  1.3445e-01,
         1.8440e-01,  1.3565e-01,  2.6195e-01,  1.9959e-01,  1.8220e-01,
         1.3999e-01,  2.6072e-02, -9.3615e-04,  1.4801e-01,  5.0364e-04,
         2.7478e-01,  8.9435e-03,  5.6167e-03,  9.0847e-02,  1.0593e-01,
         2.0383e-01,  1.6283e-01,  4.7347e-01,  1.5082e-01,  9.1049e-02,
         2.0698e-01, -2.3526e-04,  1.2952e-01,  4.6283e-02,  1.0337e-01,
         1.1543e-01,  1.8436e-02,  4.0150e-02,  2.5650e-01,  2.7269e-01,
         2.8236e-01,  2.5317e-01,  1.1481e-01,  1.2594e-01,  3.7877e-01,
         2.6871e-01,  1.0129e-01,  1.7691e-01,  8.3742e-02,  2.6913e-01,
         3.0101e-01,  2.6293e-01,  4.4951e-01,  5.0365e-01,  8.4236e-02,
         4.0180e-01,  3.7507e-01,  1.1700e-01,  7.8246e-02,  5.0154e-01,
         1.5029e-01,  4.1415e-01,  3.2750e-01,  1.8978e-01,  2.6263e-01,
         2.3053e-01,  2.7480e-01,  5.0925e-01,  1.9966e-01,  6.1779e-02,
         1.5404e-01,  4.0994e-01,  4.6250e-01,  1.0205e-01,  9.9385e-02,
         1.1843e-01,  8.2346e-02,  9.4681e-02,  4.3799e-02,  1.5891e-01,
         5.7349e-02,  1.7605e-01,  9.7919e-02,  1.5511e-01,  1.6442e-01,
         5.1197e-02,  3.5483e-01,  1.4726e-01,  9.7747e-02,  1.4195e-01,
         1.1683e-01,  2.6896e-01,  6.2129e-02,  1.7813e-01,  2.0307e-01,
         1.9597e-01,  8.7077e-02,  3.5119e-01,  2.5380e-01,  2.8280e-01,
         1.4720e-01,  5.5900e-02,  6.4759e-02,  7.2895e-02,  5.1390e-01,
         4.1163e-01,  3.6121e-01,  3.7604e-01,  4.2844e-01,  4.1415e-01,
         5.3347e-01,  4.0315e-01,  2.0049e-02,  1.0078e-01,  1.4834e-01,
         2.7086e-01,  1.3013e-01,  7.6182e-02,  1.1479e-01,  4.4806e-01,
         6.2016e-02,  3.2064e-01,  1.4254e-01,  3.8673e-01,  2.4872e-02,
         1.8301e-01,  2.9708e-01,  7.2257e-02,  1.4627e-01,  2.6463e-01,
         1.4190e-01,  3.1923e-01,  1.9897e-01,  3.8821e-01,  4.1304e-01,
         1.8863e-01,  1.5827e-01, -1.8284e-03,  2.3130e-01,  2.1114e-01,
         6.6922e-03,  3.2014e-02,  5.3559e-01,  4.2735e-01,  2.6911e-01,
         2.0732e-01,  1.9914e-01,  4.3655e-02,  1.8115e-02,  5.8101e-02,
         2.3657e-01,  2.5377e-02,  1.0595e-01,  5.2821e-01,  1.8602e-01,
         2.1510e-01,  9.2847e-02, -2.9576e-03,  7.6775e-02,  4.9487e-02,
         2.9878e-01,  2.4159e-01,  3.1760e-01,  1.7926e-01,  6.8849e-02,
         2.0516e-01,  3.0363e-01,  1.0718e-01,  5.2849e-02,  1.1433e-01,
         4.4543e-01,  2.4605e-01,  1.5713e-01,  4.5441e-02,  4.6603e-01,
         3.9598e-01,  1.8854e-01,  1.0607e-01,  1.2100e-01,  6.3410e-02,
         1.8964e-01,  1.0367e-01,  2.7753e-02,  1.4571e-01,  2.7582e-02,
         1.0368e-01,  2.1445e-01,  3.6358e-01,  1.8624e-01,  1.8857e-01,
         5.9899e-01,  7.0409e-02,  1.8610e-01,  1.7338e-01,  1.0452e-01,
         1.7409e-01,  3.5809e-01,  5.5652e-01,  1.3608e-01,  4.8948e-01,
         4.9846e-01,  2.0614e-01,  7.2827e-02,  2.2662e-01,  7.1856e-02,
         7.4761e-03,  1.2283e-01,  1.4478e-01,  2.1418e-01,  1.2490e-01,
         1.7029e-01,  7.4665e-02,  1.0569e-01,  1.8336e-01,  7.3843e-02,
         3.4955e-02,  1.7477e-01,  1.8946e-01,  2.2995e-01,  3.9420e-01,
         1.2017e-01,  2.2301e-02,  1.5105e-01,  1.3966e-01,  3.7210e-01,
         5.7424e-02,  3.1025e-01,  2.2435e-01,  1.9051e-02,  6.5348e-02,
         1.4211e-01,  1.9102e-01,  1.2882e-01,  1.0352e-01,  1.4345e-01,
         2.2789e-01,  2.0262e-01,  1.6699e-01,  1.6853e-01,  1.7513e-01,
         1.1485e-01,  1.5709e-01,  9.8911e-02,  6.8166e-02,  4.6701e-02,
         1.7205e-03,  2.1476e-01,  1.1401e-01,  3.8325e-01,  2.1254e-01,
         1.9584e-01,  1.8293e-01,  9.5487e-02])"
44,44,0.294757569076107,"tensor([0.3658, 0.5152, 0.3270, 0.2921, 0.1539, 0.5959, 0.5636, 0.4463, 0.0192,
        0.2530, 0.1962, 0.1124, 0.2628, 0.2969, 0.0995, 0.3509, 0.4628, 0.0332,
        0.0764, 0.4683, 0.4993, 0.2041, 0.2714, 0.2990, 0.2647, 0.2731, 0.3478,
        0.4442, 0.3796, 0.2405, 0.3087, 0.0445, 0.3134, 0.1040, 0.4130, 0.3390,
        0.2134, 0.6100, 0.0897, 0.2802, 0.2287, 0.4694, 0.1619, 0.2542, 0.2874,
        0.3149, 0.1422, 0.3807, 0.1599, 0.1429, 0.1059, 0.1777, 0.3406, 0.1976,
        0.2833, 0.3730, 0.2064, 0.1809, 0.0743, 0.1193, 0.2374, 0.1658, 0.3359,
        0.1791, 0.3738, 0.3253, 0.1013, 0.3437, 0.5167, 0.1692, 0.2385, 0.1775,
        0.3087, 0.2096, 0.3479, 0.2301, 0.0961, 0.0498, 0.1987, 0.0156, 0.4000,
        0.0310, 0.0550, 0.1905, 0.1624, 0.3003, 0.2270, 0.6327, 0.1894, 0.1035,
        0.3584, 0.0321, 0.2909, 0.0868, 0.1189, 0.1576, 0.0311, 0.0753, 0.3405,
        0.3010, 0.3411, 0.3510, 0.1481, 0.1771, 0.4123, 0.3359, 0.1850, 0.2707,
        0.1258, 0.2924, 0.3322, 0.3167, 0.5163, 0.5750, 0.1948, 0.4578, 0.3832,
        0.2179, 0.1176, 0.5343, 0.2564, 0.5324, 0.4064, 0.3415, 0.3293, 0.3697,
        0.3319, 0.5437, 0.2114, 0.1107, 0.1891, 0.4693, 0.5252, 0.2093, 0.1561,
        0.2508, 0.2197, 0.1375, 0.0662, 0.2337, 0.1049, 0.2032, 0.1226, 0.2026,
        0.2461, 0.0821, 0.4473, 0.2457, 0.1274, 0.2649, 0.2272, 0.3985, 0.1571,
        0.2586, 0.3078, 0.2115, 0.1328, 0.4467, 0.2934, 0.2967, 0.2803, 0.1176,
        0.1336, 0.1015, 0.6006, 0.4315, 0.4003, 0.4320, 0.5023, 0.4730, 0.5943,
        0.4499, 0.0681, 0.1401, 0.2322, 0.2328, 0.1569, 0.1496, 0.1835, 0.4475,
        0.1545, 0.3974, 0.1828, 0.6507, 0.0909, 0.2392, 0.4405, 0.1570, 0.2112,
        0.2871, 0.1746, 0.3970, 0.2107, 0.4827, 0.5723, 0.3250, 0.2646, 0.0270,
        0.3613, 0.2970, 0.0251, 0.0499, 0.5953, 0.5561, 0.3159, 0.3182, 0.2385,
        0.0960, 0.0828, 0.1314, 0.3613, 0.0558, 0.1444, 0.5265, 0.2185, 0.2650,
        0.1644, 0.0348, 0.1179, 0.0954, 0.4997, 0.4616, 0.4124, 0.3528, 0.1281,
        0.2051, 0.3349, 0.1513, 0.0985, 0.1828, 0.6609, 0.2736, 0.2280, 0.1193,
        0.5701, 0.4629, 0.3525, 0.1332, 0.1683, 0.1200, 0.3091, 0.1618, 0.0544,
        0.1817, 0.0631, 0.1549, 0.3150, 0.4183, 0.2854, 0.2370, 0.6256, 0.1145,
        0.2173, 0.2450, 0.1450, 0.2488, 0.4160, 0.5973, 0.2044, 0.5734, 0.6129,
        0.2365, 0.1522, 0.3336, 0.1143, 0.0242, 0.1842, 0.2571, 0.2339, 0.1527,
        0.2332, 0.0957, 0.1560, 0.2126, 0.1197, 0.0638, 0.1954, 0.2946, 0.2660,
        0.4588, 0.1432, 0.0467, 0.2548, 0.1881, 0.4460, 0.0895, 0.4001, 0.2436,
        0.0554, 0.1139, 0.1671, 0.1942, 0.1846, 0.1552, 0.2319, 0.2704, 0.2688,
        0.2134, 0.3053, 0.2119, 0.1512, 0.1997, 0.1642, 0.1109, 0.1331, 0.0206,
        0.2659, 0.1791, 0.5253, 0.2655, 0.2592, 0.3512, 0.1541])",0.31228613706282626,"tensor([ 3.3111e-01,  3.7583e-01,  2.5224e-01,  2.2156e-01,  7.8729e-02,
         5.6192e-01,  5.5066e-01,  4.4298e-01, -1.4863e-02,  1.5228e-01,
         1.4943e-01,  8.8524e-02,  1.8700e-01,  2.3251e-01,  6.2330e-02,
         2.7757e-01,  3.8462e-01,  1.7580e-02,  3.7934e-02,  4.0547e-01,
         3.5134e-01,  1.9224e-01,  2.4275e-01,  2.1858e-01,  2.0949e-01,
         1.9350e-01,  2.6983e-01,  3.7166e-01,  3.7357e-01,  1.2818e-01,
         1.6680e-01,  2.8292e-03,  3.1648e-01,  6.8872e-02,  2.9248e-01,
         2.7602e-01,  1.6967e-01,  4.5088e-01,  4.5055e-02,  1.5229e-01,
         1.8362e-01,  3.9027e-01,  9.0789e-02,  2.1799e-01,  1.5840e-01,
         1.5517e-01,  7.0106e-02,  2.7045e-01,  6.1147e-02,  1.0030e-01,
         6.2355e-02,  7.5360e-02,  1.8070e-01,  9.5598e-02,  1.2267e-01,
         2.3672e-01,  7.7484e-02,  1.1458e-01,  2.2898e-02,  8.8861e-02,
         1.9907e-01,  8.4560e-02,  1.9099e-01,  9.8940e-02,  3.2641e-01,
         2.0071e-01,  7.9161e-02,  2.8973e-01,  4.6854e-01,  1.2754e-01,
         1.8423e-01,  1.3858e-01,  2.6371e-01,  1.9753e-01,  1.8516e-01,
         1.3335e-01,  3.0366e-02,  2.0626e-03,  1.4797e-01,  3.2207e-03,
         2.7555e-01, -1.8579e-04,  8.3612e-03,  9.5515e-02,  1.1411e-01,
         2.0777e-01,  1.5499e-01,  4.7377e-01,  1.4689e-01,  8.4649e-02,
         2.0710e-01, -1.2693e-03,  1.2962e-01,  4.2145e-02,  1.0148e-01,
         1.1615e-01,  1.9878e-02,  3.6348e-02,  2.5644e-01,  2.6996e-01,
         2.8101e-01,  2.4943e-01,  1.1726e-01,  1.2720e-01,  3.7821e-01,
         2.6919e-01,  9.9963e-02,  1.7110e-01,  8.5157e-02,  2.7219e-01,
         3.0656e-01,  2.6089e-01,  4.5265e-01,  5.0564e-01,  8.2649e-02,
         4.0167e-01,  3.7628e-01,  1.2219e-01,  7.0771e-02,  5.0367e-01,
         1.5422e-01,  4.1390e-01,  3.2801e-01,  1.8608e-01,  2.6396e-01,
         2.3222e-01,  2.7788e-01,  5.1087e-01,  2.0601e-01,  6.0196e-02,
         1.5364e-01,  4.1237e-01,  4.6330e-01,  1.0157e-01,  9.5493e-02,
         1.1999e-01,  8.0745e-02,  9.2887e-02,  5.0402e-02,  1.6301e-01,
         5.8105e-02,  1.7405e-01,  9.5800e-02,  1.5394e-01,  1.6679e-01,
         5.5125e-02,  3.5519e-01,  1.4863e-01,  1.0551e-01,  1.5215e-01,
         1.1670e-01,  2.7276e-01,  6.2289e-02,  1.8214e-01,  1.9545e-01,
         1.9361e-01,  8.9489e-02,  3.5439e-01,  2.5340e-01,  2.8352e-01,
         1.4411e-01,  6.5016e-02,  6.2347e-02,  7.7242e-02,  5.1492e-01,
         4.0958e-01,  3.6488e-01,  3.8335e-01,  4.3184e-01,  4.1818e-01,
         5.3696e-01,  4.0686e-01,  2.0107e-02,  9.9207e-02,  1.5091e-01,
         2.7387e-01,  1.3477e-01,  7.4444e-02,  1.0036e-01,  4.5433e-01,
         6.8348e-02,  3.2132e-01,  1.3909e-01,  3.8563e-01,  2.6480e-02,
         1.8483e-01,  2.9641e-01,  7.4277e-02,  1.4749e-01,  2.6698e-01,
         1.4587e-01,  3.2013e-01,  2.0625e-01,  3.8064e-01,  4.1495e-01,
         1.8943e-01,  1.5789e-01, -2.5115e-03,  2.3261e-01,  2.1094e-01,
         1.1741e-02,  2.3802e-02,  5.3642e-01,  4.2766e-01,  2.6775e-01,
         2.0744e-01,  1.9674e-01,  4.0267e-02,  1.2469e-02,  6.1458e-02,
         2.3103e-01,  2.9679e-02,  1.0305e-01,  5.2226e-01,  1.8268e-01,
         2.1364e-01,  8.4282e-02,  2.6880e-03,  6.7996e-02,  5.2900e-02,
         3.0170e-01,  2.4764e-01,  3.1517e-01,  1.8416e-01,  8.7197e-02,
         2.0787e-01,  3.0473e-01,  1.0646e-01,  4.3806e-02,  1.0974e-01,
         4.4778e-01,  2.4617e-01,  1.5570e-01,  4.3352e-02,  4.6564e-01,
         3.9652e-01,  1.8945e-01,  1.1177e-01,  1.2138e-01,  6.1057e-02,
         1.8960e-01,  1.0310e-01,  2.8033e-02,  1.4338e-01,  3.4672e-02,
         9.8284e-02,  2.1665e-01,  3.6650e-01,  1.8301e-01,  1.9062e-01,
         6.0268e-01,  6.1527e-02,  1.8581e-01,  1.7099e-01,  1.0630e-01,
         1.8017e-01,  3.6044e-01,  5.5764e-01,  1.3924e-01,  4.9045e-01,
         4.9969e-01,  2.0497e-01,  7.4041e-02,  2.2137e-01,  7.0320e-02,
         9.3998e-04,  1.3165e-01,  1.5217e-01,  2.1368e-01,  1.3357e-01,
         1.7090e-01,  7.4589e-02,  1.0917e-01,  1.8555e-01,  7.6141e-02,
         4.6805e-02,  1.7126e-01,  1.9273e-01,  2.2781e-01,  3.9622e-01,
         1.1989e-01,  1.3012e-02,  1.5088e-01,  1.3628e-01,  3.7524e-01,
         5.1429e-02,  3.0967e-01,  2.2705e-01,  1.7013e-02,  6.1697e-02,
         1.3304e-01,  1.9594e-01,  1.3002e-01,  9.3921e-02,  1.4454e-01,
         2.2933e-01,  2.0321e-01,  1.6378e-01,  1.6545e-01,  1.7602e-01,
         1.1182e-01,  1.5923e-01,  9.6968e-02,  7.0874e-02,  4.9828e-02,
         5.6245e-03,  2.1275e-01,  1.1232e-01,  3.8530e-01,  2.1197e-01,
         1.9567e-01,  1.8440e-01,  1.0004e-01])"
45,45,0.2942128020912501,"tensor([0.3672, 0.5174, 0.3301, 0.2933, 0.1558, 0.5977, 0.5653, 0.4468, 0.0217,
        0.2557, 0.2022, 0.1181, 0.2653, 0.2961, 0.1037, 0.3527, 0.4661, 0.0320,
        0.0725, 0.4686, 0.4999, 0.2044, 0.2715, 0.3059, 0.2652, 0.2774, 0.3503,
        0.4490, 0.3800, 0.2404, 0.3095, 0.0431, 0.3168, 0.1041, 0.4136, 0.3416,
        0.2119, 0.6123, 0.0929, 0.2844, 0.2294, 0.4710, 0.1644, 0.2569, 0.2891,
        0.3198, 0.1365, 0.3861, 0.1647, 0.1453, 0.1068, 0.1826, 0.3427, 0.2050,
        0.2873, 0.3784, 0.2102, 0.1836, 0.0785, 0.1149, 0.2385, 0.1693, 0.3412,
        0.1827, 0.3752, 0.3307, 0.1004, 0.3450, 0.5173, 0.1708, 0.2382, 0.1827,
        0.3100, 0.2193, 0.3537, 0.2321, 0.0973, 0.0485, 0.2029, 0.0121, 0.4051,
        0.0325, 0.0521, 0.1986, 0.1625, 0.3027, 0.2308, 0.6377, 0.1891, 0.1013,
        0.3611, 0.0286, 0.2972, 0.0889, 0.1227, 0.1608, 0.0297, 0.0758, 0.3438,
        0.3019, 0.3436, 0.3530, 0.1487, 0.1785, 0.4175, 0.3369, 0.1850, 0.2721,
        0.1279, 0.2951, 0.3338, 0.3172, 0.5175, 0.5766, 0.1971, 0.4610, 0.3830,
        0.2216, 0.1181, 0.5357, 0.2577, 0.5351, 0.4083, 0.3449, 0.3311, 0.3741,
        0.3336, 0.5459, 0.2177, 0.1092, 0.1891, 0.4712, 0.5290, 0.2099, 0.1617,
        0.2519, 0.2225, 0.1362, 0.0636, 0.2365, 0.1070, 0.2048, 0.1255, 0.2037,
        0.2463, 0.0830, 0.4498, 0.2471, 0.1280, 0.2676, 0.2273, 0.4029, 0.1569,
        0.2642, 0.3134, 0.2093, 0.1349, 0.4488, 0.2969, 0.2966, 0.2833, 0.1218,
        0.1345, 0.1118, 0.6031, 0.4329, 0.4037, 0.4331, 0.5038, 0.4747, 0.5964,
        0.4510, 0.0693, 0.1423, 0.2339, 0.2389, 0.1570, 0.1523, 0.1952, 0.4492,
        0.1553, 0.3986, 0.1800, 0.6565, 0.0903, 0.2396, 0.4447, 0.1585, 0.2147,
        0.2898, 0.1754, 0.3982, 0.2122, 0.4841, 0.5753, 0.3269, 0.2664, 0.0227,
        0.3656, 0.3004, 0.0260, 0.0524, 0.5974, 0.5563, 0.3174, 0.3220, 0.2403,
        0.0914, 0.0919, 0.1371, 0.3634, 0.0587, 0.1466, 0.5216, 0.2168, 0.2664,
        0.1646, 0.0335, 0.1075, 0.0972, 0.5036, 0.4651, 0.4157, 0.3572, 0.1304,
        0.2145, 0.3351, 0.1524, 0.1042, 0.1852, 0.6644, 0.2759, 0.2327, 0.1181,
        0.5735, 0.4626, 0.3568, 0.1344, 0.1685, 0.1195, 0.3106, 0.1692, 0.0536,
        0.1836, 0.0653, 0.1542, 0.3188, 0.4204, 0.2873, 0.2395, 0.6275, 0.1129,
        0.2171, 0.2469, 0.1471, 0.2501, 0.4165, 0.5991, 0.2066, 0.5752, 0.6151,
        0.2369, 0.1532, 0.3393, 0.1130, 0.0269, 0.1855, 0.2591, 0.2350, 0.1545,
        0.2336, 0.0965, 0.1596, 0.2148, 0.1230, 0.0677, 0.1985, 0.2967, 0.2665,
        0.4605, 0.1439, 0.0446, 0.2573, 0.1916, 0.4477, 0.0875, 0.4032, 0.2446,
        0.0583, 0.1139, 0.1681, 0.1934, 0.1855, 0.1568, 0.2327, 0.2699, 0.2712,
        0.2155, 0.3102, 0.2123, 0.1509, 0.2010, 0.1697, 0.1111, 0.1296, 0.0185,
        0.2667, 0.1828, 0.5267, 0.2670, 0.2611, 0.3558, 0.1567])",0.31256805341920735,"tensor([ 0.3321,  0.3734,  0.2535,  0.2193,  0.0788,  0.5590,  0.5490,  0.4416,
        -0.0147,  0.1484,  0.1499,  0.0819,  0.1875,  0.2295,  0.0614,  0.2653,
         0.3856,  0.0148,  0.0363,  0.4032,  0.3551,  0.1905,  0.2414,  0.2168,
         0.2159,  0.1928,  0.2694,  0.3755,  0.3675,  0.1308,  0.1669,  0.0092,
         0.3104,  0.0674,  0.2971,  0.2755,  0.1667,  0.4539,  0.0387,  0.1507,
         0.1821,  0.3913,  0.0881,  0.2187,  0.1591,  0.1576,  0.0636,  0.2702,
         0.0612,  0.1016,  0.0611,  0.0765,  0.1795,  0.0951,  0.1129,  0.2354,
         0.0766,  0.1196,  0.0320,  0.0745,  0.1972,  0.0827,  0.1946,  0.0995,
         0.3282,  0.1997,  0.0742,  0.2916,  0.4670,  0.1246,  0.1852,  0.1361,
         0.2638,  0.1983,  0.1841,  0.1428,  0.0285, -0.0011,  0.1462,  0.0073,
         0.2757,  0.0020,  0.0095,  0.0857,  0.1168,  0.2063,  0.1556,  0.4723,
         0.1496,  0.0660,  0.2107, -0.0056,  0.1271,  0.0489,  0.1035,  0.1179,
         0.0164,  0.0333,  0.2577,  0.2709,  0.2802,  0.2503,  0.1131,  0.1309,
         0.3792,  0.2666,  0.1019,  0.1795,  0.0848,  0.2718,  0.3119,  0.2601,
         0.4538,  0.5041,  0.0830,  0.4012,  0.3743,  0.1215,  0.0746,  0.5022,
         0.1531,  0.4177,  0.3253,  0.1902,  0.2589,  0.2297,  0.2774,  0.5110,
         0.2013,  0.0679,  0.1588,  0.4105,  0.4614,  0.1026,  0.0989,  0.1187,
         0.0872,  0.0935,  0.0501,  0.1610,  0.0586,  0.1786,  0.0953,  0.1562,
         0.1682,  0.0576,  0.3558,  0.1428,  0.1039,  0.1485,  0.1163,  0.2699,
         0.0613,  0.1786,  0.1945,  0.1912,  0.0884,  0.3534,  0.2566,  0.2802,
         0.1431,  0.0662,  0.0568,  0.0760,  0.5175,  0.4109,  0.3671,  0.3831,
         0.4343,  0.4180,  0.5354,  0.4056,  0.0181,  0.0985,  0.1490,  0.2788,
         0.1302,  0.0756,  0.1138,  0.4539,  0.0683,  0.3174,  0.1423,  0.3890,
         0.0223,  0.1864,  0.2926,  0.0669,  0.1482,  0.2629,  0.1425,  0.3247,
         0.2082,  0.3920,  0.4192,  0.1889,  0.1596,  0.0045,  0.2387,  0.2092,
         0.0076,  0.0231,  0.5389,  0.4317,  0.2703,  0.2088,  0.1938,  0.0401,
         0.0148,  0.0533,  0.2364,  0.0323,  0.1046,  0.5256,  0.1801,  0.2159,
         0.0913,  0.0048,  0.0751,  0.0510,  0.3041,  0.2474,  0.3158,  0.1857,
         0.0840,  0.2031,  0.3011,  0.1048,  0.0528,  0.1150,  0.4435,  0.2472,
         0.1566,  0.0484,  0.4674,  0.4027,  0.1880,  0.1149,  0.1212,  0.0621,
         0.1876,  0.1063,  0.0277,  0.1399,  0.0359,  0.1044,  0.2153,  0.3658,
         0.1774,  0.1898,  0.6001,  0.0595,  0.1825,  0.1714,  0.1069,  0.1765,
         0.3601,  0.5574,  0.1399,  0.4891,  0.5023,  0.2057,  0.0724,  0.2218,
         0.0713,  0.0080,  0.1304,  0.1509,  0.2123,  0.1325,  0.1624,  0.0689,
         0.0951,  0.1839,  0.0762,  0.0518,  0.1722,  0.1922,  0.2303,  0.3960,
         0.1184,  0.0202,  0.1540,  0.1416,  0.3733,  0.0510,  0.3099,  0.2211,
         0.0204,  0.0621,  0.1346,  0.1896,  0.1291,  0.1052,  0.1424,  0.2280,
         0.2041,  0.1632,  0.1647,  0.1738,  0.1136,  0.1588,  0.0987,  0.0703,
         0.0495,  0.0020,  0.2154,  0.1140,  0.3844,  0.2099,  0.2001,  0.1836,
         0.1014])"
46,46,0.2936727357538123,"tensor([0.3693, 0.5205, 0.3308, 0.2950, 0.1576, 0.5991, 0.5620, 0.4478, 0.0200,
        0.2584, 0.1982, 0.1200, 0.2634, 0.3017, 0.1048, 0.3541, 0.4682, 0.0342,
        0.0779, 0.4670, 0.5039, 0.2061, 0.2721, 0.3095, 0.2667, 0.2775, 0.3528,
        0.4530, 0.3809, 0.2441, 0.3111, 0.0399, 0.3145, 0.1106, 0.4188, 0.3437,
        0.2144, 0.6168, 0.0906, 0.2908, 0.2320, 0.4729, 0.1651, 0.2591, 0.2915,
        0.3250, 0.1401, 0.3892, 0.1660, 0.1448, 0.1114, 0.1861, 0.3492, 0.2077,
        0.2930, 0.3784, 0.2130, 0.1861, 0.0841, 0.1189, 0.2408, 0.1714, 0.3453,
        0.1870, 0.3779, 0.3322, 0.0929, 0.3487, 0.5186, 0.1734, 0.2399, 0.1797,
        0.3084, 0.2172, 0.3583, 0.2410, 0.0958, 0.0554, 0.2040, 0.0161, 0.4064,
        0.0359, 0.0537, 0.2013, 0.1723, 0.3046, 0.2281, 0.6409, 0.1915, 0.1058,
        0.3658, 0.0325, 0.3012, 0.0881, 0.1277, 0.1626, 0.0323, 0.0779, 0.3463,
        0.3019, 0.3442, 0.3554, 0.1479, 0.1790, 0.4187, 0.3377, 0.1869, 0.2749,
        0.1246, 0.2977, 0.3363, 0.3196, 0.5192, 0.5782, 0.1959, 0.4620, 0.3848,
        0.2249, 0.1185, 0.5370, 0.2608, 0.5383, 0.4127, 0.3481, 0.3322, 0.3777,
        0.3349, 0.5473, 0.2143, 0.1052, 0.1888, 0.4732, 0.5290, 0.2125, 0.1712,
        0.2580, 0.2289, 0.1366, 0.0645, 0.2351, 0.1064, 0.2054, 0.1255, 0.2048,
        0.2485, 0.0797, 0.4515, 0.2500, 0.1312, 0.2703, 0.2312, 0.4075, 0.1615,
        0.2643, 0.3158, 0.2121, 0.1349, 0.4511, 0.2985, 0.2980, 0.2862, 0.1224,
        0.1336, 0.1174, 0.6026, 0.4330, 0.4024, 0.4368, 0.5053, 0.4767, 0.5976,
        0.4508, 0.0671, 0.1431, 0.2342, 0.2423, 0.1544, 0.1573, 0.1946, 0.4494,
        0.1583, 0.4029, 0.1859, 0.6612, 0.0891, 0.2401, 0.4490, 0.1568, 0.2152,
        0.2901, 0.1773, 0.3996, 0.2114, 0.4790, 0.5794, 0.3301, 0.2688, 0.0267,
        0.3672, 0.3005, 0.0258, 0.0506, 0.5990, 0.5594, 0.3192, 0.3236, 0.2419,
        0.0909, 0.0901, 0.1428, 0.3700, 0.0572, 0.1469, 0.5272, 0.2169, 0.2673,
        0.1683, 0.0416, 0.1083, 0.0969, 0.5064, 0.4725, 0.4177, 0.3608, 0.1328,
        0.2118, 0.3440, 0.1530, 0.1058, 0.1873, 0.6692, 0.2764, 0.2302, 0.1239,
        0.5747, 0.4636, 0.3602, 0.1338, 0.1700, 0.1228, 0.3104, 0.1687, 0.0572,
        0.1846, 0.0665, 0.1571, 0.3199, 0.4196, 0.2910, 0.2479, 0.6293, 0.1141,
        0.2182, 0.2500, 0.1481, 0.2516, 0.4188, 0.6005, 0.2104, 0.5765, 0.6175,
        0.2373, 0.1577, 0.3405, 0.1154, 0.0329, 0.1870, 0.2621, 0.2351, 0.1552,
        0.2356, 0.0980, 0.1586, 0.2158, 0.1250, 0.0679, 0.1992, 0.2987, 0.2694,
        0.4628, 0.1395, 0.0485, 0.2588, 0.1910, 0.4501, 0.0874, 0.4049, 0.2450,
        0.0610, 0.1143, 0.1717, 0.1969, 0.1883, 0.1625, 0.2348, 0.2711, 0.2720,
        0.2145, 0.3130, 0.2125, 0.1521, 0.2023, 0.1707, 0.1108, 0.1336, 0.0217,
        0.2683, 0.1853, 0.5317, 0.2681, 0.2631, 0.3588, 0.1585])",0.3128838329403489,"tensor([ 3.3138e-01,  3.7352e-01,  2.5329e-01,  2.1608e-01,  7.8525e-02,
         5.5922e-01,  5.4929e-01,  4.4206e-01, -9.3794e-03,  1.4568e-01,
         1.5282e-01,  8.5176e-02,  1.8928e-01,  2.3075e-01,  6.5069e-02,
         2.7729e-01,  3.8618e-01,  8.3215e-03,  4.1062e-02,  4.0402e-01,
         3.5404e-01,  1.9293e-01,  2.3845e-01,  2.1710e-01,  2.1377e-01,
         1.9134e-01,  2.7077e-01,  3.7630e-01,  3.6527e-01,  1.2234e-01,
         1.6281e-01,  1.2097e-02,  3.1276e-01,  6.9125e-02,  2.9641e-01,
         2.7530e-01,  1.6810e-01,  4.4962e-01,  4.4577e-02,  1.5155e-01,
         1.8315e-01,  3.8951e-01,  9.0848e-02,  2.1476e-01,  1.6248e-01,
         1.5112e-01,  6.5564e-02,  2.6606e-01,  6.3572e-02,  1.0289e-01,
         6.3057e-02,  6.6348e-02,  1.7968e-01,  9.2417e-02,  1.1618e-01,
         2.3379e-01,  7.3621e-02,  1.2160e-01,  3.1975e-02,  9.0765e-02,
         1.9815e-01,  8.3908e-02,  1.9309e-01,  1.0225e-01,  3.2917e-01,
         1.9418e-01,  7.1171e-02,  2.9262e-01,  4.6684e-01,  1.3000e-01,
         1.8470e-01,  1.3947e-01,  2.6559e-01,  1.9901e-01,  1.8244e-01,
         1.4635e-01,  2.6237e-02, -7.0084e-03,  1.4886e-01,  3.1616e-03,
         2.7706e-01,  9.3167e-03,  1.4022e-02,  9.2873e-02,  1.1577e-01,
         2.0572e-01,  1.5248e-01,  4.7104e-01,  1.4555e-01,  8.4878e-02,
         2.0258e-01, -1.6278e-03,  1.2334e-01,  5.4249e-02,  1.0829e-01,
         1.1783e-01,  1.5485e-02,  3.6910e-02,  2.5781e-01,  2.6661e-01,
         2.8103e-01,  2.5042e-01,  1.1336e-01,  1.3050e-01,  3.8578e-01,
         2.6740e-01,  9.8666e-02,  1.8069e-01,  8.5015e-02,  2.7619e-01,
         3.1076e-01,  2.6050e-01,  4.5550e-01,  5.0460e-01,  8.1050e-02,
         4.0154e-01,  3.7483e-01,  1.2231e-01,  7.0348e-02,  5.0360e-01,
         1.5002e-01,  4.1589e-01,  3.2664e-01,  1.8545e-01,  2.6095e-01,
         2.2986e-01,  2.7631e-01,  5.1210e-01,  2.0504e-01,  6.5365e-02,
         1.5948e-01,  4.1196e-01,  4.6122e-01,  1.0517e-01,  1.0279e-01,
         1.1870e-01,  8.5769e-02,  9.2253e-02,  5.4334e-02,  1.5765e-01,
         5.6162e-02,  1.7692e-01,  9.8264e-02,  1.5548e-01,  1.6747e-01,
         4.7591e-02,  3.5118e-01,  1.4799e-01,  1.0918e-01,  1.4784e-01,
         1.1949e-01,  2.6839e-01,  5.9166e-02,  1.7863e-01,  1.9866e-01,
         1.9156e-01,  9.2569e-02,  3.5658e-01,  2.5532e-01,  2.8249e-01,
         1.3911e-01,  6.1375e-02,  6.3693e-02,  7.3919e-02,  5.1394e-01,
         4.1393e-01,  3.5734e-01,  3.8170e-01,  4.3254e-01,  4.1607e-01,
         5.3719e-01,  4.0803e-01,  1.4997e-02,  9.8069e-02,  1.4627e-01,
         2.6140e-01,  1.3189e-01,  7.1738e-02,  1.1323e-01,  4.5112e-01,
         6.6486e-02,  3.2158e-01,  1.3684e-01,  3.8739e-01,  2.7717e-02,
         1.8556e-01,  2.9272e-01,  7.2350e-02,  1.4727e-01,  2.6860e-01,
         1.4415e-01,  3.2492e-01,  2.0623e-01,  3.9165e-01,  4.1325e-01,
         1.9043e-01,  1.6142e-01, -7.9956e-04,  2.3106e-01,  2.0723e-01,
         8.7495e-03,  2.2720e-02,  5.3766e-01,  4.3115e-01,  2.7144e-01,
         2.0960e-01,  1.9635e-01,  4.8354e-02,  1.4972e-02,  5.1202e-02,
         2.3369e-01,  2.8601e-02,  1.0487e-01,  5.2896e-01,  1.8202e-01,
         2.1606e-01,  9.1601e-02,  6.4793e-04,  7.1435e-02,  5.2246e-02,
         3.0191e-01,  2.4262e-01,  3.1300e-01,  1.8323e-01,  8.5545e-02,
         2.0337e-01,  3.0754e-01,  1.0425e-01,  5.1019e-02,  1.1086e-01,
         4.4353e-01,  2.4733e-01,  1.5590e-01,  4.7471e-02,  4.6640e-01,
         3.9963e-01,  1.8943e-01,  1.1372e-01,  1.2139e-01,  6.0588e-02,
         1.8982e-01,  1.0241e-01,  2.3648e-02,  1.4280e-01,  3.1079e-02,
         1.0229e-01,  2.1696e-01,  3.6455e-01,  1.8314e-01,  1.9641e-01,
         6.0162e-01,  7.2905e-02,  1.8502e-01,  1.7360e-01,  1.0995e-01,
         1.7134e-01,  3.5901e-01,  5.5652e-01,  1.3546e-01,  4.9055e-01,
         4.9829e-01,  2.0638e-01,  7.1629e-02,  2.2542e-01,  7.0559e-02,
         2.6268e-03,  1.3007e-01,  1.4932e-01,  2.1384e-01,  1.3003e-01,
         1.6887e-01,  7.7140e-02,  1.0259e-01,  1.8592e-01,  7.4289e-02,
         4.0437e-02,  1.7639e-01,  1.9138e-01,  2.3290e-01,  3.9739e-01,
         1.1729e-01,  1.8514e-02,  1.5158e-01,  1.3780e-01,  3.7400e-01,
         4.6837e-02,  3.0985e-01,  2.2662e-01,  1.7372e-02,  6.6667e-02,
         1.3574e-01,  1.9415e-01,  1.3249e-01,  1.0039e-01,  1.4210e-01,
         2.2919e-01,  2.0491e-01,  1.6300e-01,  1.6258e-01,  1.7733e-01,
         1.1242e-01,  1.5866e-01,  9.7180e-02,  7.5458e-02,  4.9102e-02,
        -9.9121e-05,  2.1548e-01,  1.1315e-01,  3.8543e-01,  2.1100e-01,
         1.9595e-01,  1.8502e-01,  1.0113e-01])"
47,47,0.29319648689160777,"tensor([0.3698, 0.5233, 0.3337, 0.2955, 0.1595, 0.6008, 0.5670, 0.4488, 0.0174,
        0.2602, 0.1995, 0.1263, 0.2681, 0.3023, 0.1058, 0.3532, 0.4698, 0.0304,
        0.0777, 0.4710, 0.5060, 0.2062, 0.2742, 0.3154, 0.2682, 0.2790, 0.3548,
        0.4564, 0.3806, 0.2459, 0.3144, 0.0457, 0.3184, 0.1096, 0.4205, 0.3444,
        0.2150, 0.6210, 0.0933, 0.2896, 0.2342, 0.4760, 0.1686, 0.2592, 0.2946,
        0.3262, 0.1441, 0.3921, 0.1693, 0.1469, 0.1108, 0.1880, 0.3509, 0.2102,
        0.2942, 0.3819, 0.2165, 0.1876, 0.0839, 0.1215, 0.2429, 0.1754, 0.3486,
        0.1893, 0.3770, 0.3363, 0.1028, 0.3497, 0.5203, 0.1776, 0.2405, 0.1779,
        0.3096, 0.2183, 0.3614, 0.2479, 0.1027, 0.0539, 0.2045, 0.0159, 0.4095,
        0.0334, 0.0545, 0.2038, 0.1764, 0.3060, 0.2317, 0.6454, 0.1912, 0.1046,
        0.3690, 0.0346, 0.3016, 0.0890, 0.1279, 0.1612, 0.0350, 0.0806, 0.3479,
        0.3044, 0.3464, 0.3589, 0.1523, 0.1797, 0.4218, 0.3416, 0.1903, 0.2763,
        0.1295, 0.2985, 0.3365, 0.3196, 0.5208, 0.5803, 0.2006, 0.4625, 0.3859,
        0.2265, 0.1211, 0.5375, 0.2605, 0.5412, 0.4149, 0.3518, 0.3336, 0.3796,
        0.3360, 0.5480, 0.2172, 0.1118, 0.1880, 0.4736, 0.5294, 0.2139, 0.1751,
        0.2592, 0.2313, 0.1388, 0.0700, 0.2397, 0.1100, 0.2052, 0.1244, 0.2066,
        0.2545, 0.0787, 0.4548, 0.2522, 0.1274, 0.2719, 0.2337, 0.4101, 0.1609,
        0.2668, 0.3186, 0.2114, 0.1373, 0.4542, 0.2979, 0.2990, 0.2906, 0.1242,
        0.1370, 0.1190, 0.6061, 0.4339, 0.4049, 0.4365, 0.5059, 0.4785, 0.5988,
        0.4531, 0.0676, 0.1454, 0.2369, 0.2445, 0.1514, 0.1580, 0.1946, 0.4518,
        0.1614, 0.4026, 0.1871, 0.6666, 0.0942, 0.2413, 0.4504, 0.1610, 0.2184,
        0.2906, 0.1747, 0.4022, 0.2108, 0.4833, 0.5810, 0.3382, 0.2718, 0.0232,
        0.3700, 0.3037, 0.0267, 0.0561, 0.5999, 0.5628, 0.3190, 0.3277, 0.2428,
        0.0950, 0.0918, 0.1383, 0.3710, 0.0591, 0.1470, 0.5275, 0.2139, 0.2686,
        0.1704, 0.0412, 0.1164, 0.1002, 0.5118, 0.4743, 0.4212, 0.3641, 0.1349,
        0.2123, 0.3460, 0.1550, 0.1032, 0.1884, 0.6722, 0.2785, 0.2341, 0.1299,
        0.5777, 0.4661, 0.3633, 0.1367, 0.1716, 0.1241, 0.3174, 0.1736, 0.0565,
        0.1859, 0.0693, 0.1582, 0.3231, 0.4225, 0.2939, 0.2511, 0.6300, 0.1179,
        0.2192, 0.2507, 0.1499, 0.2530, 0.4193, 0.6009, 0.2106, 0.5777, 0.6199,
        0.2361, 0.1599, 0.3455, 0.1148, 0.0297, 0.1879, 0.2648, 0.2375, 0.1567,
        0.2397, 0.1024, 0.1593, 0.2153, 0.1246, 0.0688, 0.2024, 0.3009, 0.2697,
        0.4642, 0.1447, 0.0493, 0.2596, 0.1934, 0.4525, 0.0940, 0.4058, 0.2471,
        0.0637, 0.1152, 0.1703, 0.1984, 0.1870, 0.1603, 0.2382, 0.2731, 0.2744,
        0.2189, 0.3166, 0.2137, 0.1546, 0.2022, 0.1732, 0.1115, 0.1368, 0.0197,
        0.2699, 0.1860, 0.5326, 0.2698, 0.2643, 0.3633, 0.1586])",0.31323639073489623,"tensor([ 3.3105e-01,  3.7129e-01,  2.5141e-01,  2.1919e-01,  7.6326e-02,
         5.6079e-01,  5.5362e-01,  4.4100e-01, -1.6789e-02,  1.4348e-01,
         1.5139e-01,  9.1537e-02,  1.8890e-01,  2.3291e-01,  5.9301e-02,
         2.6273e-01,  3.8572e-01,  7.8081e-03,  3.3779e-02,  4.0271e-01,
         3.5446e-01,  1.9191e-01,  2.4162e-01,  2.1958e-01,  2.1743e-01,
         1.9180e-01,  2.6940e-01,  3.7386e-01,  3.6839e-01,  1.2632e-01,
         1.6554e-01,  8.4908e-03,  3.1375e-01,  7.0570e-02,  2.9480e-01,
         2.7034e-01,  1.6625e-01,  4.4425e-01,  4.4085e-02,  1.4896e-01,
         1.8174e-01,  3.9061e-01,  8.4239e-02,  2.1488e-01,  1.5372e-01,
         1.4903e-01,  6.1192e-02,  2.6854e-01,  6.4006e-02,  1.0321e-01,
         6.1245e-02,  7.0546e-02,  1.7346e-01,  9.2682e-02,  1.1239e-01,
         2.3462e-01,  7.4004e-02,  1.1862e-01,  2.7145e-02,  8.5929e-02,
         1.9616e-01,  8.2520e-02,  1.9128e-01,  9.2264e-02,  3.3042e-01,
         1.9488e-01,  7.3637e-02,  2.9378e-01,  4.6687e-01,  1.3080e-01,
         1.8391e-01,  1.3459e-01,  2.6525e-01,  1.9836e-01,  1.7699e-01,
         1.4591e-01,  2.8324e-02, -1.4691e-05,  1.5469e-01,  5.5833e-03,
         2.7347e-01,  1.1838e-02,  8.8565e-03,  8.9561e-02,  1.1373e-01,
         2.0307e-01,  1.5651e-01,  4.6614e-01,  1.4748e-01,  7.6608e-02,
         2.0090e-01,  1.1880e-03,  1.2466e-01,  4.8080e-02,  1.0948e-01,
         1.1852e-01,  1.6310e-02,  3.9064e-02,  2.5586e-01,  2.7060e-01,
         2.8013e-01,  2.5066e-01,  1.1451e-01,  1.3091e-01,  3.8319e-01,
         2.6957e-01,  9.8878e-02,  1.8033e-01,  8.3998e-02,  2.7259e-01,
         3.1372e-01,  2.6037e-01,  4.5471e-01,  5.0363e-01,  7.7093e-02,
         4.0164e-01,  3.7716e-01,  1.1745e-01,  7.5160e-02,  5.0256e-01,
         1.4571e-01,  4.1068e-01,  3.2608e-01,  1.8891e-01,  2.5646e-01,
         2.2599e-01,  2.7593e-01,  5.1187e-01,  2.0506e-01,  6.9822e-02,
         1.5272e-01,  4.1313e-01,  4.5851e-01,  1.0081e-01,  1.0713e-01,
         1.1656e-01,  8.2916e-02,  9.5869e-02,  4.2940e-02,  1.6073e-01,
         6.1457e-02,  1.7489e-01,  1.0031e-01,  1.5211e-01,  1.6850e-01,
         5.7200e-02,  3.5246e-01,  1.4815e-01,  9.9588e-02,  1.4511e-01,
         1.1920e-01,  2.6624e-01,  5.9267e-02,  1.6429e-01,  1.9434e-01,
         1.8970e-01,  8.7714e-02,  3.5294e-01,  2.5467e-01,  2.8340e-01,
         1.4201e-01,  5.7275e-02,  6.2520e-02,  7.4443e-02,  5.1563e-01,
         4.0870e-01,  3.7347e-01,  3.7926e-01,  4.3168e-01,  4.2015e-01,
         5.3708e-01,  4.0889e-01,  1.4109e-02,  9.7169e-02,  1.4713e-01,
         2.7748e-01,  1.2943e-01,  8.0013e-02,  1.0874e-01,  4.5421e-01,
         6.5589e-02,  3.1627e-01,  1.3813e-01,  3.8368e-01,  2.4621e-02,
         1.8654e-01,  2.8867e-01,  7.2864e-02,  1.4553e-01,  2.6103e-01,
         1.4308e-01,  3.2559e-01,  2.0691e-01,  3.9055e-01,  4.1446e-01,
         1.9309e-01,  1.5574e-01, -1.1341e-02,  2.2962e-01,  2.1184e-01,
         1.1108e-02,  2.8570e-02,  5.3836e-01,  4.3025e-01,  2.7156e-01,
         1.9989e-01,  1.9664e-01,  4.5110e-02,  1.8414e-02,  5.8670e-02,
         2.4269e-01,  2.6575e-02,  1.0614e-01,  5.2930e-01,  1.8071e-01,
         2.1454e-01,  9.2265e-02,  5.2226e-03,  7.8148e-02,  5.0551e-02,
         2.9792e-01,  2.4511e-01,  3.1489e-01,  1.7768e-01,  8.1116e-02,
         2.0526e-01,  3.1458e-01,  1.0104e-01,  5.1260e-02,  1.0977e-01,
         4.3824e-01,  2.4530e-01,  1.5725e-01,  4.6099e-02,  4.6394e-01,
         3.9826e-01,  1.8347e-01,  1.1598e-01,  1.2072e-01,  5.6264e-02,
         1.8968e-01,  1.0336e-01,  2.4545e-02,  1.4276e-01,  3.4602e-02,
         1.0103e-01,  2.1710e-01,  3.6541e-01,  1.8051e-01,  1.9694e-01,
         6.0151e-01,  6.4022e-02,  1.8735e-01,  1.7200e-01,  1.0693e-01,
         1.7758e-01,  3.5971e-01,  5.5877e-01,  1.3668e-01,  4.8871e-01,
         4.9994e-01,  2.0585e-01,  7.0402e-02,  2.2029e-01,  6.5922e-02,
         7.6074e-03,  1.3014e-01,  1.4622e-01,  2.1432e-01,  1.2945e-01,
         1.6901e-01,  6.8295e-02,  1.0512e-01,  1.8156e-01,  7.3638e-02,
         4.9427e-02,  1.7389e-01,  1.8542e-01,  2.2441e-01,  3.9711e-01,
         1.1795e-01,  1.9654e-02,  1.5217e-01,  1.3815e-01,  3.7637e-01,
         5.5380e-02,  3.0661e-01,  2.2655e-01,  1.4928e-02,  6.3778e-02,
         1.3517e-01,  1.9581e-01,  1.3067e-01,  1.0325e-01,  1.4324e-01,
         2.3055e-01,  1.9983e-01,  1.6251e-01,  1.6049e-01,  1.7478e-01,
         1.1131e-01,  1.6080e-01,  9.4370e-02,  7.6068e-02,  5.1089e-02,
        -5.0485e-03,  2.1445e-01,  1.0743e-01,  3.8204e-01,  2.0952e-01,
         1.9803e-01,  1.7825e-01,  9.5575e-02])"
48,48,0.29272876296988215,"tensor([0.3709, 0.5254, 0.3358, 0.2977, 0.1625, 0.6017, 0.5698, 0.4488, 0.0219,
        0.2639, 0.2025, 0.1247, 0.2671, 0.3023, 0.1061, 0.3557, 0.4705, 0.0345,
        0.0775, 0.4709, 0.5095, 0.2073, 0.2738, 0.3167, 0.2692, 0.2778, 0.3558,
        0.4608, 0.3845, 0.2465, 0.3171, 0.0469, 0.3144, 0.1109, 0.4208, 0.3471,
        0.2155, 0.6217, 0.0953, 0.2927, 0.2356, 0.4766, 0.1698, 0.2602, 0.2979,
        0.3311, 0.1415, 0.3970, 0.1707, 0.1472, 0.1118, 0.1922, 0.3558, 0.2114,
        0.2989, 0.3853, 0.2217, 0.1913, 0.0855, 0.1217, 0.2445, 0.1795, 0.3523,
        0.1889, 0.3790, 0.3402, 0.1038, 0.3503, 0.5205, 0.1751, 0.2440, 0.1859,
        0.3115, 0.2219, 0.3712, 0.2496, 0.0983, 0.0537, 0.2053, 0.0137, 0.4114,
        0.0302, 0.0534, 0.2070, 0.1804, 0.3084, 0.2333, 0.6476, 0.1933, 0.0998,
        0.3736, 0.0322, 0.3066, 0.0877, 0.1233, 0.1587, 0.0295, 0.0793, 0.3485,
        0.3047, 0.3474, 0.3590, 0.1510, 0.1819, 0.4216, 0.3430, 0.1939, 0.2773,
        0.1296, 0.2992, 0.3366, 0.3211, 0.5216, 0.5816, 0.2024, 0.4670, 0.3851,
        0.2295, 0.1225, 0.5374, 0.2644, 0.5430, 0.4186, 0.3549, 0.3359, 0.3833,
        0.3373, 0.5492, 0.2136, 0.1141, 0.1884, 0.4745, 0.5313, 0.2181, 0.1883,
        0.2614, 0.2335, 0.1416, 0.0681, 0.2413, 0.1088, 0.2064, 0.1265, 0.2089,
        0.2564, 0.0841, 0.4554, 0.2540, 0.1323, 0.2747, 0.2326, 0.4139, 0.1649,
        0.2708, 0.3201, 0.2126, 0.1373, 0.4584, 0.2990, 0.2998, 0.2952, 0.1256,
        0.1412, 0.1301, 0.6057, 0.4350, 0.4065, 0.4373, 0.5072, 0.4790, 0.6005,
        0.4546, 0.0722, 0.1466, 0.2379, 0.2484, 0.1585, 0.1632, 0.1986, 0.4521,
        0.1608, 0.4057, 0.1877, 0.6689, 0.0955, 0.2426, 0.4546, 0.1646, 0.2188,
        0.2921, 0.1784, 0.4028, 0.2182, 0.4860, 0.5834, 0.3382, 0.2753, 0.0229,
        0.3753, 0.3002, 0.0276, 0.0555, 0.6017, 0.5642, 0.3196, 0.3292, 0.2436,
        0.0959, 0.0887, 0.1393, 0.3736, 0.0618, 0.1479, 0.5311, 0.2193, 0.2701,
        0.1705, 0.0399, 0.1190, 0.1002, 0.5142, 0.4805, 0.4237, 0.3665, 0.1315,
        0.2089, 0.3455, 0.1526, 0.1104, 0.1909, 0.6759, 0.2791, 0.2353, 0.1263,
        0.5797, 0.4664, 0.3657, 0.1362, 0.1706, 0.1198, 0.3207, 0.1745, 0.0534,
        0.1865, 0.0736, 0.1587, 0.3248, 0.4228, 0.2974, 0.2514, 0.6309, 0.1153,
        0.2205, 0.2531, 0.1511, 0.2559, 0.4210, 0.6024, 0.2127, 0.5778, 0.6212,
        0.2380, 0.1630, 0.3486, 0.1180, 0.0290, 0.1875, 0.2681, 0.2367, 0.1575,
        0.2398, 0.1092, 0.1634, 0.2159, 0.1243, 0.0749, 0.2022, 0.3037, 0.2706,
        0.4653, 0.1430, 0.0477, 0.2633, 0.1944, 0.4537, 0.0932, 0.4069, 0.2470,
        0.0655, 0.1163, 0.1731, 0.1993, 0.1886, 0.1645, 0.2396, 0.2750, 0.2757,
        0.2190, 0.3191, 0.2147, 0.1537, 0.2048, 0.1753, 0.1130, 0.1370, 0.0226,
        0.2694, 0.1871, 0.5361, 0.2703, 0.2657, 0.3666, 0.1610])",0.31336508010640557,"tensor([ 3.3179e-01,  3.7193e-01,  2.5415e-01,  2.1723e-01,  7.7186e-02,
         5.5829e-01,  5.4910e-01,  4.4156e-01, -1.3671e-03,  1.4598e-01,
         1.5012e-01,  7.6933e-02,  1.8680e-01,  2.2881e-01,  6.1768e-02,
         2.7772e-01,  3.8579e-01,  1.0681e-02,  3.7645e-02,  4.0285e-01,
         3.5687e-01,  1.9167e-01,  2.4200e-01,  2.1877e-01,  2.1389e-01,
         1.9247e-01,  2.6980e-01,  3.7654e-01,  3.7237e-01,  1.2734e-01,
         1.6320e-01,  4.6475e-03,  3.1428e-01,  6.3105e-02,  2.9428e-01,
         2.6836e-01,  1.6648e-01,  4.4270e-01,  4.8795e-02,  1.4508e-01,
         1.8904e-01,  3.8669e-01,  9.0768e-02,  2.1594e-01,  1.4777e-01,
         1.4689e-01,  6.4032e-02,  2.6577e-01,  6.7777e-02,  1.0195e-01,
         6.5625e-02,  7.4725e-02,  1.7663e-01,  9.7082e-02,  1.1100e-01,
         2.3172e-01,  7.1680e-02,  1.1226e-01,  1.9693e-02,  8.1043e-02,
         1.9964e-01,  8.5444e-02,  1.8872e-01,  8.9259e-02,  3.2447e-01,
         1.9627e-01,  7.2635e-02,  2.9093e-01,  4.6656e-01,  1.3472e-01,
         1.8680e-01,  1.3131e-01,  2.6274e-01,  2.0019e-01,  1.8129e-01,
         1.4363e-01,  3.1513e-02, -6.7531e-03,  1.4287e-01,  7.3893e-03,
         2.7242e-01,  7.4585e-03,  6.4717e-04,  9.0696e-02,  1.1868e-01,
         2.0271e-01,  1.5807e-01,  4.6594e-01,  1.4724e-01,  7.1477e-02,
         2.0236e-01,  2.8808e-05,  1.1931e-01,  5.0401e-02,  1.0238e-01,
         1.1600e-01,  1.2308e-02,  3.8533e-02,  2.6067e-01,  2.6973e-01,
         2.7940e-01,  2.5217e-01,  1.1782e-01,  1.3141e-01,  3.8441e-01,
         2.6893e-01,  9.7260e-02,  1.7707e-01,  8.3567e-02,  2.7021e-01,
         2.8898e-01,  2.5885e-01,  4.4948e-01,  5.0204e-01,  8.2988e-02,
         4.0334e-01,  3.7728e-01,  1.2028e-01,  6.8986e-02,  5.0082e-01,
         1.4986e-01,  4.0535e-01,  3.2013e-01,  1.7718e-01,  2.5491e-01,
         2.2707e-01,  2.7621e-01,  5.0780e-01,  2.0355e-01,  6.4506e-02,
         1.5495e-01,  4.0962e-01,  4.6220e-01,  1.0429e-01,  1.1316e-01,
         1.1800e-01,  8.2076e-02,  9.5751e-02,  4.8975e-02,  1.5678e-01,
         6.2149e-02,  1.7221e-01,  9.5652e-02,  1.5154e-01,  1.6639e-01,
         5.6829e-02,  3.5284e-01,  1.4774e-01,  9.2041e-02,  1.4364e-01,
         1.1347e-01,  2.6588e-01,  6.2463e-02,  1.7274e-01,  1.9344e-01,
         1.8723e-01,  8.6778e-02,  3.5623e-01,  2.5266e-01,  2.8433e-01,
         1.3934e-01,  6.1848e-02,  6.2260e-02,  8.2667e-02,  5.1640e-01,
         4.1058e-01,  3.6593e-01,  3.7780e-01,  4.3105e-01,  4.1663e-01,
         5.3135e-01,  4.0456e-01,  1.4038e-02,  9.7128e-02,  1.4273e-01,
         2.7309e-01,  1.3149e-01,  7.6229e-02,  1.1454e-01,  4.4862e-01,
         6.2418e-02,  3.1766e-01,  1.3707e-01,  3.8094e-01,  2.2805e-02,
         1.8493e-01,  2.8489e-01,  7.3806e-02,  1.4320e-01,  2.6586e-01,
         1.4459e-01,  3.2005e-01,  2.0018e-01,  3.9007e-01,  4.1212e-01,
         1.8538e-01,  1.5795e-01, -2.4309e-03,  2.3026e-01,  2.0820e-01,
         9.3896e-03,  1.9817e-02,  5.3627e-01,  4.2687e-01,  2.6961e-01,
         2.0283e-01,  1.9560e-01,  4.0526e-02,  1.7388e-02,  5.8079e-02,
         2.3764e-01,  3.5677e-02,  1.0596e-01,  5.3150e-01,  1.8540e-01,
         2.1437e-01,  8.7564e-02,  4.3926e-04,  7.6708e-02,  5.1226e-02,
         2.9422e-01,  2.3574e-01,  3.1482e-01,  1.7958e-01,  8.4604e-02,
         1.9908e-01,  3.1241e-01,  1.0444e-01,  5.0001e-02,  1.0940e-01,
         4.3761e-01,  2.4243e-01,  1.5258e-01,  4.7790e-02,  4.6027e-01,
         3.9989e-01,  1.8522e-01,  1.1337e-01,  1.1688e-01,  6.3263e-02,
         1.8810e-01,  1.0227e-01,  1.9942e-02,  1.4462e-01,  2.9834e-02,
         1.0163e-01,  2.1308e-01,  3.6507e-01,  1.7967e-01,  1.9567e-01,
         5.9999e-01,  6.8878e-02,  1.8298e-01,  1.6684e-01,  1.0295e-01,
         1.7605e-01,  3.5964e-01,  5.5773e-01,  1.3358e-01,  4.8678e-01,
         4.9706e-01,  2.0423e-01,  6.5791e-02,  2.2242e-01,  7.0238e-02,
         2.7561e-03,  1.2877e-01,  1.4802e-01,  2.1191e-01,  1.3370e-01,
         1.6614e-01,  7.7952e-02,  1.0988e-01,  1.8115e-01,  7.1794e-02,
         4.5116e-02,  1.7785e-01,  1.8949e-01,  2.3465e-01,  3.9530e-01,
         1.2119e-01,  1.7861e-02,  1.5128e-01,  1.3523e-01,  3.7155e-01,
         5.1530e-02,  3.0645e-01,  2.2927e-01,  1.5502e-02,  6.3163e-02,
         1.3415e-01,  1.9325e-01,  1.2902e-01,  9.7393e-02,  1.3921e-01,
         2.2964e-01,  1.9968e-01,  1.6252e-01,  1.5866e-01,  1.7056e-01,
         1.1167e-01,  1.6341e-01,  9.5642e-02,  7.1232e-02,  4.7689e-02,
        -3.8914e-03,  2.1373e-01,  1.0962e-01,  3.8333e-01,  2.0311e-01,
         1.9386e-01,  1.7381e-01,  9.8891e-02])"
49,49,0.2922799804077798,"tensor([0.3718, 0.5287, 0.3358, 0.2979, 0.1640, 0.6032, 0.5708, 0.4485, 0.0206,
        0.2653, 0.2027, 0.1242, 0.2706, 0.3053, 0.1072, 0.3602, 0.4716, 0.0350,
        0.0751, 0.4736, 0.5123, 0.2074, 0.2743, 0.3200, 0.2723, 0.2799, 0.3595,
        0.4619, 0.3834, 0.2497, 0.3176, 0.0480, 0.3141, 0.1089, 0.4242, 0.3481,
        0.2174, 0.6252, 0.0930, 0.2975, 0.2372, 0.4786, 0.1704, 0.2631, 0.3007,
        0.3352, 0.1473, 0.3998, 0.1733, 0.1523, 0.1139, 0.1923, 0.3588, 0.2133,
        0.3008, 0.3885, 0.2212, 0.1916, 0.0832, 0.1230, 0.2445, 0.1783, 0.3544,
        0.1931, 0.3788, 0.3436, 0.1040, 0.3509, 0.5208, 0.1743, 0.2441, 0.1855,
        0.3114, 0.2204, 0.3730, 0.2507, 0.1033, 0.0481, 0.2089, 0.0192, 0.4146,
        0.0313, 0.0565, 0.2092, 0.1787, 0.3104, 0.2387, 0.6512, 0.1950, 0.1086,
        0.3765, 0.0344, 0.3098, 0.0908, 0.1293, 0.1574, 0.0346, 0.0820, 0.3507,
        0.3056, 0.3480, 0.3616, 0.1499, 0.1818, 0.4229, 0.3442, 0.1932, 0.2798,
        0.1307, 0.3002, 0.3363, 0.3228, 0.5224, 0.5835, 0.2076, 0.4689, 0.3870,
        0.2300, 0.1219, 0.5389, 0.2661, 0.5462, 0.4230, 0.3572, 0.3380, 0.3858,
        0.3384, 0.5503, 0.2171, 0.1167, 0.1905, 0.4761, 0.5330, 0.2201, 0.1906,
        0.2651, 0.2381, 0.1440, 0.0618, 0.2409, 0.1096, 0.2073, 0.1260, 0.2101,
        0.2605, 0.0832, 0.4586, 0.2560, 0.1305, 0.2747, 0.2376, 0.4164, 0.1644,
        0.2728, 0.3237, 0.2128, 0.1344, 0.4586, 0.3005, 0.3003, 0.2996, 0.1284,
        0.1420, 0.1345, 0.6071, 0.4346, 0.4058, 0.4393, 0.5071, 0.4795, 0.6023,
        0.4552, 0.0744, 0.1476, 0.2399, 0.2427, 0.1620, 0.1607, 0.1948, 0.4542,
        0.1641, 0.4065, 0.1891, 0.6747, 0.0928, 0.2445, 0.4569, 0.1649, 0.2209,
        0.2948, 0.1783, 0.4035, 0.2151, 0.4846, 0.5866, 0.3429, 0.2758, 0.0214,
        0.3798, 0.3010, 0.0241, 0.0568, 0.6032, 0.5665, 0.3215, 0.3326, 0.2446,
        0.0935, 0.0970, 0.1471, 0.3776, 0.0583, 0.1489, 0.5310, 0.2178, 0.2705,
        0.1719, 0.0384, 0.1191, 0.0996, 0.5176, 0.4851, 0.4263, 0.3707, 0.1324,
        0.2167, 0.3494, 0.1574, 0.1069, 0.1938, 0.6800, 0.2813, 0.2388, 0.1309,
        0.5808, 0.4675, 0.3686, 0.1394, 0.1711, 0.1251, 0.3257, 0.1755, 0.0560,
        0.1880, 0.0701, 0.1609, 0.3274, 0.4229, 0.3001, 0.2471, 0.6317, 0.1173,
        0.2169, 0.2557, 0.1514, 0.2554, 0.4221, 0.6033, 0.2135, 0.5792, 0.6250,
        0.2401, 0.1604, 0.3513, 0.1166, 0.0301, 0.1885, 0.2728, 0.2390, 0.1567,
        0.2449, 0.1038, 0.1629, 0.2159, 0.1239, 0.0696, 0.2038, 0.3049, 0.2676,
        0.4669, 0.1408, 0.0496, 0.2645, 0.1943, 0.4554, 0.0930, 0.4083, 0.2485,
        0.0635, 0.1159, 0.1725, 0.1969, 0.1912, 0.1636, 0.2426, 0.2760, 0.2762,
        0.2186, 0.3209, 0.2158, 0.1540, 0.2070, 0.1763, 0.1146, 0.1415, 0.0236,
        0.2711, 0.1897, 0.5387, 0.2725, 0.2680, 0.3701, 0.1605])",0.3140307738457197,"tensor([ 0.3323,  0.3730,  0.2516,  0.2197,  0.0757,  0.5587,  0.5506,  0.4374,
        -0.0104,  0.1441,  0.1495,  0.0864,  0.1892,  0.2299,  0.0618,  0.2730,
         0.3858,  0.0155,  0.0317,  0.4043,  0.3499,  0.1947,  0.2420,  0.2122,
         0.2099,  0.1929,  0.2681,  0.3660,  0.3668,  0.1265,  0.1619,  0.0125,
         0.3195,  0.0656,  0.2953,  0.2702,  0.1671,  0.4411,  0.0442,  0.1433,
         0.1902,  0.3879,  0.0898,  0.2137,  0.1499,  0.1451,  0.0676,  0.2601,
         0.0647,  0.0998,  0.0618,  0.0794,  0.1806,  0.0928,  0.1138,  0.2325,
         0.0756,  0.1113,  0.0201,  0.0798,  0.1982,  0.0889,  0.1871,  0.1006,
         0.3246,  0.1948,  0.0761,  0.2885,  0.4665,  0.1301,  0.1794,  0.1392,
         0.2671,  0.1968,  0.1796,  0.1446,  0.0274, -0.0035,  0.1497,  0.0112,
         0.2675, -0.0058,  0.0168,  0.0892,  0.1137,  0.2040,  0.1515,  0.4662,
         0.1425,  0.0930,  0.2023,  0.0031,  0.1154,  0.0495,  0.1144,  0.1104,
         0.0118,  0.0372,  0.2563,  0.2724,  0.2789,  0.2483,  0.1139,  0.1266,
         0.3837,  0.2627,  0.0907,  0.1777,  0.0866,  0.2692,  0.3058,  0.2580,
         0.4493,  0.5026,  0.0794,  0.3999,  0.3754,  0.1180,  0.0606,  0.5016,
         0.1500,  0.4079,  0.3204,  0.1788,  0.2583,  0.2234,  0.2741,  0.5081,
         0.2056,  0.0655,  0.1484,  0.4086,  0.4595,  0.0966,  0.1129,  0.1156,
         0.0845,  0.0896,  0.0465,  0.1540,  0.0600,  0.1725,  0.0979,  0.1485,
         0.1583,  0.0516,  0.3508,  0.1494,  0.0886,  0.1432,  0.1087,  0.2635,
         0.0578,  0.1780,  0.1983,  0.1865,  0.0886,  0.3496,  0.2512,  0.2839,
         0.1464,  0.0577,  0.0605,  0.0816,  0.5157,  0.4088,  0.3708,  0.3808,
         0.4303,  0.4156,  0.5313,  0.4027,  0.0186,  0.0983,  0.1442,  0.2781,
         0.1293,  0.0748,  0.1086,  0.4534,  0.0680,  0.3138,  0.1409,  0.3842,
         0.0236,  0.1785,  0.2828,  0.0728,  0.1415,  0.2667,  0.1466,  0.3211,
         0.2012,  0.3886,  0.4080,  0.1787,  0.1522,  0.0074,  0.2245,  0.2044,
         0.0058,  0.0154,  0.5331,  0.4264,  0.2697,  0.2035,  0.1939,  0.0414,
         0.0185,  0.0575,  0.2378,  0.0287,  0.1004,  0.5352,  0.1861,  0.2147,
         0.0878,  0.0069,  0.0790,  0.0548,  0.2941,  0.2356,  0.3100,  0.1802,
         0.0840,  0.2072,  0.3146,  0.1012,  0.0494,  0.1102,  0.4441,  0.2451,
         0.1560,  0.0440,  0.4625,  0.3993,  0.1844,  0.1130,  0.1202,  0.0608,
         0.1855,  0.1037,  0.0216,  0.1413,  0.0279,  0.1050,  0.2143,  0.3654,
         0.1826,  0.1993,  0.6003,  0.0718,  0.1825,  0.1700,  0.1066,  0.1715,
         0.3598,  0.5564,  0.1352,  0.4875,  0.4963,  0.2028,  0.0718,  0.2204,
         0.0689, -0.0017,  0.1300,  0.1440,  0.2112,  0.1325,  0.1735,  0.0769,
         0.1072,  0.1823,  0.0716,  0.0440,  0.1793,  0.1890,  0.2303,  0.3950,
         0.1189,  0.0168,  0.1489,  0.1351,  0.3739,  0.0552,  0.3051,  0.2240,
         0.0216,  0.0611,  0.1341,  0.1980,  0.1282,  0.1054,  0.1392,  0.2287,
         0.1981,  0.1654,  0.1581,  0.1721,  0.1135,  0.1551,  0.0927,  0.0757,
         0.0479,  0.0009,  0.2121,  0.1069,  0.3763,  0.2058,  0.1940,  0.1748,
         0.0984])"
