,epoch,train_loss,PCC_train,val_loss,PCC_val
0,0,0.10736108306628554,"tensor([ 9.6966e-02,  1.2518e-01,  5.4712e-02,  5.5654e-02,  2.4382e-02,
         2.4936e-01,  5.8694e-02,  2.9468e-02,  1.1882e-03,  4.1596e-02,
         2.0578e-02,  5.8617e-03,  2.1945e-02,  1.9659e-02,  1.2968e-02,
         4.0951e-02,  1.7193e-01,  4.1577e-04,  3.5831e-03,  7.5462e-02,
         8.0107e-02,  1.5568e-02,  4.2644e-02,  2.3538e-02,  1.7271e-02,
         8.5412e-02,  7.8196e-02,  1.9555e-02,  3.1584e-02,  5.3372e-02,
         4.0148e-02,  8.8620e-04,  1.0094e-02,  3.2614e-03,  6.5429e-02,
         2.9425e-02,  3.8772e-02,  2.9705e-01, -8.5424e-04,  1.1416e-02,
         1.3640e-02,  1.4587e-01,  2.2238e-02,  8.2032e-02,  3.2520e-02,
         2.7528e-02,  2.1731e-02,  2.3997e-02,  1.0135e-02,  3.0091e-02,
         1.1074e-02,  3.4660e-02,  7.6608e-02,  6.7724e-03,  3.7118e-02,
         6.7857e-02,  2.5456e-02,  1.3817e-02, -7.1657e-04,  2.1001e-03,
         1.8093e-02,  2.5200e-02,  3.2485e-02,  9.0699e-03,  6.3239e-02,
         4.1461e-02,  1.5078e-02,  1.1673e-01,  1.6633e-01,  2.4989e-03,
         3.0555e-02,  1.5210e-02,  3.1977e-02,  5.3773e-03,  9.8526e-03,
         8.8519e-03, -1.6398e-02,  5.3648e-03,  3.3036e-02,  7.0676e-04,
         6.6410e-02, -9.8026e-04,  2.2575e-03,  5.5230e-03,  2.0697e-03,
         9.1037e-02, -5.2044e-03,  1.8947e-01,  1.2944e-02, -1.3697e-04,
         9.7802e-02, -4.6248e-03,  7.6976e-02,  9.6812e-03,  9.6747e-03,
        -2.1958e-03, -1.0416e-03, -3.8818e-04,  6.9834e-02,  5.8281e-02,
         2.7525e-02,  3.6456e-02,  7.5255e-03,  9.7135e-03,  4.8256e-03,
         5.0934e-02,  9.2273e-03,  2.3546e-02,  1.0571e-02,  6.6075e-02,
         2.5575e-02,  1.2333e-01,  2.1595e-01,  2.0529e-01,  2.4031e-02,
         2.1266e-02,  9.0343e-03,  1.1139e-02,  7.9870e-03,  2.3064e-01,
         2.6267e-02,  2.0164e-01,  5.5794e-02,  3.5805e-02,  5.5822e-02,
         5.9364e-02,  3.7871e-02,  2.7058e-01,  1.8473e-02, -6.6665e-04,
         5.2146e-02,  1.7542e-01,  2.8047e-02,  4.9886e-03,  8.1437e-03,
         8.7644e-02,  2.7030e-02,  5.8760e-02, -5.7112e-05,  2.8760e-02,
         8.3024e-03,  3.0316e-02,  1.6701e-02,  3.0152e-02,  2.6783e-03,
         2.2568e-03,  1.6929e-01,  1.7951e-02,  4.6183e-02,  1.0189e-01,
         1.3212e-02,  1.3532e-01, -3.7570e-04,  4.2379e-02,  5.0160e-02,
         4.8677e-02,  3.9375e-03,  3.6767e-02,  2.2806e-02,  4.0621e-02,
         3.4173e-02,  4.1704e-03,  8.0310e-03,  5.8923e-03,  2.0941e-01,
         1.3163e-01,  8.9162e-02,  3.2970e-02,  1.0494e-01,  7.5238e-02,
         2.4728e-01,  2.1529e-01,  1.0160e-02,  7.3825e-03,  2.9308e-02,
         1.9790e-03, -1.8761e-03,  1.3081e-02,  1.0371e-03,  7.9315e-02,
         4.9285e-03,  9.7497e-02,  4.0100e-02,  1.6803e-01,  4.1469e-04,
         4.1303e-02,  1.2213e-01, -2.9695e-03,  5.4641e-02,  7.1210e-02,
         3.7170e-02,  9.7965e-02,  1.9213e-02,  2.4489e-02,  2.2206e-01,
        -4.8806e-03,  5.2437e-03,  4.7702e-03,  7.3768e-02,  4.6438e-02,
        -2.6123e-03, -5.2205e-04,  1.2152e-01,  1.1588e-01,  1.0361e-01,
         3.1031e-02,  7.8783e-02,  4.9876e-03,  1.6329e-03,  1.1213e-02,
         5.9319e-03, -2.3860e-04,  1.6272e-02,  2.3160e-02,  8.4464e-03,
         9.9130e-03,  2.5057e-02, -3.1467e-03,  5.1275e-03, -1.0047e-03,
         1.5709e-01,  1.1267e-01,  1.1924e-01,  2.4393e-02,  5.3261e-04,
         8.4340e-03,  1.7424e-03,  1.0203e-02,  7.6315e-03,  1.6608e-02,
         2.5980e-01,  7.6240e-02,  1.4178e-02,  7.3747e-03,  9.3112e-02,
        -8.8544e-03,  9.2965e-02,  2.7721e-02,  3.3343e-02, -2.5223e-03,
         1.0801e-02,  5.0209e-03, -9.3001e-04,  3.5092e-02,  1.2241e-02,
         1.1349e-02,  6.2060e-02,  9.3513e-02,  6.7901e-02, -2.3070e-02,
         2.0570e-01,  1.0300e-02,  6.5873e-02, -1.2412e-02,  9.9992e-03,
         9.7185e-02,  1.3095e-01,  1.1675e-01,  2.8880e-02,  2.1296e-01,
         2.4852e-01,  5.4801e-02,  1.0504e-02,  6.6819e-02,  2.6528e-03,
         5.3070e-03,  1.9844e-02,  5.4793e-02,  2.1868e-02,  8.4064e-03,
         9.3246e-03,  7.2281e-03,  7.0627e-02,  3.9539e-02,  1.9189e-02,
         8.7625e-03,  1.8574e-02,  5.5629e-02,  3.1232e-02,  1.3760e-01,
         2.5600e-02, -2.6088e-03,  3.1202e-02,  6.7170e-02,  8.6276e-02,
         1.5527e-03,  8.8091e-02,  5.5341e-02,  3.2148e-03,  5.0251e-03,
         1.6573e-02,  2.3040e-02,  3.0274e-02,  4.0743e-02,  2.3971e-02,
         4.9796e-02,  7.4310e-02,  2.9151e-02,  1.0932e-01,  3.5245e-02,
        -4.3128e-03,  1.8530e-02,  1.1521e-02,  4.9190e-03,  1.7080e-02,
        -5.4938e-03,  7.0639e-02,  3.2237e-03,  3.9882e-02,  7.0785e-02,
         8.1590e-02,  7.7689e-02,  2.1441e-02])",0.10215074081151258,"tensor([ 2.1692e-01,  2.2680e-01,  1.0316e-01,  1.1854e-01,  4.3931e-02,
         3.5238e-01,  2.0068e-01,  9.3743e-02,  6.9744e-03,  8.6442e-02,
         1.1156e-01,  2.4160e-02,  9.3079e-02,  4.0512e-02,  3.0128e-02,
         7.4917e-02,  3.0429e-01, -3.5870e-03,  2.2236e-02,  2.2175e-01,
         2.1915e-01,  1.4787e-02,  1.5720e-01,  5.8066e-02,  5.0741e-02,
         1.8446e-01,  1.4567e-01,  7.8018e-02,  1.3772e-01,  1.1140e-01,
         8.4391e-02, -3.3070e-03,  7.4700e-02,  2.8343e-02,  1.3415e-01,
         9.1125e-02,  1.2559e-01,  3.6950e-01,  1.9530e-02,  1.0048e-01,
         6.8632e-03,  2.4974e-01,  5.3142e-02,  1.8517e-01,  1.1369e-01,
         1.0071e-01,  9.8861e-02,  8.3229e-02,  2.8066e-02,  9.1287e-02,
         1.7404e-02,  6.3768e-02,  1.5214e-01,  5.0234e-02,  8.2672e-02,
         1.5999e-01,  5.2382e-02,  1.0772e-01,  2.3103e-02,  1.4268e-02,
         8.8072e-02,  2.8273e-02,  1.3870e-01,  2.0809e-02,  1.7721e-01,
         7.2949e-02,  2.4418e-02,  1.8717e-01,  2.6019e-01,  9.3095e-03,
         9.2799e-02,  3.3524e-02,  8.0173e-02,  3.2122e-02,  4.4397e-02,
        -1.5161e-02, -1.3029e-02, -5.7329e-03,  5.1763e-02,  5.5771e-03,
         1.9409e-01, -1.4317e-02,  7.1400e-04,  3.1304e-02,  2.2217e-02,
         1.4639e-01,  3.6709e-03,  3.4547e-01,  7.2815e-02,  5.4263e-04,
         1.4662e-01,  2.1643e-02,  1.1307e-01,  1.0854e-02,  1.5584e-02,
         2.1216e-02, -5.9067e-03,  1.3778e-02,  1.5993e-01,  1.1371e-01,
         1.1325e-01,  1.1529e-01,  1.5465e-02,  3.9027e-02,  4.3728e-02,
         9.6052e-02,  1.8419e-02,  1.3557e-01,  2.1936e-02,  1.6727e-01,
         1.8083e-02,  2.0541e-01,  3.4600e-01,  3.2828e-01,  5.7495e-02,
         4.7112e-02,  8.2033e-02,  4.6129e-02,  4.5415e-02,  3.9033e-01,
         8.1008e-02,  3.1870e-01,  1.4314e-01,  1.1191e-01,  1.5473e-01,
         1.2777e-01,  6.7990e-02,  4.2667e-01,  4.2916e-02,  4.9691e-03,
         1.0081e-01,  3.0115e-01,  2.5778e-01,  4.9786e-02,  2.5556e-02,
         1.3782e-01,  5.4066e-02,  1.3293e-01, -2.1477e-03,  7.5407e-02,
         3.6053e-02,  1.0350e-01,  2.7043e-02,  6.8357e-02,  2.4759e-02,
         4.8792e-03,  2.5211e-01,  3.6968e-02,  1.0546e-01,  1.6802e-01,
         4.2985e-02,  2.4277e-01,  7.2743e-04,  1.0040e-01,  1.2198e-01,
         1.2637e-01, -7.6016e-03,  1.4411e-01,  4.9166e-02,  1.0373e-01,
         1.0428e-01,  1.6363e-02,  9.9232e-03,  1.9153e-02,  2.9521e-01,
         1.9440e-01,  1.8038e-01,  1.7054e-01,  2.2715e-01,  2.0458e-01,
         3.9123e-01,  3.4414e-01,  2.2980e-02,  6.6677e-02,  7.5175e-02,
         3.9856e-02,  3.2713e-02,  3.8721e-03,  7.0335e-03,  1.8684e-01,
         4.6207e-02,  1.8110e-01,  1.1072e-01,  2.7627e-01,  1.1284e-02,
         1.1656e-01,  2.0264e-01,  2.4148e-02,  1.4067e-01,  1.5693e-01,
         1.0663e-01,  2.4804e-01,  6.3708e-02,  1.3430e-01,  3.1520e-01,
         6.2720e-02,  7.4339e-02, -3.0066e-03,  1.6517e-01,  1.6177e-01,
         1.0094e-02,  8.1727e-03,  2.2822e-01,  2.4471e-01,  2.4882e-01,
         1.4856e-01,  1.6004e-01,  3.4630e-02,  1.3113e-02,  5.0863e-03,
         1.0640e-02,  3.2760e-02,  6.7223e-02,  1.1166e-01,  3.8577e-02,
         8.5372e-02,  4.9543e-02, -1.4131e-03,  1.0246e-02,  3.0583e-02,
         2.2966e-01,  1.9160e-01,  1.9097e-01,  5.1614e-02,  3.2776e-02,
         5.3095e-02,  5.5929e-02,  4.2483e-02,  1.0968e-02,  4.8952e-02,
         3.3967e-01,  1.2082e-01,  5.6631e-02,  4.7353e-03,  3.1766e-01,
         1.3509e-01,  1.4566e-01,  8.1944e-02,  9.6084e-02,  3.4286e-02,
         7.6932e-02,  1.7800e-02, -8.3414e-03,  7.6104e-02,  2.0552e-02,
         1.5239e-02,  1.2954e-01,  2.1382e-01,  1.3211e-01,  9.2467e-03,
         3.5008e-01, -1.0047e-02,  1.2554e-01,  4.4229e-02,  6.5067e-02,
         1.9026e-01,  2.4202e-01,  2.2699e-01,  7.8391e-02,  3.4592e-01,
         3.4018e-01,  1.1255e-01,  2.2271e-02,  1.6265e-01,  4.3147e-02,
        -3.7913e-03,  7.0831e-02,  9.0498e-02,  1.0047e-01,  6.4717e-02,
         3.1265e-02,  1.8497e-03,  1.1726e-01,  1.2461e-01,  7.0583e-02,
         6.2219e-03,  6.1855e-02,  1.0264e-01,  7.6530e-02,  2.1008e-01,
         1.0012e-01,  4.7255e-03,  1.0486e-01,  1.1114e-01,  1.8801e-01,
        -3.8000e-03,  1.6404e-01,  1.4813e-01,  9.0361e-06,  1.7482e-02,
         2.7031e-02,  8.1680e-02,  8.8655e-02,  8.1105e-02,  6.8589e-02,
         1.3262e-01,  1.4079e-01,  4.8234e-02,  1.6829e-01,  1.3065e-01,
         1.7815e-02,  3.9855e-02,  5.1236e-02, -1.7667e-02,  3.2557e-02,
         3.3310e-03,  1.3677e-01,  3.4499e-02,  1.1844e-01,  1.1968e-01,
         1.2758e-01,  1.3600e-01,  6.4340e-02])"
1,1,0.10055201958809326,"tensor([ 2.5410e-01,  2.5403e-01,  1.2803e-01,  1.4602e-01,  7.2293e-02,
         3.9627e-01,  2.5663e-01,  1.2826e-01, -1.7273e-03,  9.5526e-02,
         1.0199e-01,  4.7385e-02,  1.1408e-01,  4.9219e-02,  3.8781e-02,
         1.3946e-01,  3.2801e-01,  2.3087e-03,  1.7360e-02,  2.6996e-01,
         2.5373e-01,  3.6767e-02,  1.7003e-01,  9.1037e-02,  6.6895e-02,
         2.2206e-01,  1.6361e-01,  8.6812e-02,  1.8276e-01,  1.2088e-01,
         1.0959e-01, -7.2081e-03,  8.1861e-02,  3.6729e-02,  1.7326e-01,
         1.0397e-01,  1.4021e-01,  3.9928e-01,  9.5203e-03,  1.3416e-01,
         2.8293e-02,  3.1621e-01,  6.5039e-02,  1.9106e-01,  1.4922e-01,
         1.4160e-01,  9.7575e-02,  1.2073e-01,  5.8544e-02,  8.7849e-02,
         2.4044e-02,  9.3434e-02,  1.8328e-01,  7.4531e-02,  1.0955e-01,
         1.6312e-01,  7.8859e-02,  1.0002e-01,  1.3419e-02,  1.8704e-02,
         1.1105e-01,  5.5311e-02,  1.3896e-01,  2.8215e-02,  2.4911e-01,
         8.7549e-02,  3.8016e-02,  2.0735e-01,  3.1148e-01,  2.1693e-02,
         1.1444e-01,  5.5519e-02,  1.0367e-01,  5.4747e-02,  4.8350e-02,
         1.4545e-02,  1.3982e-02,  1.5552e-03,  7.4943e-02, -1.1207e-03,
         2.2385e-01, -3.6429e-03,  5.0976e-03,  3.3526e-02,  3.6911e-02,
         1.9093e-01,  5.5900e-02,  3.7863e-01,  9.0275e-02,  1.8663e-02,
         1.6958e-01,  5.5576e-03,  1.4442e-01,  1.6858e-02,  1.9353e-02,
         4.7196e-02, -1.1391e-03,  2.7394e-02,  2.0296e-01,  1.2735e-01,
         1.6975e-01,  1.3413e-01,  3.4830e-02,  5.0559e-02,  1.1421e-01,
         1.3681e-01,  9.8138e-03,  1.3157e-01,  6.5318e-02,  1.6416e-01,
         4.5404e-02,  2.2399e-01,  3.7287e-01,  3.7303e-01,  5.1972e-02,
         1.6361e-01,  9.1907e-02,  6.6182e-02,  6.3634e-02,  4.1592e-01,
         1.0227e-01,  3.5276e-01,  1.8880e-01,  1.3193e-01,  1.7239e-01,
         1.5629e-01,  9.2681e-02,  4.4489e-01,  6.2496e-02,  4.8198e-03,
         1.0847e-01,  3.3484e-01,  3.1484e-01,  5.5598e-02,  2.5539e-02,
         1.5638e-01,  7.1910e-02,  1.5038e-01,  1.0420e-02,  9.3989e-02,
         2.4691e-02,  1.2819e-01,  4.5260e-02,  7.8819e-02,  1.4849e-02,
         1.6619e-02,  2.7847e-01,  8.6101e-02,  1.2387e-01,  1.9938e-01,
         4.7792e-02,  2.5968e-01,  2.2264e-02,  1.0889e-01,  1.2229e-01,
         1.3535e-01,  5.0473e-02,  1.6933e-01,  1.1987e-01,  1.1977e-01,
         1.2086e-01,  1.1205e-02,  2.0168e-02,  1.7714e-02,  3.4864e-01,
         2.2387e-01,  1.9382e-01,  1.8184e-01,  2.8058e-01,  2.5090e-01,
         4.4827e-01,  3.7740e-01,  3.4366e-02,  7.8146e-02,  9.7630e-02,
         5.0418e-02,  3.2700e-02,  2.0257e-02,  2.5924e-02,  2.4631e-01,
         6.1345e-02,  2.1286e-01,  1.2941e-01,  3.2776e-01,  1.6095e-02,
         1.1822e-01,  2.1813e-01,  2.8419e-02,  1.5278e-01,  1.9429e-01,
         9.8334e-02,  2.7274e-01,  6.9919e-02,  1.8032e-01,  3.3987e-01,
         6.6973e-02,  8.2771e-02,  1.5729e-03,  1.8924e-01,  2.1652e-01,
         3.0871e-03,  1.2430e-03,  2.4982e-01,  2.8182e-01,  2.4546e-01,
         1.4556e-01,  1.8586e-01,  1.9086e-02,  3.9296e-03,  1.5649e-02,
         1.3078e-02,  2.6875e-02,  7.6220e-02,  1.4300e-01,  8.8624e-02,
         1.4244e-01,  7.1322e-02, -3.1744e-04,  3.3300e-02,  3.3437e-02,
         2.4869e-01,  2.1731e-01,  2.3376e-01,  8.9345e-02,  3.1584e-02,
         3.9515e-02,  6.1014e-02,  5.6086e-02,  1.0578e-02,  6.3353e-02,
         3.8741e-01,  1.6189e-01,  8.0744e-02,  1.3627e-02,  3.7333e-01,
         1.8069e-01,  1.7059e-01,  8.6410e-02,  9.0569e-02,  3.0439e-02,
         7.5240e-02,  1.9627e-02,  4.3061e-03,  9.3829e-02,  1.6423e-02,
         3.5557e-02,  1.4791e-01,  2.3046e-01,  1.3036e-01,  2.4355e-02,
         3.8040e-01,  7.7872e-03,  1.2378e-01,  8.1497e-02,  8.7302e-02,
         1.8344e-01,  2.6122e-01,  2.5145e-01,  9.0428e-02,  3.9585e-01,
         3.6807e-01,  1.3305e-01,  4.6167e-02,  1.6782e-01,  4.1561e-02,
         5.6355e-04,  7.5213e-02,  1.1213e-01,  1.6500e-01,  6.1013e-02,
         2.3097e-02,  1.7436e-02,  1.3409e-01,  1.1510e-01,  7.0539e-02,
         1.0101e-02,  6.6330e-02,  1.3332e-01,  7.9807e-02,  2.4110e-01,
         8.4829e-02,  1.0358e-03,  1.2638e-01,  1.3128e-01,  2.1487e-01,
         1.2365e-03,  1.7087e-01,  1.6834e-01,  7.1711e-03,  2.4545e-02,
         6.3079e-02,  8.2668e-02,  8.5234e-02,  7.3006e-02,  7.0271e-02,
         1.5708e-01,  1.5537e-01,  7.6436e-02,  1.8535e-01,  1.4023e-01,
         3.0125e-02,  4.3920e-02,  7.2897e-02,  1.9519e-02,  4.8082e-02,
         9.9475e-03,  1.4115e-01,  6.2675e-02,  1.5130e-01,  1.3269e-01,
         1.5932e-01,  1.4627e-01,  8.2007e-02])",0.10007663035676592,"tensor([ 0.2680,  0.2881,  0.1653,  0.1694,  0.0787,  0.4253,  0.3043,  0.1592,
         0.0066,  0.1142,  0.1352,  0.0576,  0.1231,  0.0718,  0.0557,  0.1832,
         0.3646,  0.0030,  0.0221,  0.3188,  0.2883,  0.0353,  0.1833,  0.1072,
         0.0978,  0.2335,  0.1888,  0.1413,  0.2202,  0.1483,  0.1408, -0.0028,
         0.1044,  0.0371,  0.1901,  0.1291,  0.1511,  0.4273,  0.0082,  0.1457,
         0.0580,  0.3448,  0.0732,  0.2141,  0.1696,  0.1602,  0.0827,  0.1511,
         0.0567,  0.1152,  0.0377,  0.0997,  0.1989,  0.0829,  0.1264,  0.2044,
         0.0907,  0.1368,  0.0223,  0.0381,  0.1291,  0.0535,  0.1616,  0.0421,
         0.2831,  0.1202,  0.0608,  0.2384,  0.3546,  0.0430,  0.1004,  0.0360,
         0.1352,  0.0843,  0.0822,  0.0418,  0.0511,  0.0010,  0.0905, -0.0058,
         0.2382,  0.0024,  0.0226,  0.0451,  0.0350,  0.1994,  0.0989,  0.4078,
         0.1061,  0.0187,  0.2018, -0.0050,  0.1615,  0.0219,  0.0372,  0.0564,
         0.0020,  0.0310,  0.2242,  0.1362,  0.1968,  0.1677,  0.0356,  0.0627,
         0.1556,  0.1638,  0.0144,  0.1620,  0.0721,  0.1986,  0.1076,  0.2511,
         0.3984,  0.4214,  0.0769,  0.2595,  0.1374,  0.0870,  0.0708,  0.4377,
         0.1333,  0.3692,  0.2176,  0.1586,  0.2027,  0.1544,  0.1204,  0.4829,
         0.0634,  0.0071,  0.1101,  0.3582,  0.3594,  0.0784,  0.0244,  0.1665,
         0.0715,  0.1714,  0.0178,  0.1209,  0.0287,  0.1463,  0.0647,  0.1084,
         0.0262,  0.0094,  0.2976,  0.0923,  0.1533,  0.1975,  0.0661,  0.2822,
         0.0358,  0.1335,  0.1501,  0.1544,  0.0899,  0.2308,  0.1438,  0.1394,
         0.1410,  0.0273,  0.0299,  0.0258,  0.4321,  0.2648,  0.2254,  0.2215,
         0.3481,  0.2963,  0.4775,  0.3905,  0.0527,  0.0908,  0.1336,  0.0603,
         0.0353,  0.0126,  0.0319,  0.2784,  0.0750,  0.2311,  0.1370,  0.3636,
         0.0283,  0.1348,  0.2378,  0.0409,  0.1731,  0.2138,  0.1151,  0.3019,
         0.1097,  0.2291,  0.3694,  0.0688,  0.1017,  0.0082,  0.2104,  0.2227,
        -0.0116, -0.0060,  0.3055,  0.3348,  0.2721,  0.1678,  0.1902,  0.0323,
         0.0187,  0.0272,  0.0522,  0.0389,  0.0852,  0.1883,  0.1235,  0.1598,
         0.0894,  0.0011,  0.0361,  0.0419,  0.2700,  0.2531,  0.2570,  0.1285,
         0.0503,  0.0492,  0.0853,  0.0612,  0.0043,  0.0671,  0.4207,  0.1917,
         0.1045,  0.0199,  0.4191,  0.2321,  0.1812,  0.0867,  0.1143,  0.0437,
         0.0919,  0.0271, -0.0015,  0.1034,  0.0136,  0.0482,  0.1648,  0.2608,
         0.1429,  0.0572,  0.4157,  0.0238,  0.1518,  0.1054,  0.0997,  0.2210,
         0.2776,  0.2782,  0.1060,  0.4395,  0.4234,  0.1403,  0.0293,  0.1869,
         0.0544,  0.0054,  0.0878,  0.1170,  0.1978,  0.0757,  0.0417,  0.0336,
         0.1397,  0.1307,  0.0760,  0.0155,  0.0738,  0.1442,  0.0989,  0.2744,
         0.0798,  0.0070,  0.1413,  0.1396,  0.2341,  0.0094,  0.1830,  0.1879,
         0.0052,  0.0377,  0.0725,  0.1068,  0.1159,  0.0991,  0.0921,  0.1593,
         0.1679,  0.0900,  0.2129,  0.1708,  0.0543,  0.0518,  0.0861,  0.0456,
         0.0574, -0.0025,  0.1585,  0.0595,  0.1819,  0.1389,  0.1836,  0.1632,
         0.0909])"
2,2,0.09901381277326328,"tensor([ 2.8099e-01,  3.1794e-01,  1.7572e-01,  1.7411e-01,  8.5329e-02,
         4.6546e-01,  3.5618e-01,  1.7947e-01, -8.0841e-03,  1.2040e-01,
         1.2541e-01,  5.9068e-02,  1.3180e-01,  7.9393e-02,  4.7662e-02,
         1.9238e-01,  3.8353e-01,  5.7463e-03,  2.2929e-02,  3.2759e-01,
         3.0167e-01,  5.5210e-02,  1.8915e-01,  1.1822e-01,  9.6604e-02,
         2.4934e-01,  1.9919e-01,  1.5892e-01,  2.4722e-01,  1.4945e-01,
         1.4984e-01, -2.2187e-04,  1.0574e-01,  4.3445e-02,  2.1890e-01,
         1.4654e-01,  1.6233e-01,  4.4620e-01,  8.3969e-03,  1.6490e-01,
         6.1715e-02,  3.6975e-01,  8.6431e-02,  2.1422e-01,  1.8246e-01,
         1.6893e-01,  1.0615e-01,  1.5624e-01,  7.9683e-02,  9.8953e-02,
         4.5727e-02,  1.0771e-01,  2.0902e-01,  9.2202e-02,  1.3807e-01,
         2.0780e-01,  9.6114e-02,  1.1805e-01,  2.6576e-02,  5.2691e-02,
         1.3516e-01,  5.9836e-02,  1.5892e-01,  4.2534e-02,  2.9977e-01,
         1.2848e-01,  5.7109e-02,  2.5410e-01,  3.9335e-01,  4.9434e-02,
         1.2566e-01,  5.3848e-02,  1.5027e-01,  9.3766e-02,  1.0383e-01,
         3.2227e-02,  5.3382e-02,  1.1348e-02,  9.6224e-02,  5.5941e-04,
         2.5974e-01, -3.9978e-03,  6.4851e-03,  5.0185e-02,  4.1022e-02,
         2.2431e-01,  9.8930e-02,  4.2401e-01,  1.2025e-01,  1.8848e-02,
         2.1135e-01,  5.9340e-03,  1.6286e-01,  3.4841e-02,  3.8053e-02,
         6.0573e-02,  9.3585e-03,  3.0723e-02,  2.5052e-01,  1.5637e-01,
         2.1199e-01,  1.7559e-01,  5.3305e-02,  6.6555e-02,  1.8712e-01,
         1.9160e-01,  1.6051e-02,  1.5379e-01,  8.6675e-02,  1.9454e-01,
         9.2008e-02,  2.5275e-01,  4.1843e-01,  4.4317e-01,  6.9827e-02,
         2.6616e-01,  1.2612e-01,  1.0582e-01,  7.4828e-02,  4.4310e-01,
         1.3616e-01,  3.9144e-01,  2.3592e-01,  1.7239e-01,  2.1298e-01,
         1.8476e-01,  1.4322e-01,  4.9911e-01,  8.6451e-02,  1.7257e-02,
         1.1204e-01,  3.6878e-01,  3.7126e-01,  8.2322e-02,  2.3993e-02,
         1.7467e-01,  8.9289e-02,  1.7967e-01,  1.8909e-02,  1.3043e-01,
         3.5276e-02,  1.5354e-01,  6.9535e-02,  9.5495e-02,  5.1746e-02,
         3.0092e-02,  3.1491e-01,  1.1593e-01,  1.6150e-01,  2.1656e-01,
         6.4049e-02,  2.8660e-01,  3.5068e-02,  1.1888e-01,  1.4691e-01,
         1.5665e-01,  7.7731e-02,  2.4353e-01,  1.5637e-01,  1.4556e-01,
         1.4475e-01,  3.0297e-02,  2.5711e-02,  2.8273e-02,  4.4235e-01,
         2.8897e-01,  2.3350e-01,  2.2699e-01,  3.6800e-01,  3.0666e-01,
         5.0666e-01,  4.0587e-01,  4.5879e-02,  9.8626e-02,  1.3448e-01,
         6.8771e-02,  4.0622e-02,  2.1451e-02,  4.5230e-02,  3.1989e-01,
         7.5804e-02,  2.6485e-01,  1.3878e-01,  3.9754e-01,  3.1105e-02,
         1.4021e-01,  2.6071e-01,  3.9280e-02,  1.6916e-01,  2.2328e-01,
         1.0996e-01,  3.0840e-01,  1.0169e-01,  2.3741e-01,  3.8523e-01,
         9.0433e-02,  1.1142e-01, -1.3520e-03,  2.2175e-01,  2.5848e-01,
         2.0545e-03,  1.4786e-03,  3.1886e-01,  3.6119e-01,  2.6325e-01,
         1.6199e-01,  1.9971e-01,  2.7897e-02,  1.5076e-02,  2.6768e-02,
         4.1659e-02,  2.9543e-02,  8.2870e-02,  1.9563e-01,  1.2007e-01,
         1.7019e-01,  9.7587e-02,  4.4745e-04,  4.3851e-02,  4.4228e-02,
         2.8343e-01,  2.6942e-01,  2.7568e-01,  1.3995e-01,  4.0715e-02,
         4.9098e-02,  8.5431e-02,  7.2320e-02,  2.3548e-02,  6.8593e-02,
         4.5214e-01,  1.9893e-01,  1.1811e-01,  2.3009e-02,  4.4550e-01,
         2.4695e-01,  1.9841e-01,  9.1356e-02,  1.1206e-01,  3.7157e-02,
         9.0668e-02,  2.8929e-02,  5.2740e-03,  1.1651e-01,  2.8286e-02,
         5.5002e-02,  1.7959e-01,  2.6906e-01,  1.4659e-01,  3.5674e-02,
         4.3617e-01,  2.2605e-02,  1.5367e-01,  1.1367e-01,  9.7607e-02,
         2.0387e-01,  2.9481e-01,  3.0406e-01,  1.0610e-01,  4.7380e-01,
         4.4756e-01,  1.5134e-01,  6.3047e-02,  1.9466e-01,  5.0738e-02,
         4.1491e-03,  9.4429e-02,  1.3362e-01,  2.0740e-01,  8.6675e-02,
         3.3628e-02,  2.8628e-02,  1.4231e-01,  1.3380e-01,  7.8912e-02,
         1.0414e-02,  7.1343e-02,  1.6905e-01,  1.0962e-01,  2.9068e-01,
         1.0139e-01,  2.4663e-03,  1.4688e-01,  1.4726e-01,  2.4983e-01,
         2.0476e-02,  2.0654e-01,  1.9906e-01,  1.8582e-02,  3.6980e-02,
         7.9591e-02,  1.1895e-01,  1.0105e-01,  9.0451e-02,  9.4595e-02,
         1.7301e-01,  1.7330e-01,  1.0186e-01,  2.1284e-01,  1.6789e-01,
         5.3269e-02,  6.1711e-02,  9.5910e-02,  4.1073e-02,  6.6866e-02,
         9.5654e-03,  1.6390e-01,  8.5377e-02,  2.1253e-01,  1.4867e-01,
         1.9892e-01,  1.6765e-01,  9.7728e-02])",0.09878816544300034,"tensor([ 0.2926,  0.3374,  0.2023,  0.1827,  0.0885,  0.4891,  0.3999,  0.2055,
         0.0036,  0.1351,  0.1457,  0.0641,  0.1331,  0.0849,  0.0677,  0.2284,
         0.4205,  0.0031,  0.0130,  0.3528,  0.3338,  0.0646,  0.1951,  0.1320,
         0.1137,  0.2426,  0.2107,  0.2000,  0.2636,  0.1719,  0.1704, -0.0073,
         0.1361,  0.0374,  0.2372,  0.1567,  0.1654,  0.4692,  0.0204,  0.1676,
         0.0822,  0.3788,  0.0807,  0.2260,  0.1940,  0.1779,  0.1147,  0.1772,
         0.0791,  0.1221,  0.0402,  0.1094,  0.2246,  0.0927,  0.1507,  0.2399,
         0.1011,  0.1483,  0.0381,  0.0499,  0.1489,  0.0555,  0.1812,  0.0522,
         0.3108,  0.1645,  0.0708,  0.2851,  0.4137,  0.0690,  0.1220,  0.0283,
         0.1665,  0.1234,  0.1260,  0.0411,  0.0571,  0.0065,  0.1021, -0.0069,
         0.2654,  0.0052,  0.0180,  0.0590,  0.0519,  0.2166,  0.1258,  0.4395,
         0.1267,  0.0226,  0.2331, -0.0099,  0.1739,  0.0339,  0.0415,  0.0664,
         0.0154,  0.0413,  0.2594,  0.1660,  0.2296,  0.1980,  0.0529,  0.0844,
         0.2026,  0.2058,  0.0250,  0.1798,  0.0840,  0.2123,  0.1391,  0.2742,
         0.4357,  0.4785,  0.0820,  0.3298,  0.1491,  0.1223,  0.0795,  0.4639,
         0.1512,  0.3979,  0.2437,  0.2020,  0.2181,  0.1778,  0.1670,  0.5255,
         0.0868,  0.0122,  0.1211,  0.3830,  0.3849,  0.0980,  0.0278,  0.1734,
         0.0886,  0.2010,  0.0482,  0.1378,  0.0426,  0.1607,  0.0800,  0.1188,
         0.0464,  0.0309,  0.3307,  0.1189,  0.1754,  0.2090,  0.0791,  0.3009,
         0.0320,  0.1563,  0.1649,  0.1740,  0.0957,  0.2665,  0.1632,  0.1558,
         0.1491,  0.0441,  0.0443,  0.0342,  0.4718,  0.3151,  0.2512,  0.2647,
         0.4077,  0.3302,  0.5260,  0.4162,  0.0600,  0.1063,  0.1581,  0.0946,
         0.0466,  0.0245,  0.0616,  0.3374,  0.0912,  0.2722,  0.1452,  0.4291,
         0.0326,  0.1531,  0.2874,  0.0499,  0.1870,  0.2293,  0.1276,  0.3360,
         0.1240,  0.2886,  0.4097,  0.0856,  0.1166,  0.0042,  0.2308,  0.2500,
        -0.0098, -0.0078,  0.3505,  0.3955,  0.2872,  0.1862,  0.2009,  0.0487,
         0.0188,  0.0359,  0.0888,  0.0351,  0.0983,  0.2350,  0.1332,  0.1828,
         0.1093, -0.0063,  0.0408,  0.0573,  0.3018,  0.2880,  0.2907,  0.1715,
         0.0560,  0.0555,  0.1159,  0.0763,  0.0246,  0.0786,  0.4770,  0.2230,
         0.1317,  0.0299,  0.4660,  0.2796,  0.2073,  0.1031,  0.1348,  0.0504,
         0.1007,  0.0429,  0.0009,  0.1280,  0.0275,  0.0579,  0.1906,  0.2923,
         0.1564,  0.0587,  0.4602,  0.0532,  0.1867,  0.1382,  0.1064,  0.2346,
         0.3049,  0.3136,  0.1148,  0.4970,  0.4968,  0.1574,  0.0487,  0.2095,
         0.0699,  0.0076,  0.1157,  0.1387,  0.2224,  0.1002,  0.0521,  0.0411,
         0.1489,  0.1602,  0.0820,  0.0141,  0.0915,  0.1581,  0.1362,  0.3157,
         0.1184,  0.0033,  0.1563,  0.1499,  0.2602,  0.0302,  0.2213,  0.2088,
         0.0162,  0.0477,  0.0766,  0.1434,  0.1295,  0.1028,  0.1057,  0.1799,
         0.1894,  0.1038,  0.2348,  0.1881,  0.0548,  0.0689,  0.0990,  0.0382,
         0.0690,  0.0104,  0.1788,  0.0861,  0.2397,  0.1471,  0.2071,  0.1835,
         0.1025])"
3,3,0.09772273938157665,"tensor([ 3.0728e-01,  3.5299e-01,  2.1498e-01,  1.9606e-01,  9.6178e-02,
         5.2176e-01,  4.6063e-01,  2.2178e-01, -7.0896e-04,  1.5674e-01,
         1.4017e-01,  7.4570e-02,  1.4234e-01,  9.9869e-02,  6.2902e-02,
         2.1390e-01,  4.3643e-01,  6.0684e-03,  3.2065e-02,  3.5599e-01,
         3.3802e-01,  7.9761e-02,  2.0939e-01,  1.3946e-01,  1.1995e-01,
         2.6330e-01,  2.2442e-01,  1.9574e-01,  2.8622e-01,  1.7054e-01,
         1.7422e-01,  7.1707e-04,  1.3223e-01,  4.8209e-02,  2.6780e-01,
         1.6861e-01,  1.7892e-01,  4.8571e-01,  1.9992e-02,  1.8923e-01,
         7.6526e-02,  4.0383e-01,  9.8255e-02,  2.2657e-01,  1.9882e-01,
         1.8875e-01,  1.1284e-01,  1.7806e-01,  9.0235e-02,  1.0954e-01,
         5.2743e-02,  1.1658e-01,  2.3055e-01,  9.9895e-02,  1.6531e-01,
         2.4306e-01,  1.0870e-01,  1.3465e-01,  4.2002e-02,  5.7933e-02,
         1.4992e-01,  7.3208e-02,  1.8721e-01,  5.5608e-02,  3.3334e-01,
         1.7929e-01,  6.6885e-02,  2.9745e-01,  4.4250e-01,  6.4867e-02,
         1.3798e-01,  6.8120e-02,  1.7784e-01,  1.1450e-01,  1.4841e-01,
         3.9737e-02,  6.1976e-02,  1.5760e-02,  1.0438e-01, -3.9702e-04,
         2.8133e-01,  1.6506e-03,  8.0285e-03,  6.7338e-02,  6.1528e-02,
         2.5279e-01,  1.1537e-01,  4.5199e-01,  1.4168e-01,  2.3633e-02,
         2.3628e-01,  5.3540e-03,  1.8039e-01,  3.8407e-02,  4.7256e-02,
         8.0474e-02,  1.9340e-02,  4.4804e-02,  2.8150e-01,  1.8072e-01,
         2.5052e-01,  2.0216e-01,  6.9939e-02,  8.3701e-02,  2.1139e-01,
         2.2397e-01,  2.8712e-02,  1.6409e-01,  9.9472e-02,  2.1258e-01,
         1.1805e-01,  2.7070e-01,  4.5611e-01,  4.8903e-01,  7.7658e-02,
         3.0409e-01,  1.5882e-01,  1.2915e-01,  7.9541e-02,  4.6913e-01,
         1.6141e-01,  4.1930e-01,  2.4971e-01,  2.1864e-01,  2.2781e-01,
         2.1257e-01,  1.8380e-01,  5.3134e-01,  9.7718e-02,  1.4545e-02,
         1.2589e-01,  4.0015e-01,  3.8996e-01,  1.0259e-01,  3.4346e-02,
         1.9144e-01,  1.0255e-01,  2.1208e-01,  2.8361e-02,  1.3644e-01,
         4.2899e-02,  1.7473e-01,  8.0092e-02,  1.1036e-01,  8.0452e-02,
         2.4590e-02,  3.4712e-01,  1.4355e-01,  1.8847e-01,  2.2802e-01,
         7.8478e-02,  3.0745e-01,  4.2621e-02,  1.3411e-01,  1.6089e-01,
         1.8127e-01,  9.7332e-02,  2.7444e-01,  1.8565e-01,  1.6644e-01,
         1.5799e-01,  3.4064e-02,  4.3489e-02,  2.6718e-02,  4.7793e-01,
         3.2731e-01,  2.5827e-01,  2.7254e-01,  4.1112e-01,  3.4302e-01,
         5.4470e-01,  4.3310e-01,  5.3261e-02,  1.2291e-01,  1.6631e-01,
         1.1268e-01,  5.2597e-02,  3.0419e-02,  5.5945e-02,  3.7921e-01,
         9.5256e-02,  2.8972e-01,  1.4828e-01,  4.4112e-01,  3.5884e-02,
         1.6865e-01,  3.1106e-01,  5.3362e-02,  1.9017e-01,  2.3258e-01,
         1.2939e-01,  3.4081e-01,  1.0931e-01,  2.9013e-01,  4.2304e-01,
         1.1639e-01,  1.2505e-01, -1.0274e-02,  2.3666e-01,  2.7905e-01,
         4.7603e-03,  5.3678e-03,  3.5318e-01,  4.1002e-01,  2.8308e-01,
         1.8444e-01,  2.1762e-01,  3.6699e-02,  1.0141e-02,  4.1741e-02,
         8.3789e-02,  2.7686e-02,  9.7079e-02,  2.5007e-01,  1.3525e-01,
         1.9413e-01,  1.1475e-01,  1.5752e-03,  6.0930e-02,  5.5582e-02,
         3.1318e-01,  3.0243e-01,  3.0245e-01,  1.9077e-01,  6.1839e-02,
         5.7037e-02,  1.0055e-01,  8.5784e-02,  4.0585e-02,  8.2636e-02,
         4.9226e-01,  2.1629e-01,  1.3622e-01,  3.2149e-02,  4.8372e-01,
         2.8601e-01,  2.2104e-01,  1.0667e-01,  1.3318e-01,  4.9407e-02,
         1.1758e-01,  4.2642e-02,  9.9837e-03,  1.4500e-01,  3.5836e-02,
         7.3938e-02,  2.0757e-01,  3.0633e-01,  1.6379e-01,  4.4026e-02,
         4.7859e-01,  3.6056e-02,  1.7613e-01,  1.2993e-01,  1.0329e-01,
         2.1140e-01,  3.1925e-01,  3.4363e-01,  1.1796e-01,  5.1772e-01,
         5.1911e-01,  1.6982e-01,  7.4080e-02,  2.2142e-01,  6.1002e-02,
         8.7934e-03,  1.1794e-01,  1.5192e-01,  2.2842e-01,  1.0010e-01,
         4.6426e-02,  2.8766e-02,  1.5799e-01,  1.5299e-01,  9.5611e-02,
         1.2864e-02,  8.1769e-02,  1.8719e-01,  1.3459e-01,  3.4376e-01,
         1.1511e-01,  8.4811e-03,  1.6095e-01,  1.5757e-01,  2.6753e-01,
         3.5323e-02,  2.4448e-01,  2.2306e-01,  2.8841e-02,  4.1566e-02,
         8.5628e-02,  1.4723e-01,  1.1881e-01,  9.5072e-02,  1.2605e-01,
         1.8542e-01,  1.9919e-01,  1.1621e-01,  2.3877e-01,  1.9122e-01,
         6.5610e-02,  8.7269e-02,  1.1223e-01,  4.6284e-02,  7.5170e-02,
         4.5558e-03,  1.8593e-01,  1.0932e-01,  2.6094e-01,  1.6195e-01,
         2.1957e-01,  1.9590e-01,  1.1294e-01])",0.09771391013193698,"tensor([ 3.1800e-01,  3.5342e-01,  2.3091e-01,  2.0326e-01,  9.4392e-02,
         5.3090e-01,  4.9645e-01,  2.4289e-01,  1.4131e-02,  1.7643e-01,
         1.5569e-01,  8.5647e-02,  1.4785e-01,  1.1826e-01,  7.8439e-02,
         2.4330e-01,  4.5502e-01, -3.0191e-03,  3.2245e-02,  3.7219e-01,
         3.5364e-01,  8.5985e-02,  2.1448e-01,  1.5619e-01,  1.3627e-01,
         2.4955e-01,  2.3535e-01,  2.2497e-01,  2.8728e-01,  1.9041e-01,
         1.8848e-01,  2.2151e-04,  1.5983e-01,  5.3867e-02,  2.7164e-01,
         1.7048e-01,  1.8578e-01,  4.9275e-01,  2.7571e-02,  1.9777e-01,
         8.7744e-02,  4.1006e-01,  1.0027e-01,  2.3267e-01,  2.0101e-01,
         1.9889e-01,  1.1916e-01,  1.6630e-01,  9.5407e-02,  1.2186e-01,
         5.3438e-02,  1.1775e-01,  2.4375e-01,  9.2499e-02,  1.7010e-01,
         2.6406e-01,  1.0957e-01,  1.6093e-01,  4.1714e-02,  5.3242e-02,
         1.5873e-01,  7.6010e-02,  2.0264e-01,  5.5932e-02,  3.4024e-01,
         1.9468e-01,  7.2996e-02,  3.1867e-01,  4.5713e-01,  7.8907e-02,
         1.3719e-01,  4.6520e-02,  1.9378e-01,  1.2625e-01,  1.5858e-01,
         5.5415e-02,  4.7498e-02,  9.1875e-03,  9.9923e-02, -9.7741e-03,
         2.8357e-01, -2.4947e-03,  2.3807e-02,  6.3894e-02,  6.6617e-02,
         2.4821e-01,  1.3749e-01,  4.6002e-01,  1.3626e-01,  3.9678e-02,
         2.4904e-01,  1.9830e-03,  1.7923e-01,  3.9086e-02,  5.2930e-02,
         7.8009e-02,  2.0597e-02,  5.7048e-02,  2.8210e-01,  1.8637e-01,
         2.7042e-01,  2.1731e-01,  6.1675e-02,  1.0486e-01,  2.1722e-01,
         2.3393e-01,  3.3649e-02,  1.9019e-01,  9.6612e-02,  2.3836e-01,
         1.6398e-01,  2.9180e-01,  4.6404e-01,  5.1012e-01,  8.0016e-02,
         3.4961e-01,  1.9032e-01,  1.3940e-01,  9.0131e-02,  4.7955e-01,
         1.7016e-01,  4.2122e-01,  2.5837e-01,  2.3015e-01,  2.2263e-01,
         1.9767e-01,  2.0634e-01,  5.4206e-01,  1.0361e-01,  1.6197e-02,
         1.2833e-01,  4.1658e-01,  4.0027e-01,  1.1011e-01,  3.8230e-02,
         1.9190e-01,  9.7417e-02,  2.2630e-01,  3.6894e-02,  1.4394e-01,
         4.3865e-02,  1.8595e-01,  8.2017e-02,  1.3428e-01,  7.2685e-02,
         2.6160e-02,  3.5629e-01,  1.4035e-01,  1.9773e-01,  2.1493e-01,
         9.2410e-02,  3.2343e-01,  3.9346e-02,  1.6833e-01,  1.8080e-01,
         2.0248e-01,  1.1660e-01,  2.8382e-01,  1.8715e-01,  1.8060e-01,
         1.6062e-01,  3.3760e-02,  6.5058e-02,  4.1434e-02,  4.9874e-01,
         3.3999e-01,  2.6712e-01,  3.0578e-01,  4.3576e-01,  3.5830e-01,
         5.5161e-01,  4.4027e-01,  7.0517e-02,  1.3132e-01,  1.8713e-01,
         1.3285e-01,  5.2770e-02,  2.0937e-02,  6.2678e-02,  3.7926e-01,
         1.0521e-01,  2.8918e-01,  1.6002e-01,  4.5791e-01,  3.4854e-02,
         1.8316e-01,  3.1551e-01,  5.1810e-02,  2.1029e-01,  2.3913e-01,
         1.3973e-01,  3.5972e-01,  1.4139e-01,  3.4694e-01,  4.3701e-01,
         1.0852e-01,  1.2228e-01,  9.5897e-03,  2.4326e-01,  2.6358e-01,
        -9.1978e-03,  3.1714e-03,  3.7836e-01,  4.2859e-01,  3.0214e-01,
         2.1210e-01,  2.2068e-01,  5.0805e-02,  2.1580e-02,  5.7585e-02,
         1.1124e-01,  5.3113e-02,  1.1397e-01,  2.7556e-01,  1.5154e-01,
         2.0342e-01,  1.2319e-01, -7.5639e-03,  6.3325e-02,  6.6147e-02,
         3.2600e-01,  3.0819e-01,  3.1397e-01,  2.1223e-01,  7.5939e-02,
         6.7598e-02,  1.2202e-01,  9.0519e-02,  3.1280e-02,  9.0960e-02,
         5.0340e-01,  2.3660e-01,  1.4888e-01,  3.4990e-02,  4.9785e-01,
         3.1223e-01,  2.2499e-01,  1.1650e-01,  1.5686e-01,  5.2051e-02,
         1.3622e-01,  5.7895e-02,  4.5067e-03,  1.5037e-01,  2.5532e-02,
         7.2120e-02,  2.1802e-01,  3.2366e-01,  1.7475e-01,  7.0609e-02,
         4.9025e-01,  6.2716e-02,  2.0567e-01,  1.5684e-01,  1.1259e-01,
         2.4172e-01,  3.2757e-01,  3.5449e-01,  1.2679e-01,  5.2476e-01,
         5.4574e-01,  1.7003e-01,  6.7868e-02,  2.3334e-01,  6.1883e-02,
         1.2179e-03,  1.3572e-01,  1.5467e-01,  2.4185e-01,  1.0709e-01,
         6.1166e-02,  3.4120e-02,  1.6123e-01,  1.7777e-01,  9.2551e-02,
         2.3907e-02,  9.5765e-02,  1.8611e-01,  1.4626e-01,  3.6876e-01,
         1.2398e-01, -1.3721e-03,  1.6367e-01,  1.4481e-01,  2.7733e-01,
         3.5662e-02,  2.6606e-01,  2.2941e-01,  2.5704e-02,  4.4646e-02,
         8.7427e-02,  1.7271e-01,  1.5532e-01,  9.8139e-02,  1.4003e-01,
         1.8833e-01,  2.2063e-01,  1.1760e-01,  2.5923e-01,  2.0757e-01,
         6.6225e-02,  9.2940e-02,  1.2508e-01,  4.6828e-02,  8.4899e-02,
         6.9970e-03,  1.9519e-01,  1.1071e-01,  2.7222e-01,  1.6249e-01,
         2.2184e-01,  2.1763e-01,  1.1491e-01])"
4,4,0.09680209753673467,"tensor([ 0.3210,  0.3672,  0.2406,  0.2161,  0.1051,  0.5513,  0.5276,  0.2656,
        -0.0029,  0.1846,  0.1492,  0.0769,  0.1556,  0.1275,  0.0705,  0.2257,
         0.4595,  0.0085,  0.0379,  0.3734,  0.3540,  0.0930,  0.2285,  0.1595,
         0.1404,  0.2745,  0.2554,  0.2201,  0.3043,  0.1878,  0.1948,  0.0058,
         0.1427,  0.0531,  0.2902,  0.1839,  0.1920,  0.5059,  0.0204,  0.2088,
         0.0873,  0.4265,  0.1123,  0.2312,  0.2072,  0.2094,  0.1213,  0.1917,
         0.1056,  0.1145,  0.0562,  0.1255,  0.2474,  0.1075,  0.1870,  0.2650,
         0.1150,  0.1401,  0.0453,  0.0615,  0.1649,  0.0794,  0.2061,  0.0695,
         0.3520,  0.2056,  0.0722,  0.3192,  0.4737,  0.0708,  0.1518,  0.0846,
         0.2027,  0.1220,  0.1719,  0.0434,  0.0674,  0.0211,  0.1076, -0.0009,
         0.2971, -0.0012,  0.0111,  0.0727,  0.0700,  0.2705,  0.1156,  0.4710,
         0.1525,  0.0268,  0.2487,  0.0098,  0.1907,  0.0483,  0.0514,  0.0955,
         0.0200,  0.0571,  0.2987,  0.2026,  0.2843,  0.2242,  0.0747,  0.1041,
         0.2230,  0.2482,  0.0418,  0.1779,  0.1052,  0.2282,  0.1320,  0.2884,
         0.4745,  0.5109,  0.0851,  0.3152,  0.1961,  0.1438,  0.0916,  0.4812,
         0.1773,  0.4380,  0.2613,  0.2401,  0.2408,  0.2323,  0.2205,  0.5470,
         0.1117,  0.0172,  0.1323,  0.4232,  0.4055,  0.1178,  0.0401,  0.1999,
         0.1142,  0.2352,  0.0268,  0.1503,  0.0526,  0.1944,  0.0875,  0.1295,
         0.0883,  0.0325,  0.3669,  0.1624,  0.1986,  0.2383,  0.0918,  0.3232,
         0.0474,  0.1471,  0.1820,  0.2004,  0.1115,  0.2881,  0.2016,  0.1896,
         0.1685,  0.0407,  0.0608,  0.0330,  0.4997,  0.3437,  0.2757,  0.3201,
         0.4315,  0.3629,  0.5618,  0.4455,  0.0614,  0.1445,  0.1948,  0.1644,
         0.0648,  0.0330,  0.0686,  0.4035,  0.1070,  0.3082,  0.1590,  0.4647,
         0.0364,  0.1952,  0.3310,  0.0616,  0.2117,  0.2373,  0.1429,  0.3556,
         0.1219,  0.3319,  0.4468,  0.1360,  0.1414,  0.0009,  0.2507,  0.2890,
         0.0060,  0.0091,  0.3847,  0.4336,  0.2972,  0.2072,  0.2366,  0.0320,
         0.0120,  0.0480,  0.1044,  0.0285,  0.1136,  0.2877,  0.1440,  0.2125,
         0.1213,  0.0013,  0.0661,  0.0588,  0.3360,  0.3188,  0.3224,  0.2193,
         0.0735,  0.0561,  0.1026,  0.1019,  0.0433,  0.0933,  0.5145,  0.2309,
         0.1505,  0.0392,  0.5111,  0.3110,  0.2386,  0.1132,  0.1504,  0.0628,
         0.1550,  0.0543,  0.0082,  0.1645,  0.0349,  0.0856,  0.2245,  0.3302,
         0.1827,  0.0576,  0.5009,  0.0391,  0.1901,  0.1609,  0.1268,  0.2181,
         0.3373,  0.3886,  0.1351,  0.5370,  0.5514,  0.1851,  0.0870,  0.2380,
         0.0708,  0.0153,  0.1347,  0.1621,  0.2416,  0.1013,  0.0474,  0.0277,
         0.1634,  0.1683,  0.1159,  0.0116,  0.0994,  0.2118,  0.1500,  0.3689,
         0.1246,  0.0061,  0.1788,  0.1606,  0.2856,  0.0381,  0.2720,  0.2425,
         0.0325,  0.0503,  0.0938,  0.1649,  0.1483,  0.1075,  0.1519,  0.1974,
         0.2219,  0.1289,  0.2566,  0.2089,  0.0806,  0.1098,  0.1293,  0.0549,
         0.0820,  0.0057,  0.1954,  0.1319,  0.2848,  0.1764,  0.2350,  0.2223,
         0.1241])",0.09700544559884638,"tensor([ 0.3277,  0.3651,  0.2454,  0.2129,  0.1008,  0.5452,  0.5293,  0.2839,
         0.0113,  0.1935,  0.1674,  0.0886,  0.1647,  0.1391,  0.0850,  0.2524,
         0.4682, -0.0083,  0.0378,  0.3849,  0.3671,  0.0972,  0.2267,  0.1772,
         0.1561,  0.2591,  0.2594,  0.2429,  0.2983,  0.2038,  0.1989,  0.0143,
         0.1707,  0.0522,  0.2884,  0.1740,  0.1922,  0.5066,  0.0321,  0.2104,
         0.0951,  0.4250,  0.1137,  0.2378,  0.2075,  0.2131,  0.1366,  0.1962,
         0.1055,  0.1297,  0.0550,  0.1222,  0.2565,  0.1016,  0.1888,  0.2794,
         0.1194,  0.1603,  0.0468,  0.0577,  0.1738,  0.0793,  0.2220,  0.0743,
         0.3513,  0.2128,  0.0803,  0.3361,  0.4784,  0.0831,  0.1433,  0.0547,
         0.2145,  0.1408,  0.1722,  0.0496,  0.0645,  0.0136,  0.1117, -0.0110,
         0.2986, -0.0026,  0.0121,  0.0731,  0.0600,  0.2621,  0.1393,  0.4765,
         0.1458,  0.0284,  0.2586,  0.0156,  0.2034,  0.0537,  0.0562,  0.0957,
         0.0214,  0.0623,  0.2946,  0.2045,  0.2969,  0.2381,  0.0686,  0.1242,
         0.2229,  0.2454,  0.0407,  0.2006,  0.1050,  0.2425,  0.1806,  0.3083,
         0.4742,  0.5209,  0.0989,  0.3553,  0.2172,  0.1551,  0.0999,  0.4906,
         0.1774,  0.4352,  0.2463,  0.2439,  0.2354,  0.2129,  0.2324,  0.5539,
         0.1131,  0.0179,  0.1336,  0.4270,  0.4119,  0.1209,  0.0405,  0.1985,
         0.1048,  0.2458,  0.0403,  0.1586,  0.0511,  0.1964,  0.0976,  0.1446,
         0.0762,  0.0330,  0.3707,  0.1587,  0.2069,  0.2250,  0.1001,  0.3367,
         0.0528,  0.1718,  0.1985,  0.2219,  0.1251,  0.2944,  0.1966,  0.1990,
         0.1712,  0.0485,  0.0760,  0.0429,  0.5131,  0.3558,  0.2859,  0.3473,
         0.4489,  0.3733,  0.5647,  0.4473,  0.0810,  0.1490,  0.2055,  0.1592,
         0.0664,  0.0283,  0.0759,  0.3911,  0.1077,  0.3078,  0.1622,  0.4768,
         0.0346,  0.1960,  0.3330,  0.0621,  0.2233,  0.2464,  0.1502,  0.3689,
         0.1496,  0.3755,  0.4586,  0.1303,  0.1439,  0.0069,  0.2551,  0.2660,
        -0.0040,  0.0022,  0.4064,  0.4449,  0.3130,  0.2298,  0.2287,  0.0573,
         0.0296,  0.0582,  0.1241,  0.0465,  0.1228,  0.3018,  0.1557,  0.2164,
         0.1310, -0.0073,  0.0597,  0.0669,  0.3439,  0.3200,  0.3295,  0.2251,
         0.0787,  0.0698,  0.1287,  0.1038,  0.0391,  0.0998,  0.5239,  0.2418,
         0.1604,  0.0323,  0.5196,  0.3326,  0.2380,  0.1332,  0.1726,  0.0717,
         0.1580,  0.0663,  0.0064,  0.1603,  0.0343,  0.0868,  0.2301,  0.3365,
         0.1873,  0.0783,  0.5065,  0.0648,  0.2190,  0.1848,  0.1338,  0.2429,
         0.3414,  0.3938,  0.1378,  0.5359,  0.5635,  0.1837,  0.0760,  0.2460,
         0.0930,  0.0062,  0.1444,  0.1644,  0.2479,  0.1124,  0.0668,  0.0522,
         0.1666,  0.1924,  0.1214,  0.0246,  0.1049,  0.1975,  0.1552,  0.3801,
         0.1321,  0.0076,  0.1792,  0.1597,  0.2912,  0.0389,  0.2776,  0.2496,
         0.0297,  0.0626,  0.0919,  0.1800,  0.1826,  0.1188,  0.1562,  0.2025,
         0.2312,  0.1341,  0.2698,  0.2189,  0.0808,  0.1104,  0.1335,  0.0691,
         0.0904,  0.0075,  0.2068,  0.1249,  0.2915,  0.1727,  0.2349,  0.2349,
         0.1244])"
5,5,0.0961958886304898,"tensor([ 3.2913e-01,  3.7851e-01,  2.5563e-01,  2.2592e-01,  1.1590e-01,
         5.6426e-01,  5.4962e-01,  2.9955e-01, -1.9276e-03,  1.9909e-01,
         1.5391e-01,  8.6463e-02,  1.7714e-01,  1.4347e-01,  8.1280e-02,
         2.3543e-01,  4.7130e-01,  8.4997e-03,  4.1100e-02,  3.8765e-01,
         3.6748e-01,  1.0354e-01,  2.4394e-01,  1.6882e-01,  1.5980e-01,
         2.7736e-01,  2.7352e-01,  2.3471e-01,  3.2240e-01,  1.9748e-01,
         2.0627e-01,  1.4859e-02,  1.6344e-01,  5.9307e-02,  3.0097e-01,
         1.9324e-01,  2.0073e-01,  5.1636e-01,  1.9414e-02,  2.1761e-01,
         1.0107e-01,  4.4012e-01,  1.2384e-01,  2.3498e-01,  2.1566e-01,
         2.2053e-01,  1.2188e-01,  2.0300e-01,  1.0998e-01,  1.2022e-01,
         6.0212e-02,  1.3364e-01,  2.5585e-01,  1.1777e-01,  1.9799e-01,
         2.7809e-01,  1.2323e-01,  1.4452e-01,  5.0495e-02,  6.8473e-02,
         1.7459e-01,  9.5485e-02,  2.2041e-01,  7.6977e-02,  3.6168e-01,
         2.1937e-01,  8.0490e-02,  3.2968e-01,  4.9151e-01,  7.5765e-02,
         1.6320e-01,  8.6419e-02,  2.1627e-01,  1.2688e-01,  1.8194e-01,
         4.7519e-02,  6.8971e-02,  2.0796e-02,  1.1573e-01, -9.4532e-04,
         3.0973e-01, -1.8759e-03,  1.3618e-02,  7.8833e-02,  7.5943e-02,
         2.7948e-01,  1.2482e-01,  4.8360e-01,  1.6323e-01,  3.4271e-02,
         2.6045e-01,  8.3062e-03,  2.0531e-01,  5.6312e-02,  5.4219e-02,
         1.0181e-01,  1.7244e-02,  6.9481e-02,  3.1080e-01,  2.1465e-01,
         2.9711e-01,  2.4091e-01,  8.0294e-02,  1.1558e-01,  2.3412e-01,
         2.5887e-01,  4.1593e-02,  1.8298e-01,  1.2020e-01,  2.3749e-01,
         1.5592e-01,  3.0460e-01,  4.8172e-01,  5.2326e-01,  9.0736e-02,
         3.2190e-01,  2.2776e-01,  1.5417e-01,  9.8667e-02,  4.8903e-01,
         1.8354e-01,  4.4673e-01,  2.6952e-01,  2.5042e-01,  2.5088e-01,
         2.4358e-01,  2.4178e-01,  5.5629e-01,  1.1367e-01,  1.8288e-02,
         1.3843e-01,  4.3453e-01,  4.1692e-01,  1.2783e-01,  3.6512e-02,
         2.0747e-01,  1.2299e-01,  2.4483e-01,  2.3173e-02,  1.6512e-01,
         6.4425e-02,  1.9825e-01,  1.0020e-01,  1.4427e-01,  9.8776e-02,
         4.0749e-02,  3.7902e-01,  1.7617e-01,  2.0800e-01,  2.4830e-01,
         1.0256e-01,  3.2990e-01,  5.5122e-02,  1.4857e-01,  1.9550e-01,
         2.1115e-01,  1.2753e-01,  2.9901e-01,  2.1146e-01,  2.0391e-01,
         1.7679e-01,  4.6861e-02,  7.5024e-02,  3.7789e-02,  5.0819e-01,
         3.5244e-01,  2.9237e-01,  3.3996e-01,  4.3796e-01,  3.7358e-01,
         5.7174e-01,  4.5208e-01,  6.9715e-02,  1.5665e-01,  2.1133e-01,
         1.7493e-01,  7.5041e-02,  4.1846e-02,  8.2458e-02,  4.1587e-01,
         1.1186e-01,  3.2076e-01,  1.6570e-01,  4.7949e-01,  4.3457e-02,
         2.0481e-01,  3.4483e-01,  6.4933e-02,  2.2416e-01,  2.4737e-01,
         1.5130e-01,  3.6757e-01,  1.3478e-01,  3.6652e-01,  4.5892e-01,
         1.5106e-01,  1.6021e-01, -1.4120e-04,  2.5888e-01,  2.9510e-01,
         8.9569e-03,  1.3459e-02,  4.0774e-01,  4.4424e-01,  3.0554e-01,
         2.2173e-01,  2.4542e-01,  3.6242e-02,  1.6853e-02,  5.0424e-02,
         1.1969e-01,  3.6570e-02,  1.2694e-01,  3.0514e-01,  1.4756e-01,
         2.2579e-01,  1.3498e-01,  5.5563e-03,  6.8100e-02,  6.9158e-02,
         3.4638e-01,  3.3023e-01,  3.3412e-01,  2.3026e-01,  7.9623e-02,
         7.2132e-02,  1.1043e-01,  1.1431e-01,  3.8351e-02,  1.0617e-01,
         5.2962e-01,  2.3683e-01,  1.5650e-01,  3.8395e-02,  5.2527e-01,
         3.2350e-01,  2.4903e-01,  1.2260e-01,  1.6250e-01,  7.3921e-02,
         1.8154e-01,  5.7709e-02,  1.8327e-02,  1.7235e-01,  4.8213e-02,
         9.9615e-02,  2.3585e-01,  3.4311e-01,  1.9500e-01,  5.9123e-02,
         5.1562e-01,  4.8824e-02,  2.0495e-01,  1.8071e-01,  1.4540e-01,
         2.2291e-01,  3.4873e-01,  4.2096e-01,  1.4360e-01,  5.4678e-01,
         5.6651e-01,  1.9353e-01,  9.3894e-02,  2.4580e-01,  8.3932e-02,
         1.4300e-02,  1.5239e-01,  1.7139e-01,  2.4824e-01,  1.0444e-01,
         5.1374e-02,  3.6409e-02,  1.6276e-01,  1.8036e-01,  1.3601e-01,
         2.1429e-02,  1.1195e-01,  2.2378e-01,  1.5387e-01,  3.7997e-01,
         1.2885e-01,  1.1618e-02,  1.9602e-01,  1.6343e-01,  3.0068e-01,
         4.3028e-02,  2.8678e-01,  2.5401e-01,  3.8026e-02,  6.4642e-02,
         1.0078e-01,  1.6976e-01,  1.6881e-01,  1.0941e-01,  1.6733e-01,
         2.1081e-01,  2.3282e-01,  1.5503e-01,  2.6682e-01,  2.1804e-01,
         9.5063e-02,  1.2634e-01,  1.3847e-01,  6.8703e-02,  8.5995e-02,
         8.6441e-03,  2.0468e-01,  1.4418e-01,  2.9876e-01,  1.8915e-01,
         2.4489e-01,  2.3636e-01,  1.3363e-01])",0.09661142581275531,"tensor([ 0.3337,  0.3758,  0.2579,  0.2242,  0.1096,  0.5555,  0.5508,  0.3073,
         0.0126,  0.1998,  0.1669,  0.0887,  0.1799,  0.1525,  0.0892,  0.2576,
         0.4741, -0.0130,  0.0474,  0.3922,  0.3805,  0.1015,  0.2397,  0.1880,
         0.1727,  0.2622,  0.2733,  0.2512,  0.3204,  0.2057,  0.2036,  0.0197,
         0.1750,  0.0551,  0.2982,  0.1859,  0.2046,  0.5130,  0.0363,  0.2177,
         0.1071,  0.4322,  0.1254,  0.2417,  0.2127,  0.2196,  0.1326,  0.2009,
         0.1028,  0.1313,  0.0606,  0.1245,  0.2635,  0.1151,  0.1949,  0.2849,
         0.1160,  0.1684,  0.0502,  0.0650,  0.1817,  0.0965,  0.2272,  0.0788,
         0.3617,  0.2198,  0.0803,  0.3432,  0.4908,  0.0813,  0.1579,  0.0643,
         0.2286,  0.1410,  0.1847,  0.0551,  0.0623,  0.0008,  0.1162, -0.0172,
         0.3034,  0.0135,  0.0134,  0.0685,  0.0712,  0.2711,  0.1469,  0.4844,
         0.1516,  0.0423,  0.2655,  0.0178,  0.2156,  0.0602,  0.0530,  0.1078,
         0.0249,  0.0736,  0.3012,  0.2191,  0.3042,  0.2504,  0.0759,  0.1322,
         0.2290,  0.2544,  0.0439,  0.2040,  0.1127,  0.2571,  0.1941,  0.3093,
         0.4798,  0.5278,  0.0980,  0.3608,  0.2403,  0.1631,  0.1071,  0.4958,
         0.1840,  0.4381,  0.2748,  0.2446,  0.2460,  0.2231,  0.2449,  0.5602,
         0.1082,  0.0219,  0.1336,  0.4357,  0.4200,  0.1252,  0.0295,  0.2005,
         0.1118,  0.2481,  0.0527,  0.1693,  0.0624,  0.2006,  0.1062,  0.1480,
         0.0825,  0.0305,  0.3821,  0.1657,  0.2118,  0.2314,  0.1035,  0.3419,
         0.0585,  0.1762,  0.2054,  0.2303,  0.1382,  0.3008,  0.2039,  0.2124,
         0.1783,  0.0540,  0.0832,  0.0355,  0.5180,  0.3591,  0.2981,  0.3613,
         0.4534,  0.3732,  0.5695,  0.4532,  0.0497,  0.1609,  0.2143,  0.1711,
         0.0765,  0.0460,  0.0866,  0.4037,  0.1107,  0.3169,  0.1691,  0.4842,
         0.0444,  0.2055,  0.3372,  0.0759,  0.2316,  0.2511,  0.1600,  0.3776,
         0.1464,  0.4076,  0.4674,  0.1397,  0.1609,  0.0146,  0.2650,  0.2685,
         0.0057,  0.0175,  0.4239,  0.4525,  0.3214,  0.2427,  0.2368,  0.0352,
         0.0396,  0.0596,  0.1353,  0.0239,  0.1282,  0.3295,  0.1492,  0.2270,
         0.1388, -0.0054,  0.0688,  0.0751,  0.3514,  0.3258,  0.3367,  0.2295,
         0.0684,  0.0849,  0.1325,  0.1154,  0.0372,  0.1225,  0.5338,  0.2421,
         0.1698,  0.0383,  0.5283,  0.3448,  0.2444,  0.1383,  0.1836,  0.0777,
         0.1813,  0.0739,  0.0167,  0.1673,  0.0401,  0.0906,  0.2388,  0.3468,
         0.1979,  0.0699,  0.5174,  0.0713,  0.2260,  0.1954,  0.1419,  0.2517,
         0.3443,  0.4248,  0.1498,  0.5426,  0.5725,  0.1909,  0.0771,  0.2501,
         0.0917,  0.0031,  0.1554,  0.1697,  0.2542,  0.1151,  0.0750,  0.0544,
         0.1686,  0.1916,  0.1358,  0.0329,  0.1169,  0.2079,  0.1555,  0.3907,
         0.1314,  0.0096,  0.1881,  0.1599,  0.3042,  0.0408,  0.2896,  0.2513,
         0.0349,  0.0627,  0.1008,  0.1793,  0.1907,  0.1258,  0.1660,  0.2140,
         0.2321,  0.1452,  0.2752,  0.2276,  0.0939,  0.1230,  0.1397,  0.0794,
         0.0981,  0.0123,  0.2170,  0.1327,  0.2932,  0.1811,  0.2415,  0.2361,
         0.1301])"
6,6,0.09580029089059403,"tensor([ 0.3370,  0.3865,  0.2679,  0.2347,  0.1183,  0.5715,  0.5654,  0.3199,
        -0.0026,  0.2024,  0.1602,  0.0830,  0.1904,  0.1546,  0.0851,  0.2386,
         0.4780,  0.0085,  0.0492,  0.3984,  0.3775,  0.1162,  0.2515,  0.1772,
         0.1673,  0.2830,  0.2830,  0.2463,  0.3328,  0.2049,  0.2132,  0.0205,
         0.1692,  0.0603,  0.3071,  0.2061,  0.2043,  0.5202,  0.0218,  0.2245,
         0.1156,  0.4478,  0.1314,  0.2387,  0.2237,  0.2297,  0.1185,  0.2094,
         0.1157,  0.1246,  0.0625,  0.1365,  0.2612,  0.1257,  0.2072,  0.2858,
         0.1291,  0.1459,  0.0466,  0.0755,  0.1814,  0.1069,  0.2271,  0.0871,
         0.3676,  0.2281,  0.0804,  0.3368,  0.5020,  0.0902,  0.1739,  0.0985,
         0.2253,  0.1344,  0.1892,  0.0484,  0.0725,  0.0147,  0.1214, -0.0008,
         0.3148,  0.0051,  0.0151,  0.0808,  0.0722,  0.2854,  0.1385,  0.4906,
         0.1654,  0.0353,  0.2663,  0.0121,  0.2115,  0.0652,  0.0580,  0.1172,
         0.0230,  0.0798,  0.3209,  0.2241,  0.3041,  0.2517,  0.0892,  0.1280,
         0.2439,  0.2663,  0.0465,  0.1897,  0.1250,  0.2489,  0.1690,  0.3115,
         0.4868,  0.5287,  0.0954,  0.3269,  0.2529,  0.1600,  0.1026,  0.4989,
         0.1908,  0.4518,  0.2771,  0.2570,  0.2616,  0.2520,  0.2507,  0.5603,
         0.1273,  0.0280,  0.1433,  0.4400,  0.4262,  0.1319,  0.0410,  0.2136,
         0.1345,  0.2529,  0.0387,  0.1733,  0.0682,  0.2056,  0.1040,  0.1552,
         0.1123,  0.0399,  0.3875,  0.1842,  0.2121,  0.2519,  0.1093,  0.3359,
         0.0625,  0.1564,  0.2036,  0.2183,  0.1322,  0.3069,  0.2173,  0.2134,
         0.1840,  0.0506,  0.0825,  0.0387,  0.5170,  0.3590,  0.2999,  0.3422,
         0.4433,  0.3798,  0.5764,  0.4573,  0.0691,  0.1613,  0.2189,  0.2123,
         0.0867,  0.0423,  0.0973,  0.4234,  0.1192,  0.3294,  0.1713,  0.4872,
         0.0475,  0.2122,  0.3508,  0.0806,  0.2273,  0.2530,  0.1644,  0.3731,
         0.1386,  0.3883,  0.4634,  0.1589,  0.1705,  0.0052,  0.2659,  0.2973,
         0.0058,  0.0141,  0.4223,  0.4514,  0.3129,  0.2303,  0.2514,  0.0393,
         0.0238,  0.0470,  0.1361,  0.0363,  0.1338,  0.3320,  0.1507,  0.2338,
         0.1368,  0.0052,  0.0774,  0.0684,  0.3561,  0.3350,  0.3409,  0.2379,
         0.0809,  0.0796,  0.1238,  0.1242,  0.0508,  0.1237,  0.5370,  0.2426,
         0.1656,  0.0428,  0.5315,  0.3332,  0.2567,  0.1287,  0.1673,  0.0787,
         0.1963,  0.0656,  0.0196,  0.1764,  0.0551,  0.1072,  0.2431,  0.3537,
         0.2047,  0.0680,  0.5261,  0.0459,  0.2088,  0.1869,  0.1542,  0.2252,
         0.3592,  0.4427,  0.1522,  0.5542,  0.5731,  0.2022,  0.0965,  0.2533,
         0.0891,  0.0164,  0.1588,  0.1754,  0.2509,  0.1142,  0.0601,  0.0360,
         0.1707,  0.1912,  0.1436,  0.0120,  0.1227,  0.2296,  0.1692,  0.3874,
         0.1336,  0.0143,  0.2025,  0.1699,  0.3146,  0.0423,  0.2984,  0.2618,
         0.0366,  0.0696,  0.1047,  0.1709,  0.1764,  0.1196,  0.1755,  0.2221,
         0.2375,  0.1658,  0.2719,  0.2218,  0.1057,  0.1311,  0.1427,  0.0801,
         0.0929,  0.0142,  0.2139,  0.1516,  0.3083,  0.2013,  0.2517,  0.2456,
         0.1380])",0.09629646963661626,"tensor([ 0.3391,  0.3820,  0.2631,  0.2254,  0.1113,  0.5601,  0.5602,  0.3255,
         0.0179,  0.2087,  0.1737,  0.0964,  0.1828,  0.1648,  0.0875,  0.2594,
         0.4790, -0.0129,  0.0500,  0.4023,  0.3882,  0.1153,  0.2477,  0.1893,
         0.1814,  0.2684,  0.2815,  0.2585,  0.3283,  0.2119,  0.2143,  0.0197,
         0.1912,  0.0648,  0.2994,  0.1960,  0.2005,  0.5171,  0.0360,  0.2189,
         0.1154,  0.4373,  0.1276,  0.2463,  0.2202,  0.2276,  0.1310,  0.2076,
         0.1068,  0.1337,  0.0650,  0.1244,  0.2698,  0.1185,  0.2007,  0.2903,
         0.1291,  0.1749,  0.0457,  0.0617,  0.1868,  0.0995,  0.2333,  0.0829,
         0.3662,  0.2253,  0.0748,  0.3474,  0.4962,  0.0923,  0.1647,  0.0724,
         0.2350,  0.1357,  0.1907,  0.0647,  0.0625,  0.0026,  0.1218, -0.0129,
         0.3078,  0.0113,  0.0117,  0.0768,  0.0520,  0.2739,  0.1451,  0.4882,
         0.1518,  0.0544,  0.2698,  0.0192,  0.2185,  0.0644,  0.0579,  0.1142,
         0.0165,  0.0716,  0.3048,  0.2239,  0.3096,  0.2575,  0.0780,  0.1358,
         0.2334,  0.2575,  0.0550,  0.2103,  0.1141,  0.2613,  0.2132,  0.3168,
         0.4843,  0.5332,  0.1061,  0.3622,  0.2634,  0.1644,  0.1081,  0.5056,
         0.1849,  0.4428,  0.2798,  0.2558,  0.2528,  0.2348,  0.2520,  0.5629,
         0.1245,  0.0393,  0.1440,  0.4395,  0.4312,  0.1295,  0.0383,  0.2052,
         0.1030,  0.2595,  0.0482,  0.1749,  0.0652,  0.2038,  0.1048,  0.1599,
         0.0950,  0.0382,  0.3871,  0.1663,  0.2179,  0.2319,  0.1140,  0.3459,
         0.0571,  0.1759,  0.2160,  0.2346,  0.1416,  0.3032,  0.2107,  0.2229,
         0.1827,  0.0562,  0.0742,  0.0410,  0.5280,  0.3640,  0.3069,  0.3638,
         0.4569,  0.3843,  0.5718,  0.4574,  0.0866,  0.1637,  0.2183,  0.1806,
         0.0841,  0.0509,  0.0909,  0.4120,  0.1149,  0.3261,  0.1694,  0.4882,
         0.0480,  0.2110,  0.3457,  0.0849,  0.2340,  0.2573,  0.1627,  0.3804,
         0.1605,  0.4240,  0.4722,  0.1390,  0.1702,  0.0118,  0.2693,  0.2710,
         0.0084,  0.0250,  0.4367,  0.4595,  0.3253,  0.2482,  0.2402,  0.0554,
         0.0481,  0.0593,  0.1464,  0.0433,  0.1368,  0.3505,  0.1561,  0.2291,
         0.1377, -0.0079,  0.0504,  0.0776,  0.3560,  0.3299,  0.3413,  0.2368,
         0.0861,  0.0874,  0.1314,  0.1231,  0.0420,  0.1379,  0.5401,  0.2472,
         0.1719,  0.0450,  0.5338,  0.3520,  0.2481,  0.1376,  0.1878,  0.0839,
         0.1937,  0.0757,  0.0130,  0.1723,  0.0431,  0.0971,  0.2437,  0.3561,
         0.2056,  0.1018,  0.5256,  0.0646,  0.2303,  0.1964,  0.1461,  0.2549,
         0.3536,  0.4421,  0.1565,  0.5476,  0.5730,  0.1954,  0.0840,  0.2565,
         0.0914,  0.0119,  0.1589,  0.1734,  0.2558,  0.1152,  0.0718,  0.0465,
         0.1685,  0.2085,  0.1404,  0.0315,  0.1252,  0.2141,  0.1581,  0.3960,
         0.1370,  0.0095,  0.1938,  0.1631,  0.3160,  0.0418,  0.3007,  0.2570,
         0.0275,  0.0634,  0.0953,  0.1866,  0.2017,  0.1348,  0.1755,  0.2236,
         0.2324,  0.1557,  0.2815,  0.2311,  0.1021,  0.1235,  0.1405,  0.0826,
         0.0990,  0.0108,  0.2233,  0.1390,  0.3077,  0.1920,  0.2459,  0.2447,
         0.1326])"
7,7,0.09548976387995392,"tensor([ 0.3408,  0.3929,  0.2747,  0.2371,  0.1232,  0.5773,  0.5775,  0.3340,
        -0.0006,  0.2104,  0.1592,  0.0975,  0.1978,  0.1740,  0.0925,  0.2428,
         0.4836,  0.0106,  0.0510,  0.4054,  0.3858,  0.1247,  0.2609,  0.1842,
         0.1781,  0.2816,  0.2912,  0.2546,  0.3440,  0.2118,  0.2204,  0.0225,
         0.1794,  0.0730,  0.3137,  0.2137,  0.2117,  0.5248,  0.0265,  0.2291,
         0.1210,  0.4523,  0.1358,  0.2439,  0.2278,  0.2350,  0.1274,  0.2137,
         0.1220,  0.1310,  0.0655,  0.1392,  0.2699,  0.1301,  0.2142,  0.2901,
         0.1328,  0.1532,  0.0544,  0.0798,  0.1885,  0.1163,  0.2341,  0.0932,
         0.3732,  0.2343,  0.0844,  0.3406,  0.5073,  0.0949,  0.1796,  0.1071,
         0.2349,  0.1407,  0.1929,  0.0496,  0.0718,  0.0163,  0.1216, -0.0027,
         0.3200,  0.0007,  0.0077,  0.0893,  0.0690,  0.2900,  0.1427,  0.4951,
         0.1696,  0.0413,  0.2707,  0.0176,  0.2140,  0.0686,  0.0596,  0.1249,
         0.0309,  0.0830,  0.3279,  0.2291,  0.3089,  0.2587,  0.0907,  0.1351,
         0.2461,  0.2738,  0.0463,  0.1952,  0.1302,  0.2519,  0.1826,  0.3164,
         0.4901,  0.5320,  0.0979,  0.3303,  0.2724,  0.1659,  0.1059,  0.5050,
         0.1963,  0.4568,  0.2838,  0.2624,  0.2644,  0.2624,  0.2597,  0.5638,
         0.1300,  0.0288,  0.1504,  0.4443,  0.4337,  0.1358,  0.0465,  0.2161,
         0.1375,  0.2588,  0.0368,  0.1791,  0.0786,  0.2067,  0.1087,  0.1603,
         0.1138,  0.0418,  0.3928,  0.1913,  0.2150,  0.2546,  0.1110,  0.3397,
         0.0682,  0.1569,  0.2092,  0.2229,  0.1369,  0.3144,  0.2259,  0.2213,
         0.1908,  0.0538,  0.0868,  0.0474,  0.5219,  0.3610,  0.3029,  0.3516,
         0.4506,  0.3846,  0.5797,  0.4613,  0.0848,  0.1667,  0.2239,  0.2173,
         0.0930,  0.0541,  0.1128,  0.4288,  0.1214,  0.3403,  0.1691,  0.4931,
         0.0472,  0.2184,  0.3581,  0.0839,  0.2357,  0.2571,  0.1723,  0.3792,
         0.1437,  0.4007,  0.4685,  0.1624,  0.1816, -0.0017,  0.2710,  0.2967,
         0.0106,  0.0148,  0.4351,  0.4560,  0.3169,  0.2337,  0.2538,  0.0413,
         0.0205,  0.0575,  0.1486,  0.0388,  0.1407,  0.3500,  0.1563,  0.2404,
         0.1445,  0.0055,  0.0790,  0.0745,  0.3611,  0.3396,  0.3459,  0.2439,
         0.0819,  0.0884,  0.1352,  0.1310,  0.0439,  0.1361,  0.5432,  0.2452,
         0.1739,  0.0482,  0.5380,  0.3404,  0.2619,  0.1323,  0.1754,  0.0808,
         0.2052,  0.0648,  0.0230,  0.1833,  0.0503,  0.1132,  0.2463,  0.3629,
         0.2128,  0.0845,  0.5333,  0.0493,  0.2116,  0.1906,  0.1566,  0.2306,
         0.3665,  0.4560,  0.1615,  0.5564,  0.5782,  0.2039,  0.1051,  0.2582,
         0.0881,  0.0095,  0.1639,  0.1797,  0.2562,  0.1166,  0.0613,  0.0390,
         0.1759,  0.1987,  0.1491,  0.0225,  0.1414,  0.2362,  0.1792,  0.3933,
         0.1361,  0.0202,  0.2096,  0.1701,  0.3243,  0.0397,  0.3069,  0.2637,
         0.0372,  0.0776,  0.1059,  0.1785,  0.1834,  0.1241,  0.1817,  0.2281,
         0.2426,  0.1750,  0.2794,  0.2267,  0.1155,  0.1392,  0.1485,  0.0886,
         0.0993,  0.0103,  0.2200,  0.1607,  0.3159,  0.2117,  0.2552,  0.2507,
         0.1433])",0.0960352389762799,"tensor([ 3.4477e-01,  3.8624e-01,  2.6732e-01,  2.3151e-01,  1.1775e-01,
         5.6529e-01,  5.6680e-01,  3.4530e-01,  8.0116e-03,  2.0952e-01,
         1.6646e-01,  1.0108e-01,  1.9426e-01,  1.7674e-01,  9.4075e-02,
         2.6091e-01,  4.8140e-01, -1.2597e-02,  4.9185e-02,  4.0603e-01,
         3.9211e-01,  1.1932e-01,  2.5513e-01,  1.8128e-01,  1.8787e-01,
         2.6147e-01,  2.8403e-01,  2.6474e-01,  3.3764e-01,  2.1550e-01,
         2.1815e-01,  2.3558e-02,  1.9968e-01,  6.8525e-02,  3.0744e-01,
         2.0407e-01,  2.1167e-01,  5.1863e-01,  3.6451e-02,  2.2513e-01,
         1.2210e-01,  4.4218e-01,  1.3097e-01,  2.5113e-01,  2.2090e-01,
         2.2850e-01,  1.3304e-01,  2.1291e-01,  1.1179e-01,  1.3960e-01,
         5.9412e-02,  1.2462e-01,  2.7454e-01,  1.2696e-01,  2.0048e-01,
         2.9436e-01,  1.3168e-01,  1.7932e-01,  5.4596e-02,  6.4717e-02,
         1.9193e-01,  1.0973e-01,  2.4122e-01,  9.3080e-02,  3.7129e-01,
         2.2845e-01,  8.4063e-02,  3.5104e-01,  5.0221e-01,  9.7882e-02,
         1.6661e-01,  8.3414e-02,  2.3883e-01,  1.4901e-01,  1.9237e-01,
         7.1384e-02,  6.3738e-02,  1.3757e-02,  1.1328e-01, -1.4957e-02,
         3.1043e-01,  1.1396e-02,  1.2275e-02,  7.9771e-02,  5.9769e-02,
         2.8029e-01,  1.5642e-01,  4.9094e-01,  1.5292e-01,  5.5473e-02,
         2.7286e-01,  8.0743e-03,  2.2058e-01,  6.2370e-02,  5.9840e-02,
         1.1845e-01,  2.1526e-02,  7.3716e-02,  3.0936e-01,  2.2683e-01,
         3.1526e-01,  2.5759e-01,  7.5379e-02,  1.5098e-01,  2.3636e-01,
         2.6238e-01,  4.9528e-02,  2.1326e-01,  1.1756e-01,  2.6470e-01,
         2.2903e-01,  3.1951e-01,  4.8776e-01,  5.3586e-01,  1.0750e-01,
         3.7049e-01,  2.7677e-01,  1.6725e-01,  1.1114e-01,  5.1137e-01,
         1.9396e-01,  4.4481e-01,  2.8512e-01,  2.5876e-01,  2.5520e-01,
         2.3829e-01,  2.5576e-01,  5.6511e-01,  1.1277e-01,  3.9582e-02,
         1.4793e-01,  4.4283e-01,  4.3457e-01,  1.3613e-01,  3.7319e-02,
         2.1139e-01,  1.2199e-01,  2.6529e-01,  6.3896e-02,  1.8245e-01,
         7.8061e-02,  2.0797e-01,  1.1177e-01,  1.6204e-01,  9.4406e-02,
         3.5901e-02,  3.9100e-01,  1.7793e-01,  2.2331e-01,  2.3135e-01,
         1.1535e-01,  3.4733e-01,  6.6733e-02,  1.8071e-01,  2.1753e-01,
         2.3790e-01,  1.4405e-01,  3.1022e-01,  2.2044e-01,  2.2989e-01,
         1.8794e-01,  5.8781e-02,  7.4712e-02,  4.3596e-02,  5.2915e-01,
         3.6541e-01,  3.0743e-01,  3.7307e-01,  4.6353e-01,  3.9336e-01,
         5.7495e-01,  4.6040e-01,  8.8620e-02,  1.6915e-01,  2.2381e-01,
         1.9310e-01,  8.5791e-02,  5.3102e-02,  1.0861e-01,  4.1636e-01,
         1.0798e-01,  3.3420e-01,  1.7424e-01,  4.9223e-01,  4.5470e-02,
         2.1317e-01,  3.5284e-01,  8.9623e-02,  2.3749e-01,  2.6052e-01,
         1.7479e-01,  3.8501e-01,  1.7361e-01,  4.3231e-01,  4.7435e-01,
         1.4578e-01,  1.7405e-01,  1.3549e-02,  2.7249e-01,  2.7152e-01,
         6.0641e-03,  1.8656e-02,  4.4789e-01,  4.6421e-01,  3.2935e-01,
         2.4899e-01,  2.4425e-01,  6.2892e-02,  4.4355e-02,  6.3313e-02,
         1.5849e-01,  4.1617e-02,  1.3912e-01,  3.6940e-01,  1.6501e-01,
         2.3642e-01,  1.4210e-01,  7.7780e-05,  6.7380e-02,  8.0923e-02,
         3.5882e-01,  3.3348e-01,  3.4657e-01,  2.3613e-01,  9.0591e-02,
         1.0667e-01,  1.4402e-01,  1.2834e-01,  3.4142e-02,  1.4250e-01,
         5.4496e-01,  2.5063e-01,  1.7517e-01,  4.4652e-02,  5.3704e-01,
         3.5489e-01,  2.4892e-01,  1.4337e-01,  1.9081e-01,  8.7399e-02,
         1.9962e-01,  8.3769e-02,  1.5435e-02,  1.7842e-01,  4.6754e-02,
         1.0384e-01,  2.4462e-01,  3.6237e-01,  2.1105e-01,  1.1227e-01,
         5.3084e-01,  7.6997e-02,  2.3085e-01,  2.0072e-01,  1.5121e-01,
         2.5763e-01,  3.6061e-01,  4.5501e-01,  1.5712e-01,  5.4943e-01,
         5.7997e-01,  1.9567e-01,  8.8257e-02,  2.6090e-01,  9.7555e-02,
         1.0308e-02,  1.6572e-01,  1.7508e-01,  2.6032e-01,  1.0843e-01,
         6.2014e-02,  5.2727e-02,  1.7160e-01,  2.1260e-01,  1.4323e-01,
         3.3425e-02,  1.4407e-01,  2.1630e-01,  1.8330e-01,  3.9883e-01,
         1.3399e-01,  1.1843e-02,  1.9790e-01,  1.6410e-01,  3.2675e-01,
         4.4327e-02,  3.0547e-01,  2.5991e-01,  3.1569e-02,  7.2191e-02,
         1.0461e-01,  1.8248e-01,  2.0330e-01,  1.3958e-01,  1.7236e-01,
         2.2803e-01,  2.4485e-01,  1.6629e-01,  2.8613e-01,  2.3501e-01,
         1.0769e-01,  1.3781e-01,  1.4849e-01,  8.6680e-02,  1.0533e-01,
         9.3474e-03,  2.2937e-01,  1.4345e-01,  3.1428e-01,  2.0453e-01,
         2.4890e-01,  2.5000e-01,  1.3352e-01])"
8,8,0.09523996321567849,"tensor([ 3.4815e-01,  3.9758e-01,  2.7950e-01,  2.4085e-01,  1.3148e-01,
         5.8038e-01,  5.7631e-01,  3.4968e-01, -1.3556e-03,  2.1683e-01,
         1.6346e-01,  9.3087e-02,  2.0541e-01,  1.8118e-01,  9.5459e-02,
         2.4498e-01,  4.8753e-01,  1.1570e-02,  4.8435e-02,  4.1001e-01,
         3.9275e-01,  1.3597e-01,  2.6732e-01,  1.7995e-01,  1.8252e-01,
         2.8875e-01,  2.9667e-01,  2.5412e-01,  3.5011e-01,  2.1623e-01,
         2.2709e-01,  2.8258e-02,  1.9162e-01,  7.9457e-02,  3.2049e-01,
         2.3422e-01,  2.1076e-01,  5.2723e-01,  3.1028e-02,  2.3448e-01,
         1.2871e-01,  4.5535e-01,  1.3999e-01,  2.4684e-01,  2.3169e-01,
         2.3871e-01,  1.2632e-01,  2.2483e-01,  1.1967e-01,  1.2794e-01,
         7.0518e-02,  1.3929e-01,  2.7452e-01,  1.3268e-01,  2.1826e-01,
         2.9538e-01,  1.4254e-01,  1.5359e-01,  5.3621e-02,  8.1864e-02,
         1.9722e-01,  1.2082e-01,  2.4037e-01,  1.0322e-01,  3.7794e-01,
         2.3818e-01,  8.8773e-02,  3.4444e-01,  5.1231e-01,  1.0021e-01,
         1.8657e-01,  1.1752e-01,  2.3872e-01,  1.4958e-01,  2.0312e-01,
         5.8538e-02,  7.0412e-02,  1.8934e-02,  1.3203e-01, -5.6980e-04,
         3.2239e-01,  6.4858e-03,  1.3861e-02,  9.3309e-02,  8.0629e-02,
         2.9274e-01,  1.5255e-01,  4.9853e-01,  1.7193e-01,  4.1133e-02,
         2.7404e-01,  1.6208e-02,  2.1742e-01,  6.8032e-02,  5.4733e-02,
         1.2635e-01,  2.4091e-02,  8.6025e-02,  3.2948e-01,  2.3345e-01,
         3.1347e-01,  2.6148e-01,  9.6241e-02,  1.4182e-01,  2.5762e-01,
         2.7648e-01,  5.0057e-02,  1.9886e-01,  1.3407e-01,  2.5799e-01,
         1.9034e-01,  3.2026e-01,  4.9341e-01,  5.3608e-01,  1.0124e-01,
         3.3417e-01,  2.8119e-01,  1.6943e-01,  1.0802e-01,  5.1062e-01,
         1.9836e-01,  4.5838e-01,  2.8786e-01,  2.6751e-01,  2.7442e-01,
         2.6686e-01,  2.6571e-01,  5.6673e-01,  1.3579e-01,  3.4964e-02,
         1.5489e-01,  4.4780e-01,  4.3984e-01,  1.4249e-01,  4.4359e-02,
         2.2029e-01,  1.4600e-01,  2.6518e-01,  4.9513e-02,  1.8831e-01,
         8.7858e-02,  2.1305e-01,  1.1225e-01,  1.6582e-01,  1.2064e-01,
         4.6687e-02,  3.9903e-01,  1.9465e-01,  2.1771e-01,  2.6141e-01,
         1.1982e-01,  3.4424e-01,  6.8370e-02,  1.6074e-01,  2.1584e-01,
         2.2658e-01,  1.3920e-01,  3.2119e-01,  2.2862e-01,  2.3304e-01,
         1.9533e-01,  5.8171e-02,  8.7238e-02,  4.5188e-02,  5.2642e-01,
         3.6422e-01,  3.0962e-01,  3.6056e-01,  4.5302e-01,  3.9065e-01,
         5.8165e-01,  4.6440e-01,  8.8545e-02,  1.7011e-01,  2.2727e-01,
         2.4573e-01,  9.8603e-02,  5.8726e-02,  1.2020e-01,  4.3445e-01,
         1.2126e-01,  3.4384e-01,  1.7602e-01,  4.9733e-01,  5.2883e-02,
         2.2138e-01,  3.6325e-01,  8.9974e-02,  2.4094e-01,  2.6220e-01,
         1.8146e-01,  3.8096e-01,  1.5836e-01,  4.1191e-01,  4.7117e-01,
         1.6716e-01,  1.8723e-01,  6.1194e-03,  2.7609e-01,  3.0029e-01,
         1.2778e-02,  2.0842e-02,  4.4564e-01,  4.6026e-01,  3.2161e-01,
         2.3630e-01,  2.5700e-01,  3.6779e-02,  2.1877e-02,  6.1890e-02,
         1.5644e-01,  4.3162e-02,  1.4225e-01,  3.7315e-01,  1.6213e-01,
         2.4346e-01,  1.5049e-01,  7.3526e-03,  7.3161e-02,  7.8065e-02,
         3.6530e-01,  3.4338e-01,  3.5010e-01,  2.4796e-01,  9.6605e-02,
         9.8082e-02,  1.3413e-01,  1.3462e-01,  4.1334e-02,  1.4188e-01,
         5.4653e-01,  2.4898e-01,  1.7697e-01,  4.3056e-02,  5.4176e-01,
         3.4823e-01,  2.6743e-01,  1.4023e-01,  1.7657e-01,  8.5350e-02,
         2.1074e-01,  7.5470e-02,  2.6737e-02,  1.8714e-01,  5.1029e-02,
         1.1689e-01,  2.4886e-01,  3.6788e-01,  2.1928e-01,  9.2923e-02,
         5.4001e-01,  5.3236e-02,  2.1757e-01,  1.9503e-01,  1.6304e-01,
         2.3605e-01,  3.7358e-01,  4.6693e-01,  1.6823e-01,  5.5965e-01,
         5.8164e-01,  2.0801e-01,  1.0753e-01,  2.6272e-01,  9.4436e-02,
         1.6088e-02,  1.6626e-01,  1.8193e-01,  2.5812e-01,  1.1526e-01,
         6.6371e-02,  4.0607e-02,  1.7569e-01,  2.0281e-01,  1.5073e-01,
         2.2255e-02,  1.4126e-01,  2.3995e-01,  1.9066e-01,  3.9555e-01,
         1.3602e-01,  2.0557e-02,  2.1494e-01,  1.7497e-01,  3.3334e-01,
         5.1836e-02,  3.1231e-01,  2.6651e-01,  4.5551e-02,  8.4788e-02,
         1.1258e-01,  1.8018e-01,  1.8616e-01,  1.2249e-01,  1.8628e-01,
         2.3506e-01,  2.4566e-01,  1.8527e-01,  2.8259e-01,  2.3042e-01,
         1.2453e-01,  1.4112e-01,  1.5031e-01,  9.5537e-02,  1.0287e-01,
         1.0059e-02,  2.2447e-01,  1.6452e-01,  3.2480e-01,  2.1931e-01,
         2.5999e-01,  2.5451e-01,  1.4829e-01])",0.09587332686143261,"tensor([ 0.3475,  0.3887,  0.2696,  0.2383,  0.1190,  0.5681,  0.5685,  0.3585,
         0.0180,  0.2143,  0.1766,  0.0808,  0.1977,  0.1641,  0.0920,  0.2660,
         0.4842, -0.0041,  0.0611,  0.4058,  0.3985,  0.1351,  0.2610,  0.2017,
         0.1942,  0.2721,  0.2888,  0.2699,  0.3407,  0.2184,  0.2173,  0.0270,
         0.2089,  0.0718,  0.3131,  0.2066,  0.2066,  0.5226,  0.0395,  0.2303,
         0.1176,  0.4464,  0.1340,  0.2521,  0.2246,  0.2352,  0.1442,  0.2204,
         0.1158,  0.1395,  0.0688,  0.1326,  0.2764,  0.1281,  0.2067,  0.2969,
         0.1391,  0.1723,  0.0538,  0.0703,  0.2041,  0.1098,  0.2432,  0.0951,
         0.3739,  0.2309,  0.0856,  0.3549,  0.5064,  0.0966,  0.1774,  0.0803,
         0.2403,  0.1471,  0.1988,  0.0715,  0.0576,  0.0074,  0.1292, -0.0070,
         0.3119,  0.0167,  0.0206,  0.0778,  0.0768,  0.2829,  0.1653,  0.4928,
         0.1514,  0.0472,  0.2767,  0.0127,  0.2225,  0.0709,  0.0625,  0.1268,
         0.0219,  0.0748,  0.3161,  0.2271,  0.3163,  0.2646,  0.0829,  0.1518,
         0.2420,  0.2661,  0.0553,  0.2142,  0.1221,  0.2734,  0.2332,  0.3165,
         0.4894,  0.5393,  0.1074,  0.3707,  0.2833,  0.1700,  0.1088,  0.5140,
         0.1924,  0.4455,  0.2902,  0.2552,  0.2620,  0.2406,  0.2633,  0.5655,
         0.1331,  0.0428,  0.1508,  0.4445,  0.4413,  0.1376,  0.0476,  0.2129,
         0.1270,  0.2685,  0.0715,  0.1859,  0.0841,  0.2116,  0.1061,  0.1614,
         0.1013,  0.0434,  0.3979,  0.1764,  0.2263,  0.2377,  0.1233,  0.3527,
         0.0745,  0.1792,  0.2214,  0.2376,  0.1427,  0.3142,  0.2258,  0.2408,
         0.1955,  0.0562,  0.0925,  0.0485,  0.5346,  0.3646,  0.3084,  0.3767,
         0.4667,  0.3984,  0.5768,  0.4627,  0.0810,  0.1657,  0.2240,  0.1898,
         0.0909,  0.0572,  0.1013,  0.4224,  0.1192,  0.3366,  0.1752,  0.4941,
         0.0493,  0.2154,  0.3534,  0.0879,  0.2397,  0.2641,  0.1781,  0.3882,
         0.1836,  0.4457,  0.4774,  0.1550,  0.1811,  0.0183,  0.2770,  0.2737,
         0.0062,  0.0243,  0.4548,  0.4652,  0.3319,  0.2507,  0.2469,  0.0499,
         0.0378,  0.0624,  0.1646,  0.0489,  0.1435,  0.3796,  0.1671,  0.2429,
         0.1433, -0.0012,  0.0616,  0.0816,  0.3592,  0.3352,  0.3491,  0.2463,
         0.0902,  0.1074,  0.1511,  0.1327,  0.0365,  0.1491,  0.5482,  0.2540,
         0.1815,  0.0324,  0.5405,  0.3632,  0.2534,  0.1478,  0.1922,  0.0953,
         0.1997,  0.0875,  0.0172,  0.1795,  0.0467,  0.1077,  0.2447,  0.3697,
         0.2115,  0.1086,  0.5338,  0.0688,  0.2372,  0.2009,  0.1541,  0.2590,
         0.3672,  0.4632,  0.1622,  0.5518,  0.5814,  0.2000,  0.0901,  0.2643,
         0.1031,  0.0095,  0.1621,  0.1746,  0.2602,  0.1101,  0.0660,  0.0628,
         0.1732,  0.2151,  0.1441,  0.0315,  0.1452,  0.2225,  0.1892,  0.4023,
         0.1200,  0.0122,  0.1944,  0.1677,  0.3342,  0.0444,  0.3106,  0.2643,
         0.0324,  0.0761,  0.1063,  0.1935,  0.2086,  0.1216,  0.1833,  0.2378,
         0.2456,  0.1705,  0.2889,  0.2367,  0.1182,  0.1404,  0.1481,  0.0800,
         0.1077, -0.0008,  0.2318,  0.1448,  0.3182,  0.2081,  0.2517,  0.2499,
         0.1356])"
9,9,0.09503450033380025,"tensor([ 3.5106e-01,  4.0190e-01,  2.8373e-01,  2.4644e-01,  1.3368e-01,
         5.8274e-01,  5.7875e-01,  3.5738e-01, -6.1993e-04,  2.2026e-01,
         1.7116e-01,  9.6485e-02,  2.1085e-01,  1.8305e-01,  9.5036e-02,
         2.4862e-01,  4.9072e-01,  7.3665e-03,  5.9429e-02,  4.1309e-01,
         3.9690e-01,  1.4388e-01,  2.7162e-01,  1.9702e-01,  1.9055e-01,
         2.8941e-01,  2.9970e-01,  2.6578e-01,  3.5504e-01,  2.1937e-01,
         2.3247e-01,  2.3952e-02,  1.9108e-01,  9.4183e-02,  3.2245e-01,
         2.4369e-01,  2.1485e-01,  5.3015e-01,  2.1742e-02,  2.3854e-01,
         1.2602e-01,  4.5896e-01,  1.4105e-01,  2.4812e-01,  2.3517e-01,
         2.4170e-01,  1.3256e-01,  2.3219e-01,  1.2370e-01,  1.3319e-01,
         6.8414e-02,  1.4371e-01,  2.7938e-01,  1.3864e-01,  2.2212e-01,
         2.9935e-01,  1.4266e-01,  1.5953e-01,  5.4723e-02,  8.5642e-02,
         2.0552e-01,  1.2735e-01,  2.4506e-01,  1.0297e-01,  3.8052e-01,
         2.4365e-01,  8.3982e-02,  3.4788e-01,  5.1561e-01,  1.1185e-01,
         1.9202e-01,  1.0760e-01,  2.4364e-01,  1.5129e-01,  2.0891e-01,
         5.6965e-02,  7.6356e-02,  1.9326e-02,  1.3836e-01,  3.2497e-04,
         3.2458e-01,  1.4789e-02,  1.5332e-02,  1.0099e-01,  8.0936e-02,
         2.9587e-01,  1.5451e-01,  5.0090e-01,  1.7439e-01,  4.5863e-02,
         2.7691e-01,  1.7177e-02,  2.1941e-01,  7.4662e-02,  6.6592e-02,
         1.3406e-01,  3.4450e-02,  8.5687e-02,  3.3692e-01,  2.3893e-01,
         3.1723e-01,  2.6763e-01,  9.9590e-02,  1.4431e-01,  2.6066e-01,
         2.8148e-01,  5.8171e-02,  2.0059e-01,  1.3582e-01,  2.6268e-01,
         1.8967e-01,  3.2365e-01,  4.9606e-01,  5.3841e-01,  1.0709e-01,
         3.3714e-01,  2.9507e-01,  1.7454e-01,  1.1401e-01,  5.1454e-01,
         2.0085e-01,  4.6061e-01,  2.9688e-01,  2.6923e-01,  2.7896e-01,
         2.7155e-01,  2.7308e-01,  5.6747e-01,  1.4238e-01,  3.8099e-02,
         1.5839e-01,  4.5020e-01,  4.4491e-01,  1.4607e-01,  4.2611e-02,
         2.2079e-01,  1.4830e-01,  2.6465e-01,  4.0370e-02,  1.9198e-01,
         9.0880e-02,  2.1566e-01,  1.1657e-01,  1.7267e-01,  1.2924e-01,
         4.4291e-02,  4.0108e-01,  1.9839e-01,  2.2051e-01,  2.6301e-01,
         1.2089e-01,  3.4802e-01,  6.9284e-02,  1.6309e-01,  2.1921e-01,
         2.2904e-01,  1.4260e-01,  3.2849e-01,  2.3756e-01,  2.3999e-01,
         1.9950e-01,  6.4798e-02,  9.2903e-02,  5.5492e-02,  5.2992e-01,
         3.6759e-01,  3.1217e-01,  3.6437e-01,  4.5949e-01,  3.9575e-01,
         5.8374e-01,  4.6586e-01,  9.1249e-02,  1.7185e-01,  2.3034e-01,
         2.3450e-01,  1.0068e-01,  6.4608e-02,  1.2023e-01,  4.3765e-01,
         1.2686e-01,  3.5180e-01,  1.7727e-01,  5.0116e-01,  5.8135e-02,
         2.2395e-01,  3.6646e-01,  9.4647e-02,  2.4244e-01,  2.6431e-01,
         1.8394e-01,  3.8440e-01,  1.6172e-01,  4.2011e-01,  4.7337e-01,
         1.7602e-01,  1.9102e-01,  3.7000e-03,  2.7886e-01,  3.0472e-01,
         7.9781e-03,  1.6597e-02,  4.5304e-01,  4.6450e-01,  3.2571e-01,
         2.4000e-01,  2.5834e-01,  4.4661e-02,  2.4615e-02,  6.2004e-02,
         1.6708e-01,  4.1516e-02,  1.4446e-01,  3.8626e-01,  1.6567e-01,
         2.4801e-01,  1.5613e-01,  1.2923e-02,  8.0905e-02,  8.1636e-02,
         3.6896e-01,  3.4630e-01,  3.5494e-01,  2.5254e-01,  9.5901e-02,
         1.0040e-01,  1.4153e-01,  1.3569e-01,  4.8381e-02,  1.4496e-01,
         5.5086e-01,  2.5242e-01,  1.7836e-01,  5.2622e-02,  5.4371e-01,
         3.5166e-01,  2.7086e-01,  1.4371e-01,  1.7858e-01,  9.1565e-02,
         2.2231e-01,  7.1671e-02,  1.8090e-02,  1.8931e-01,  5.7503e-02,
         1.2008e-01,  2.5344e-01,  3.7528e-01,  2.2352e-01,  1.0190e-01,
         5.4435e-01,  6.3653e-02,  2.2085e-01,  1.9912e-01,  1.6602e-01,
         2.3802e-01,  3.7808e-01,  4.7417e-01,  1.7118e-01,  5.6364e-01,
         5.8395e-01,  2.1135e-01,  1.0757e-01,  2.6853e-01,  9.1895e-02,
         2.0942e-02,  1.7172e-01,  1.8316e-01,  2.6065e-01,  1.2364e-01,
         6.0244e-02,  4.8281e-02,  1.7816e-01,  2.0592e-01,  1.5329e-01,
         2.3617e-02,  1.5375e-01,  2.4278e-01,  1.9901e-01,  3.9940e-01,
         1.3540e-01,  1.8607e-02,  2.1913e-01,  1.8012e-01,  3.3901e-01,
         5.4723e-02,  3.1826e-01,  2.7144e-01,  4.0320e-02,  8.0836e-02,
         1.1532e-01,  1.8547e-01,  1.9010e-01,  1.2221e-01,  1.8938e-01,
         2.4065e-01,  2.4975e-01,  1.8653e-01,  2.8543e-01,  2.3272e-01,
         1.3284e-01,  1.4979e-01,  1.5440e-01,  9.9190e-02,  1.0474e-01,
         6.2438e-03,  2.2652e-01,  1.6565e-01,  3.2991e-01,  2.2621e-01,
         2.6184e-01,  2.5837e-01,  1.5036e-01])",0.09574014888632865,"tensor([ 0.3533,  0.3924,  0.2746,  0.2401,  0.1181,  0.5697,  0.5661,  0.3656,
         0.0128,  0.2139,  0.1764,  0.1047,  0.2025,  0.1773,  0.0909,  0.2660,
         0.4867, -0.0139,  0.0565,  0.4119,  0.3984,  0.1425,  0.2651,  0.2107,
         0.1982,  0.2710,  0.2891,  0.2681,  0.3469,  0.2162,  0.2260,  0.0202,
         0.2139,  0.0833,  0.3130,  0.2281,  0.2130,  0.5242,  0.0377,  0.2251,
         0.1314,  0.4469,  0.1338,  0.2501,  0.2241,  0.2339,  0.1416,  0.2273,
         0.1153,  0.1223,  0.0701,  0.1323,  0.2767,  0.1325,  0.2104,  0.2987,
         0.1383,  0.1773,  0.0532,  0.0759,  0.2085,  0.1176,  0.2437,  0.0964,
         0.3767,  0.2365,  0.0717,  0.3574,  0.5089,  0.0954,  0.1816,  0.0879,
         0.2433,  0.1513,  0.2031,  0.0713,  0.0645,  0.0078,  0.1346, -0.0049,
         0.3141,  0.0175,  0.0128,  0.0861,  0.0771,  0.2832,  0.1678,  0.4932,
         0.1472,  0.0533,  0.2785,  0.0034,  0.2265,  0.0718,  0.0589,  0.1283,
         0.0221,  0.0789,  0.3200,  0.2321,  0.3203,  0.2683,  0.0922,  0.1576,
         0.2401,  0.2650,  0.0586,  0.2168,  0.1172,  0.2746,  0.2434,  0.3232,
         0.4918,  0.5401,  0.1139,  0.3729,  0.3012,  0.1729,  0.1093,  0.5179,
         0.1927,  0.4454,  0.2953,  0.2593,  0.2586,  0.2474,  0.2665,  0.5680,
         0.1361,  0.0505,  0.1559,  0.4469,  0.4446,  0.1362,  0.0480,  0.2139,
         0.1284,  0.2738,  0.0642,  0.1861,  0.0858,  0.2146,  0.1174,  0.1694,
         0.1120,  0.0365,  0.4009,  0.1850,  0.2259,  0.2393,  0.1290,  0.3541,
         0.0758,  0.1851,  0.2223,  0.2405,  0.1472,  0.3137,  0.2248,  0.2477,
         0.1995,  0.0499,  0.0949,  0.0521,  0.5363,  0.3692,  0.3125,  0.3750,
         0.4679,  0.3991,  0.5773,  0.4621,  0.0908,  0.1711,  0.2254,  0.2054,
         0.0876,  0.0562,  0.1201,  0.4242,  0.1188,  0.3454,  0.1743,  0.4964,
         0.0577,  0.2199,  0.3543,  0.0960,  0.2418,  0.2664,  0.1747,  0.3887,
         0.1818,  0.4461,  0.4777,  0.1581,  0.1748,  0.0220,  0.2796,  0.2759,
         0.0197,  0.0203,  0.4627,  0.4700,  0.3341,  0.2532,  0.2486,  0.0505,
         0.0467,  0.0590,  0.1726,  0.0336,  0.1435,  0.3975,  0.1733,  0.2435,
         0.1449, -0.0007,  0.0718,  0.0800,  0.3618,  0.3375,  0.3520,  0.2460,
         0.0958,  0.1114,  0.1551,  0.1320,  0.0422,  0.1559,  0.5519,  0.2553,
         0.1825,  0.0483,  0.5431,  0.3643,  0.2548,  0.1478,  0.1931,  0.0955,
         0.2090,  0.0843,  0.0202,  0.1846,  0.0410,  0.1127,  0.2498,  0.3742,
         0.2168,  0.1160,  0.5400,  0.0882,  0.2366,  0.2051,  0.1537,  0.2525,
         0.3720,  0.4669,  0.1641,  0.5535,  0.5831,  0.2024,  0.0812,  0.2627,
         0.1043,  0.0090,  0.1697,  0.1776,  0.2630,  0.1179,  0.0773,  0.0628,
         0.1646,  0.2195,  0.1422,  0.0327,  0.1501,  0.2235,  0.2029,  0.4047,
         0.1240,  0.0101,  0.2025,  0.1693,  0.3397,  0.0461,  0.3151,  0.2689,
         0.0306,  0.0766,  0.1123,  0.1983,  0.2110,  0.1382,  0.1860,  0.2420,
         0.2477,  0.1730,  0.2884,  0.2395,  0.1209,  0.1444,  0.1511,  0.0892,
         0.1023, -0.0050,  0.2353,  0.1481,  0.3200,  0.2167,  0.2556,  0.2527,
         0.1408])"
10,10,0.09485681403928728,"tensor([0.3553, 0.4036, 0.2871, 0.2494, 0.1353, 0.5820, 0.5845, 0.3655, 0.0019,
        0.2247, 0.1747, 0.0927, 0.2152, 0.1905, 0.0980, 0.2552, 0.4922, 0.0097,
        0.0501, 0.4173, 0.3996, 0.1489, 0.2766, 0.2043, 0.1960, 0.2939, 0.3030,
        0.2650, 0.3596, 0.2237, 0.2370, 0.0291, 0.2046, 0.1006, 0.3250, 0.2517,
        0.2168, 0.5312, 0.0279, 0.2418, 0.1425, 0.4607, 0.1426, 0.2503, 0.2371,
        0.2422, 0.1328, 0.2379, 0.1268, 0.1362, 0.0762, 0.1452, 0.2821, 0.1432,
        0.2271, 0.3013, 0.1485, 0.1626, 0.0531, 0.0870, 0.2133, 0.1331, 0.2517,
        0.1076, 0.3833, 0.2457, 0.0862, 0.3510, 0.5183, 0.1144, 0.1997, 0.1213,
        0.2488, 0.1548, 0.2155, 0.0585, 0.0694, 0.0201, 0.1478, 0.0014, 0.3279,
        0.0180, 0.0175, 0.1031, 0.0836, 0.2974, 0.1630, 0.5021, 0.1759, 0.0555,
        0.2811, 0.0162, 0.2224, 0.0745, 0.0590, 0.1375, 0.0267, 0.0902, 0.3436,
        0.2399, 0.3179, 0.2704, 0.0967, 0.1508, 0.2628, 0.2814, 0.0555, 0.2027,
        0.1393, 0.2665, 0.2024, 0.3253, 0.4986, 0.5418, 0.1104, 0.3437, 0.3026,
        0.1768, 0.1155, 0.5170, 0.2038, 0.4621, 0.3064, 0.2732, 0.2815, 0.2777,
        0.2769, 0.5695, 0.1478, 0.0493, 0.1606, 0.4531, 0.4494, 0.1463, 0.0544,
        0.2259, 0.1535, 0.2723, 0.0511, 0.1948, 0.0947, 0.2200, 0.1175, 0.1761,
        0.1272, 0.0476, 0.4052, 0.2050, 0.2263, 0.2644, 0.1219, 0.3514, 0.0744,
        0.1683, 0.2211, 0.2310, 0.1442, 0.3296, 0.2410, 0.2484, 0.2046, 0.0683,
        0.0986, 0.0482, 0.5339, 0.3737, 0.3182, 0.3675, 0.4603, 0.3977, 0.5855,
        0.4673, 0.0904, 0.1730, 0.2327, 0.2563, 0.1010, 0.0683, 0.1297, 0.4416,
        0.1295, 0.3576, 0.1787, 0.5024, 0.0608, 0.2287, 0.3695, 0.0993, 0.2437,
        0.2678, 0.1887, 0.3881, 0.1660, 0.4280, 0.4756, 0.1762, 0.1938, 0.0084,
        0.2804, 0.3081, 0.0087, 0.0151, 0.4618, 0.4666, 0.3253, 0.2445, 0.2585,
        0.0436, 0.0339, 0.0672, 0.1751, 0.0371, 0.1473, 0.4003, 0.1656, 0.2509,
        0.1530, 0.0077, 0.0787, 0.0844, 0.3711, 0.3482, 0.3571, 0.2569, 0.1046,
        0.1021, 0.1574, 0.1437, 0.0493, 0.1495, 0.5545, 0.2546, 0.1818, 0.0440,
        0.5462, 0.3562, 0.2750, 0.1462, 0.1822, 0.0949, 0.2279, 0.0787, 0.0291,
        0.1933, 0.0602, 0.1246, 0.2569, 0.3824, 0.2273, 0.0989, 0.5488, 0.0642,
        0.2253, 0.2014, 0.1692, 0.2388, 0.3839, 0.4788, 0.1742, 0.5651, 0.5869,
        0.2130, 0.1114, 0.2715, 0.0934, 0.0201, 0.1770, 0.1836, 0.2624, 0.1210,
        0.0738, 0.0464, 0.1804, 0.2098, 0.1538, 0.0218, 0.1547, 0.2448, 0.2108,
        0.4019, 0.1363, 0.0206, 0.2201, 0.1822, 0.3447, 0.0539, 0.3235, 0.2733,
        0.0434, 0.0888, 0.1143, 0.1843, 0.1921, 0.1258, 0.1950, 0.2479, 0.2531,
        0.1949, 0.2886, 0.2353, 0.1387, 0.1493, 0.1557, 0.1007, 0.1079, 0.0037,
        0.2312, 0.1723, 0.3355, 0.2303, 0.2651, 0.2621, 0.1530])",0.0956172470358156,"tensor([ 0.3535,  0.3921,  0.2743,  0.2430,  0.1163,  0.5716,  0.5657,  0.3714,
         0.0094,  0.2150,  0.1786,  0.0996,  0.2084,  0.1756,  0.0925,  0.2663,
         0.4878, -0.0104,  0.0446,  0.4157,  0.4018,  0.1460,  0.2680,  0.2086,
         0.2014,  0.2725,  0.2932,  0.2779,  0.3508,  0.2195,  0.2225,  0.0227,
         0.2172,  0.0884,  0.3130,  0.2325,  0.2139,  0.5261,  0.0373,  0.2346,
         0.1426,  0.4475,  0.1369,  0.2568,  0.2263,  0.2364,  0.1335,  0.2345,
         0.1166,  0.1428,  0.0700,  0.1351,  0.2809,  0.1348,  0.2102,  0.2998,
         0.1436,  0.1858,  0.0452,  0.0739,  0.2068,  0.1169,  0.2497,  0.1013,
         0.3784,  0.2377,  0.0832,  0.3572,  0.5116,  0.0996,  0.1914,  0.0967,
         0.2454,  0.1521,  0.2041,  0.0722,  0.0713,  0.0113,  0.1485, -0.0059,
         0.3136,  0.0182,  0.0213,  0.0884,  0.0720,  0.2843,  0.1630,  0.4944,
         0.1523,  0.0460,  0.2811,  0.0214,  0.2283,  0.0630,  0.0670,  0.1337,
         0.0328,  0.0843,  0.3226,  0.2344,  0.3232,  0.2677,  0.0768,  0.1603,
         0.2457,  0.2711,  0.0628,  0.2172,  0.1227,  0.2742,  0.2517,  0.3252,
         0.4938,  0.5411,  0.1199,  0.3787,  0.3070,  0.1695,  0.1074,  0.5206,
         0.1995,  0.4463,  0.2971,  0.2614,  0.2675,  0.2526,  0.2666,  0.5696,
         0.1439,  0.0519,  0.1559,  0.4481,  0.4479,  0.1405,  0.0479,  0.2155,
         0.1334,  0.2730,  0.0503,  0.1929,  0.0860,  0.2174,  0.1189,  0.1735,
         0.1111,  0.0366,  0.4018,  0.1890,  0.2316,  0.2393,  0.1252,  0.3555,
         0.0690,  0.1897,  0.2139,  0.2401,  0.1483,  0.3027,  0.2341,  0.2516,
         0.1999,  0.0574,  0.1005,  0.0430,  0.5374,  0.3725,  0.3159,  0.3821,
         0.4701,  0.4030,  0.5798,  0.4648,  0.0964,  0.1716,  0.2241,  0.1992,
         0.0907,  0.0581,  0.1263,  0.4220,  0.1208,  0.3472,  0.1755,  0.4979,
         0.0547,  0.2215,  0.3562,  0.0977,  0.2410,  0.2651,  0.1845,  0.3908,
         0.1902,  0.4598,  0.4780,  0.1567,  0.1865,  0.0127,  0.2800,  0.2774,
         0.0081,  0.0224,  0.4672,  0.4674,  0.3388,  0.2591,  0.2505,  0.0624,
         0.0506,  0.0715,  0.1797,  0.0277,  0.1435,  0.4160,  0.1665,  0.2481,
         0.1479,  0.0048,  0.0694,  0.0827,  0.3620,  0.3373,  0.3540,  0.2500,
         0.0975,  0.1157,  0.1613,  0.1379,  0.0380,  0.1631,  0.5537,  0.2578,
         0.1828,  0.0427,  0.5456,  0.3658,  0.2573,  0.1496,  0.1945,  0.0948,
         0.2127,  0.0875,  0.0194,  0.1789,  0.0457,  0.1140,  0.2505,  0.3801,
         0.2218,  0.1232,  0.5416,  0.0851,  0.2374,  0.2092,  0.1570,  0.2585,
         0.3734,  0.4707,  0.1653,  0.5550,  0.5852,  0.2033,  0.0931,  0.2666,
         0.1044,  0.0032,  0.1717,  0.1775,  0.2653,  0.1144,  0.0728,  0.0535,
         0.1747,  0.2194,  0.1442,  0.0319,  0.1538,  0.2288,  0.2112,  0.4051,
         0.1387,  0.0099,  0.2031,  0.1646,  0.3417,  0.0412,  0.3211,  0.2710,
         0.0371,  0.0771,  0.1063,  0.1958,  0.2110,  0.1430,  0.1851,  0.2479,
         0.2541,  0.1849,  0.2889,  0.2409,  0.1279,  0.1478,  0.1493,  0.0849,
         0.1064,  0.0031,  0.2369,  0.1494,  0.3223,  0.2209,  0.2554,  0.2559,
         0.1421])"
11,11,0.09470098283308656,"tensor([0.3578, 0.4075, 0.2911, 0.2521, 0.1368, 0.5860, 0.5873, 0.3701, 0.0030,
        0.2274, 0.1778, 0.0962, 0.2202, 0.1938, 0.1034, 0.2549, 0.4947, 0.0136,
        0.0540, 0.4195, 0.4028, 0.1535, 0.2786, 0.2095, 0.2018, 0.2960, 0.3071,
        0.2744, 0.3652, 0.2270, 0.2397, 0.0319, 0.1980, 0.1057, 0.3273, 0.2592,
        0.2181, 0.5327, 0.0325, 0.2443, 0.1416, 0.4628, 0.1456, 0.2530, 0.2385,
        0.2465, 0.1252, 0.2434, 0.1239, 0.1349, 0.0784, 0.1489, 0.2842, 0.1444,
        0.2289, 0.3041, 0.1519, 0.1630, 0.0555, 0.0911, 0.2197, 0.1320, 0.2539,
        0.1117, 0.3853, 0.2487, 0.0942, 0.3537, 0.5194, 0.1141, 0.2045, 0.1281,
        0.2518, 0.1545, 0.2212, 0.0605, 0.0784, 0.0176, 0.1591, 0.0029, 0.3297,
        0.0147, 0.0153, 0.1008, 0.0849, 0.2997, 0.1668, 0.5053, 0.1778, 0.0618,
        0.2820, 0.0267, 0.2261, 0.0791, 0.0648, 0.1408, 0.0339, 0.0902, 0.3466,
        0.2447, 0.3229, 0.2735, 0.1007, 0.1554, 0.2710, 0.2852, 0.0539, 0.2034,
        0.1384, 0.2682, 0.2107, 0.3272, 0.4999, 0.5432, 0.1147, 0.3455, 0.3128,
        0.1799, 0.1087, 0.5192, 0.2097, 0.4637, 0.3098, 0.2761, 0.2859, 0.2809,
        0.2806, 0.5705, 0.1524, 0.0418, 0.1635, 0.4549, 0.4510, 0.1504, 0.0586,
        0.2271, 0.1568, 0.2716, 0.0423, 0.1963, 0.1017, 0.2223, 0.1240, 0.1770,
        0.1435, 0.0509, 0.4078, 0.2082, 0.2280, 0.2649, 0.1202, 0.3542, 0.0760,
        0.1701, 0.2242, 0.2320, 0.1414, 0.3336, 0.2396, 0.2543, 0.2091, 0.0716,
        0.1030, 0.0518, 0.5371, 0.3720, 0.3226, 0.3698, 0.4626, 0.3993, 0.5870,
        0.4700, 0.0907, 0.1730, 0.2371, 0.2532, 0.1049, 0.0723, 0.1411, 0.4435,
        0.1341, 0.3599, 0.1810, 0.5052, 0.0650, 0.2310, 0.3722, 0.1039, 0.2455,
        0.2677, 0.1881, 0.3903, 0.1667, 0.4309, 0.4778, 0.1815, 0.1976, 0.0088,
        0.2850, 0.3094, 0.0127, 0.0191, 0.4701, 0.4702, 0.3302, 0.2499, 0.2628,
        0.0435, 0.0367, 0.0743, 0.1863, 0.0449, 0.1519, 0.4020, 0.1687, 0.2548,
        0.1619, 0.0112, 0.0835, 0.0845, 0.3741, 0.3518, 0.3594, 0.2597, 0.1049,
        0.1079, 0.1566, 0.1450, 0.0605, 0.1528, 0.5567, 0.2565, 0.1837, 0.0583,
        0.5489, 0.3604, 0.2757, 0.1435, 0.1838, 0.0974, 0.2300, 0.0794, 0.0328,
        0.1943, 0.0625, 0.1269, 0.2587, 0.3863, 0.2291, 0.1032, 0.5504, 0.0576,
        0.2264, 0.2050, 0.1700, 0.2421, 0.3877, 0.4827, 0.1776, 0.5668, 0.5891,
        0.2182, 0.1132, 0.2748, 0.1015, 0.0216, 0.1762, 0.1881, 0.2627, 0.1249,
        0.0824, 0.0486, 0.1822, 0.2127, 0.1573, 0.0209, 0.1626, 0.2483, 0.2124,
        0.4035, 0.1412, 0.0241, 0.2233, 0.1808, 0.3499, 0.0599, 0.3288, 0.2736,
        0.0519, 0.0898, 0.1145, 0.1873, 0.1947, 0.1225, 0.1988, 0.2546, 0.2560,
        0.1991, 0.2905, 0.2371, 0.1405, 0.1558, 0.1544, 0.0988, 0.1094, 0.0150,
        0.2331, 0.1744, 0.3404, 0.2346, 0.2685, 0.2638, 0.1554])",0.09548931985738732,"tensor([ 0.3568,  0.3970,  0.2785,  0.2445,  0.1188,  0.5733,  0.5700,  0.3781,
         0.0167,  0.2239,  0.1827,  0.0993,  0.2102,  0.1887,  0.0860,  0.2644,
         0.4896, -0.0097,  0.0669,  0.4181,  0.4028,  0.1480,  0.2690,  0.2140,
         0.2046,  0.2753,  0.2953,  0.2783,  0.3558,  0.2230,  0.2298,  0.0265,
         0.2214,  0.0918,  0.3187,  0.2332,  0.2195,  0.5260,  0.0459,  0.2344,
         0.1494,  0.4501,  0.1318,  0.2559,  0.2231,  0.2393,  0.1471,  0.2385,
         0.1156,  0.1452,  0.0746,  0.1364,  0.2820,  0.1348,  0.2127,  0.3023,
         0.1491,  0.1849,  0.0579,  0.0771,  0.2160,  0.1197,  0.2489,  0.1016,
         0.3802,  0.2416,  0.0917,  0.3583,  0.5119,  0.0890,  0.1957,  0.1000,
         0.2430,  0.1422,  0.2061,  0.0715,  0.0722,  0.0114,  0.1532, -0.0038,
         0.3176,  0.0236,  0.0182,  0.0934,  0.0620,  0.2855,  0.1714,  0.4974,
         0.1514,  0.0607,  0.2831,  0.0193,  0.2296,  0.0725,  0.0801,  0.1340,
         0.0173,  0.0795,  0.3246,  0.2383,  0.3227,  0.2722,  0.0850,  0.1648,
         0.2514,  0.2689,  0.0523,  0.2195,  0.1256,  0.2788,  0.2590,  0.3260,
         0.4948,  0.5426,  0.1165,  0.3781,  0.3162,  0.1771,  0.1148,  0.5195,
         0.1980,  0.4451,  0.3010,  0.2641,  0.2710,  0.2544,  0.2719,  0.5704,
         0.1458,  0.0533,  0.1551,  0.4495,  0.4524,  0.1437,  0.0540,  0.2167,
         0.1307,  0.2754,  0.0624,  0.1923,  0.0856,  0.2172,  0.1229,  0.1750,
         0.1242,  0.0409,  0.4046,  0.1921,  0.2319,  0.2413,  0.1342,  0.3567,
         0.0791,  0.1848,  0.2270,  0.2412,  0.1478,  0.3228,  0.2387,  0.2565,
         0.2056,  0.0601,  0.0971,  0.0292,  0.5413,  0.3761,  0.3202,  0.3808,
         0.4725,  0.4067,  0.5799,  0.4665,  0.0910,  0.1705,  0.2320,  0.2104,
         0.0913,  0.0625,  0.1292,  0.4284,  0.1176,  0.3522,  0.1788,  0.4984,
         0.0563,  0.2227,  0.3565,  0.1035,  0.2427,  0.2720,  0.1881,  0.3922,
         0.1881,  0.4625,  0.4791,  0.1635,  0.1877,  0.0091,  0.2820,  0.2800,
         0.0012,  0.0289,  0.4760,  0.4745,  0.3398,  0.2596,  0.2521,  0.0605,
         0.0447,  0.0675,  0.1843,  0.0512,  0.1432,  0.4292,  0.1757,  0.2481,
         0.1498,  0.0023,  0.0608,  0.0834,  0.3617,  0.3392,  0.3552,  0.2535,
         0.1008,  0.1059,  0.1693,  0.1386,  0.0373,  0.1631,  0.5540,  0.2505,
         0.1826,  0.0449,  0.5472,  0.3677,  0.2578,  0.1510,  0.1967,  0.0982,
         0.2142,  0.0848,  0.0219,  0.1828,  0.0484,  0.1171,  0.2508,  0.3822,
         0.2249,  0.1262,  0.5441,  0.0731,  0.2416,  0.2123,  0.1593,  0.2558,
         0.3783,  0.4771,  0.1704,  0.5558,  0.5864,  0.2070,  0.0856,  0.2639,
         0.1099,  0.0128,  0.1681,  0.1792,  0.2688,  0.1129,  0.0886,  0.0589,
         0.1710,  0.2238,  0.1461,  0.0399,  0.1545,  0.2283,  0.2185,  0.4073,
         0.1290,  0.0104,  0.2037,  0.1688,  0.3448,  0.0499,  0.3246,  0.2684,
         0.0406,  0.0726,  0.1109,  0.2001,  0.2128,  0.1380,  0.1866,  0.2548,
         0.2527,  0.1803,  0.2869,  0.2409,  0.1285,  0.1507,  0.1509,  0.0951,
         0.1057,  0.0106,  0.2371,  0.1538,  0.3275,  0.2236,  0.2581,  0.2570,
         0.1419])"
12,12,0.09455994385391918,"tensor([0.3606, 0.4100, 0.2932, 0.2547, 0.1409, 0.5867, 0.5906, 0.3796, 0.0035,
        0.2299, 0.1734, 0.1019, 0.2202, 0.1976, 0.1058, 0.2545, 0.4957, 0.0067,
        0.0567, 0.4211, 0.4068, 0.1647, 0.2810, 0.2132, 0.2048, 0.2933, 0.3090,
        0.2796, 0.3686, 0.2301, 0.2442, 0.0373, 0.2117, 0.1068, 0.3312, 0.2614,
        0.2207, 0.5348, 0.0322, 0.2468, 0.1555, 0.4635, 0.1461, 0.2540, 0.2414,
        0.2515, 0.1286, 0.2485, 0.1306, 0.1401, 0.0735, 0.1478, 0.2880, 0.1501,
        0.2311, 0.3073, 0.1563, 0.1671, 0.0625, 0.0927, 0.2238, 0.1365, 0.2569,
        0.1158, 0.3882, 0.2511, 0.0819, 0.3553, 0.5219, 0.1196, 0.2112, 0.1233,
        0.2540, 0.1530, 0.2243, 0.0663, 0.0794, 0.0221, 0.1572, 0.0099, 0.3299,
        0.0160, 0.0193, 0.1087, 0.0814, 0.3012, 0.1717, 0.5061, 0.1782, 0.0594,
        0.2831, 0.0219, 0.2271, 0.0803, 0.0721, 0.1449, 0.0279, 0.0925, 0.3498,
        0.2468, 0.3258, 0.2763, 0.1007, 0.1613, 0.2688, 0.2869, 0.0608, 0.2082,
        0.1396, 0.2723, 0.2181, 0.3306, 0.5016, 0.5441, 0.1142, 0.3466, 0.3209,
        0.1803, 0.1138, 0.5230, 0.2098, 0.4648, 0.3147, 0.2779, 0.2865, 0.2827,
        0.2843, 0.5722, 0.1534, 0.0511, 0.1659, 0.4568, 0.4552, 0.1509, 0.0563,
        0.2296, 0.1592, 0.2728, 0.0434, 0.2004, 0.1027, 0.2239, 0.1220, 0.1823,
        0.1455, 0.0610, 0.4090, 0.2103, 0.2260, 0.2669, 0.1356, 0.3576, 0.0793,
        0.1750, 0.2289, 0.2342, 0.1477, 0.3390, 0.2455, 0.2588, 0.2124, 0.0718,
        0.1004, 0.0569, 0.5393, 0.3757, 0.3234, 0.3697, 0.4666, 0.4007, 0.5882,
        0.4716, 0.0963, 0.1765, 0.2401, 0.2741, 0.1064, 0.0730, 0.1458, 0.4471,
        0.1327, 0.3641, 0.1817, 0.5067, 0.0625, 0.2338, 0.3746, 0.1052, 0.2466,
        0.2715, 0.1946, 0.3918, 0.1704, 0.4359, 0.4783, 0.1802, 0.2017, 0.0112,
        0.2876, 0.3095, 0.0143, 0.0119, 0.4756, 0.4718, 0.3313, 0.2499, 0.2640,
        0.0411, 0.0427, 0.0739, 0.1919, 0.0457, 0.1540, 0.4268, 0.1729, 0.2591,
        0.1597, 0.0087, 0.0801, 0.0868, 0.3758, 0.3525, 0.3631, 0.2635, 0.1059,
        0.1138, 0.1687, 0.1495, 0.0583, 0.1561, 0.5589, 0.2583, 0.1856, 0.0568,
        0.5503, 0.3640, 0.2808, 0.1490, 0.1855, 0.0985, 0.2370, 0.0832, 0.0314,
        0.1984, 0.0615, 0.1302, 0.2571, 0.3910, 0.2315, 0.1071, 0.5542, 0.0640,
        0.2281, 0.2079, 0.1711, 0.2417, 0.3915, 0.4878, 0.1796, 0.5682, 0.5893,
        0.2208, 0.1129, 0.2761, 0.0972, 0.0236, 0.1792, 0.1869, 0.2676, 0.1287,
        0.0837, 0.0494, 0.1820, 0.2141, 0.1581, 0.0260, 0.1610, 0.2489, 0.2185,
        0.4064, 0.1460, 0.0251, 0.2253, 0.1841, 0.3540, 0.0578, 0.3333, 0.2773,
        0.0473, 0.0904, 0.1199, 0.1869, 0.1956, 0.1375, 0.2018, 0.2613, 0.2579,
        0.2065, 0.2931, 0.2384, 0.1420, 0.1570, 0.1600, 0.1026, 0.1065, 0.0100,
        0.2345, 0.1773, 0.3450, 0.2385, 0.2698, 0.2659, 0.1536])",0.09543106421118691,"tensor([ 0.3580,  0.3971,  0.2794,  0.2475,  0.1168,  0.5743,  0.5672,  0.3834,
         0.0124,  0.2235,  0.1837,  0.1051,  0.2130,  0.1943,  0.0915,  0.2667,
         0.4902, -0.0142,  0.0616,  0.4189,  0.4063,  0.1597,  0.2725,  0.2172,
         0.2025,  0.2787,  0.2947,  0.2918,  0.3569,  0.2217,  0.2227,  0.0286,
         0.2261,  0.0921,  0.3188,  0.2349,  0.2195,  0.5266,  0.0455,  0.2355,
         0.1580,  0.4512,  0.1349,  0.2608,  0.2288,  0.2400,  0.1439,  0.2440,
         0.1124,  0.1441,  0.0767,  0.1367,  0.2838,  0.1370,  0.2145,  0.3011,
         0.1459,  0.1844,  0.0483,  0.0785,  0.2221,  0.1174,  0.2506,  0.0937,
         0.3824,  0.2453,  0.0846,  0.3608,  0.5129,  0.1046,  0.1997,  0.1076,
         0.2462,  0.1515,  0.2102,  0.0753,  0.0730, -0.0059,  0.1566, -0.0057,
         0.3183,  0.0249,  0.0148,  0.0876,  0.0772,  0.2823,  0.1772,  0.4951,
         0.1563,  0.0525,  0.2824,  0.0300,  0.2268,  0.0710,  0.0760,  0.1411,
         0.0289,  0.0820,  0.3270,  0.2399,  0.3269,  0.2752,  0.0950,  0.1678,
         0.2514,  0.2732,  0.0619,  0.2182,  0.1213,  0.2816,  0.2575,  0.3247,
         0.4962,  0.5453,  0.1204,  0.3802,  0.3177,  0.1749,  0.1140,  0.5235,
         0.2051,  0.4479,  0.3066,  0.2651,  0.2702,  0.2516,  0.2750,  0.5719,
         0.1541,  0.0489,  0.1602,  0.4474,  0.4534,  0.1447,  0.0523,  0.2180,
         0.1383,  0.2757,  0.0750,  0.1924,  0.0916,  0.2207,  0.1167,  0.1683,
         0.1271,  0.0417,  0.4065,  0.1899,  0.2256,  0.2419,  0.1368,  0.3600,
         0.0838,  0.1908,  0.2258,  0.2406,  0.1483,  0.3244,  0.2368,  0.2649,
         0.2041,  0.0608,  0.0980,  0.0563,  0.5414,  0.3769,  0.3225,  0.3867,
         0.4735,  0.4103,  0.5820,  0.4665,  0.0912,  0.1748,  0.2308,  0.2079,
         0.0960,  0.0710,  0.1413,  0.4315,  0.1184,  0.3537,  0.1805,  0.4998,
         0.0481,  0.2210,  0.3596,  0.0964,  0.2450,  0.2712,  0.1873,  0.3954,
         0.1846,  0.4648,  0.4807,  0.1632,  0.1924,  0.0114,  0.2847,  0.2786,
         0.0092,  0.0295,  0.4798,  0.4742,  0.3399,  0.2604,  0.2534,  0.0686,
         0.0391,  0.0655,  0.1837,  0.0552,  0.1474,  0.4380,  0.1808,  0.2531,
         0.1490,  0.0084,  0.0773,  0.0859,  0.3637,  0.3410,  0.3559,  0.2541,
         0.0959,  0.1121,  0.1763,  0.1400,  0.0422,  0.1625,  0.5562,  0.2613,
         0.1844,  0.0498,  0.5477,  0.3738,  0.2576,  0.1505,  0.1968,  0.0973,
         0.2158,  0.0923,  0.0168,  0.1873,  0.0511,  0.1161,  0.2517,  0.3837,
         0.2260,  0.1267,  0.5453,  0.0806,  0.2424,  0.2073,  0.1579,  0.2610,
         0.3785,  0.4788,  0.1713,  0.5552,  0.5864,  0.2066,  0.0894,  0.2675,
         0.0950,  0.0104,  0.1747,  0.1783,  0.2697,  0.1272,  0.0851,  0.0667,
         0.1623,  0.2263,  0.1432,  0.0327,  0.1599,  0.2327,  0.2223,  0.4073,
         0.1328,  0.0072,  0.2073,  0.1694,  0.3464,  0.0505,  0.3269,  0.2743,
         0.0438,  0.0727,  0.1108,  0.1992,  0.2122,  0.1446,  0.1904,  0.2609,
         0.2548,  0.1941,  0.2914,  0.2377,  0.1256,  0.1489,  0.1542,  0.0963,
         0.1075,  0.0071,  0.2401,  0.1523,  0.3278,  0.2269,  0.2584,  0.2603,
         0.1430])"
13,13,0.09443160731401017,"tensor([0.3627, 0.4122, 0.2962, 0.2577, 0.1359, 0.5885, 0.5881, 0.3839, 0.0023,
        0.2329, 0.1783, 0.1073, 0.2248, 0.2081, 0.1055, 0.2590, 0.4967, 0.0141,
        0.0627, 0.4235, 0.4099, 0.1695, 0.2852, 0.2177, 0.2061, 0.2981, 0.3109,
        0.2853, 0.3722, 0.2331, 0.2441, 0.0391, 0.2174, 0.1098, 0.3342, 0.2669,
        0.2242, 0.5344, 0.0341, 0.2484, 0.1553, 0.4656, 0.1482, 0.2561, 0.2446,
        0.2529, 0.1361, 0.2557, 0.1284, 0.1380, 0.0750, 0.1513, 0.2887, 0.1496,
        0.2316, 0.3076, 0.1587, 0.1749, 0.0647, 0.0954, 0.2268, 0.1390, 0.2598,
        0.1152, 0.3885, 0.2539, 0.0914, 0.3580, 0.5248, 0.1163, 0.2179, 0.1177,
        0.2558, 0.1582, 0.2280, 0.0657, 0.0808, 0.0196, 0.1701, 0.0083, 0.3321,
        0.0187, 0.0160, 0.1135, 0.0863, 0.3022, 0.1746, 0.5068, 0.1783, 0.0582,
        0.2860, 0.0205, 0.2317, 0.0768, 0.0776, 0.1459, 0.0389, 0.0941, 0.3514,
        0.2484, 0.3282, 0.2782, 0.1067, 0.1603, 0.2737, 0.2909, 0.0665, 0.2114,
        0.1452, 0.2737, 0.2192, 0.3311, 0.5037, 0.5463, 0.1209, 0.3483, 0.3265,
        0.1807, 0.1153, 0.5235, 0.2128, 0.4674, 0.3215, 0.2804, 0.2914, 0.2861,
        0.2872, 0.5727, 0.1605, 0.0508, 0.1673, 0.4581, 0.4588, 0.1565, 0.0577,
        0.2318, 0.1591, 0.2789, 0.0542, 0.2032, 0.1082, 0.2276, 0.1230, 0.1831,
        0.1466, 0.0586, 0.4099, 0.2123, 0.2288, 0.2706, 0.1359, 0.3598, 0.0839,
        0.1770, 0.2315, 0.2349, 0.1501, 0.3433, 0.2517, 0.2626, 0.2160, 0.0731,
        0.1033, 0.0553, 0.5407, 0.3781, 0.3285, 0.3727, 0.4691, 0.4060, 0.5899,
        0.4731, 0.0919, 0.1796, 0.2415, 0.2785, 0.1117, 0.0818, 0.1458, 0.4478,
        0.1353, 0.3668, 0.1823, 0.5085, 0.0648, 0.2358, 0.3779, 0.1095, 0.2487,
        0.2757, 0.1994, 0.3952, 0.1850, 0.4393, 0.4802, 0.1906, 0.2038, 0.0063,
        0.2904, 0.3105, 0.0108, 0.0210, 0.4824, 0.4740, 0.3339, 0.2515, 0.2650,
        0.0475, 0.0456, 0.0784, 0.1974, 0.0530, 0.1578, 0.4314, 0.1767, 0.2628,
        0.1612, 0.0151, 0.0842, 0.0872, 0.3772, 0.3538, 0.3658, 0.2643, 0.1087,
        0.1168, 0.1777, 0.1523, 0.0547, 0.1587, 0.5597, 0.2623, 0.1891, 0.0560,
        0.5515, 0.3671, 0.2824, 0.1475, 0.1883, 0.1012, 0.2398, 0.0865, 0.0309,
        0.2004, 0.0636, 0.1360, 0.2614, 0.3941, 0.2367, 0.1123, 0.5554, 0.0590,
        0.2315, 0.2073, 0.1727, 0.2405, 0.3940, 0.4913, 0.1814, 0.5695, 0.5921,
        0.2214, 0.1184, 0.2793, 0.1014, 0.0119, 0.1832, 0.1893, 0.2675, 0.1273,
        0.0898, 0.0531, 0.1814, 0.2145, 0.1598, 0.0239, 0.1666, 0.2521, 0.2242,
        0.4080, 0.1432, 0.0281, 0.2282, 0.1851, 0.3568, 0.0645, 0.3357, 0.2780,
        0.0522, 0.0926, 0.1219, 0.1927, 0.1975, 0.1381, 0.2025, 0.2671, 0.2594,
        0.2098, 0.2942, 0.2398, 0.1443, 0.1615, 0.1637, 0.1083, 0.1111, 0.0060,
        0.2391, 0.1764, 0.3491, 0.2407, 0.2714, 0.2682, 0.1598])",0.09532597616669677,"tensor([ 3.6076e-01,  3.9787e-01,  2.8093e-01,  2.4935e-01,  1.1935e-01,
         5.7583e-01,  5.6501e-01,  3.8670e-01,  1.3468e-02,  2.2383e-01,
         1.8378e-01,  1.0286e-01,  2.0883e-01,  1.9483e-01,  9.3571e-02,
         2.6678e-01,  4.9052e-01, -1.1615e-02,  6.6299e-02,  4.2034e-01,
         4.0726e-01,  1.6649e-01,  2.7514e-01,  2.1783e-01,  2.0315e-01,
         2.7896e-01,  2.9762e-01,  2.9403e-01,  3.5555e-01,  2.2465e-01,
         2.3144e-01,  2.9892e-02,  2.2609e-01,  9.7449e-02,  3.2167e-01,
         2.3370e-01,  2.2265e-01,  5.2878e-01,  2.7691e-02,  2.4108e-01,
         1.4479e-01,  4.5158e-01,  1.3485e-01,  2.6167e-01,  2.3321e-01,
         2.3950e-01,  1.4504e-01,  2.5136e-01,  1.2059e-01,  1.4327e-01,
         7.0672e-02,  1.3943e-01,  2.8252e-01,  1.4031e-01,  2.1413e-01,
         3.0153e-01,  1.4807e-01,  1.9412e-01,  5.4353e-02,  8.1361e-02,
         2.2019e-01,  1.2272e-01,  2.5540e-01,  1.0623e-01,  3.8474e-01,
         2.3972e-01,  8.9056e-02,  3.5977e-01,  5.1652e-01,  1.1090e-01,
         2.0328e-01,  1.0261e-01,  2.4854e-01,  1.4943e-01,  2.1606e-01,
         6.4650e-02,  6.8772e-02,  5.2454e-03,  1.7411e-01, -7.9861e-04,
         3.1913e-01,  2.1536e-02,  1.6211e-02,  9.3428e-02,  6.8908e-02,
         2.8780e-01,  1.7788e-01,  4.9820e-01,  1.5303e-01,  4.4573e-02,
         2.8605e-01,  6.3714e-03,  2.3264e-01,  7.7133e-02,  6.9114e-02,
         1.3765e-01,  2.2216e-02,  8.2618e-02,  3.2834e-01,  2.4172e-01,
         3.2713e-01,  2.7724e-01,  9.4506e-02,  1.7052e-01,  2.4971e-01,
         2.7275e-01,  6.0319e-02,  2.1685e-01,  1.2850e-01,  2.8292e-01,
         2.6364e-01,  3.2717e-01,  4.9715e-01,  5.4622e-01,  1.2070e-01,
         3.7908e-01,  3.2717e-01,  1.7441e-01,  1.0872e-01,  5.2460e-01,
         2.0324e-01,  4.5024e-01,  3.0632e-01,  2.6811e-01,  2.7649e-01,
         2.5910e-01,  2.7970e-01,  5.7188e-01,  1.5504e-01,  5.0937e-02,
         1.5732e-01,  4.5075e-01,  4.5600e-01,  1.4690e-01,  4.1211e-02,
         2.1896e-01,  1.3871e-01,  2.7978e-01,  7.4315e-02,  1.9768e-01,
         9.0750e-02,  2.2108e-01,  1.2720e-01,  1.8092e-01,  1.2908e-01,
         4.3389e-02,  4.0624e-01,  1.9616e-01,  2.3063e-01,  2.4504e-01,
         1.4253e-01,  3.6020e-01,  7.9930e-02,  1.9413e-01,  2.2888e-01,
         2.4526e-01,  1.4785e-01,  3.2414e-01,  2.3765e-01,  2.6986e-01,
         1.9608e-01,  6.3917e-02,  1.0387e-01,  5.5178e-02,  5.4372e-01,
         3.7421e-01,  3.2575e-01,  3.8639e-01,  4.7432e-01,  4.1286e-01,
         5.8217e-01,  4.6826e-01,  9.1821e-02,  1.7493e-01,  2.3478e-01,
         2.1816e-01,  9.5802e-02,  7.5897e-02,  1.4395e-01,  4.3286e-01,
         1.2076e-01,  3.5604e-01,  1.8188e-01,  5.0068e-01,  5.1570e-02,
         2.2575e-01,  3.5759e-01,  1.0205e-01,  2.4587e-01,  2.7447e-01,
         1.9552e-01,  3.9551e-01,  2.0188e-01,  4.7424e-01,  4.8136e-01,
         1.6780e-01,  1.8688e-01,  2.1445e-02,  2.8640e-01,  2.8342e-01,
        -2.7559e-04,  1.8881e-02,  4.8780e-01,  4.7561e-01,  3.4320e-01,
         2.6243e-01,  2.5589e-01,  3.3822e-02,  4.6563e-02,  6.7814e-02,
         1.9824e-01,  5.1920e-02,  1.4833e-01,  4.2899e-01,  1.8705e-01,
         2.5372e-01,  1.5128e-01,  1.6824e-03,  7.9330e-02,  8.5130e-02,
         3.6129e-01,  3.4035e-01,  3.5831e-01,  2.5480e-01,  1.0412e-01,
         1.1316e-01,  1.7735e-01,  1.3828e-01,  3.4709e-02,  1.6634e-01,
         5.5765e-01,  2.6100e-01,  1.8987e-01,  5.3718e-02,  5.5019e-01,
         3.7151e-01,  2.6149e-01,  1.5259e-01,  1.9644e-01,  1.0438e-01,
         2.1530e-01,  9.4057e-02,  2.3086e-02,  1.9243e-01,  4.8509e-02,
         1.2225e-01,  2.5366e-01,  3.8735e-01,  2.2845e-01,  1.3829e-01,
         5.4673e-01,  8.0348e-02,  2.4020e-01,  2.0534e-01,  1.5822e-01,
         2.5756e-01,  3.8246e-01,  4.8204e-01,  1.7361e-01,  5.5579e-01,
         5.8754e-01,  2.1033e-01,  9.7055e-02,  2.6769e-01,  1.0966e-01,
         1.6862e-02,  1.7789e-01,  1.8080e-01,  2.6818e-01,  1.2463e-01,
         7.3894e-02,  5.7011e-02,  1.7277e-01,  2.2774e-01,  1.4611e-01,
         3.3980e-02,  1.6968e-01,  2.2939e-01,  2.2525e-01,  4.0957e-01,
         1.3402e-01,  1.1912e-02,  2.0561e-01,  1.6997e-01,  3.5023e-01,
         5.3349e-02,  3.3073e-01,  2.7394e-01,  3.6080e-02,  7.9743e-02,
         1.1820e-01,  1.9947e-01,  2.1319e-01,  1.4728e-01,  1.8806e-01,
         2.6315e-01,  2.5267e-01,  1.9798e-01,  2.8871e-01,  2.4575e-01,
         1.3121e-01,  1.5077e-01,  1.5278e-01,  9.8567e-02,  1.1688e-01,
         5.6445e-03,  2.4369e-01,  1.4984e-01,  3.2782e-01,  2.2930e-01,
         2.6008e-01,  2.6030e-01,  1.4618e-01])"
14,14,0.09431278452054778,"tensor([0.3660, 0.4134, 0.2998, 0.2580, 0.1436, 0.5900, 0.5859, 0.3882, 0.0018,
        0.2336, 0.1776, 0.1033, 0.2284, 0.2081, 0.1069, 0.2620, 0.4987, 0.0124,
        0.0583, 0.4232, 0.4115, 0.1732, 0.2881, 0.2226, 0.2107, 0.3014, 0.3125,
        0.2891, 0.3753, 0.2353, 0.2496, 0.0363, 0.2157, 0.1128, 0.3353, 0.2682,
        0.2240, 0.5371, 0.0299, 0.2533, 0.1579, 0.4674, 0.1502, 0.2600, 0.2469,
        0.2544, 0.1365, 0.2565, 0.1359, 0.1410, 0.0890, 0.1560, 0.2906, 0.1516,
        0.2352, 0.3100, 0.1631, 0.1713, 0.0634, 0.0898, 0.2316, 0.1416, 0.2630,
        0.1188, 0.3924, 0.2565, 0.0940, 0.3576, 0.5266, 0.1194, 0.2204, 0.1262,
        0.2592, 0.1607, 0.2309, 0.0710, 0.0809, 0.0192, 0.1788, 0.0076, 0.3332,
        0.0213, 0.0197, 0.1166, 0.0914, 0.3032, 0.1804, 0.5088, 0.1806, 0.0588,
        0.2881, 0.0249, 0.2303, 0.0836, 0.0663, 0.1487, 0.0332, 0.1001, 0.3546,
        0.2514, 0.3303, 0.2810, 0.1066, 0.1656, 0.2793, 0.2899, 0.0597, 0.2130,
        0.1440, 0.2768, 0.2223, 0.3328, 0.5040, 0.5473, 0.1201, 0.3499, 0.3317,
        0.1851, 0.1230, 0.5248, 0.2159, 0.4679, 0.3247, 0.2832, 0.2928, 0.2872,
        0.2886, 0.5744, 0.1599, 0.0485, 0.1701, 0.4596, 0.4601, 0.1600, 0.0620,
        0.2337, 0.1659, 0.2772, 0.0595, 0.2045, 0.1071, 0.2300, 0.1294, 0.1884,
        0.1569, 0.0587, 0.4137, 0.2133, 0.2267, 0.2695, 0.1375, 0.3613, 0.0865,
        0.1778, 0.2328, 0.2348, 0.1496, 0.3454, 0.2523, 0.2647, 0.2163, 0.0704,
        0.1048, 0.0578, 0.5432, 0.3783, 0.3306, 0.3748, 0.4716, 0.4067, 0.5904,
        0.4730, 0.0938, 0.1792, 0.2442, 0.2754, 0.1127, 0.0758, 0.1526, 0.4488,
        0.1388, 0.3690, 0.1836, 0.5108, 0.0687, 0.2383, 0.3798, 0.1123, 0.2506,
        0.2746, 0.2026, 0.3973, 0.1789, 0.4473, 0.4822, 0.1909, 0.2046, 0.0086,
        0.2930, 0.3159, 0.0059, 0.0225, 0.4878, 0.4757, 0.3357, 0.2552, 0.2674,
        0.0507, 0.0393, 0.0750, 0.2063, 0.0560, 0.1550, 0.4423, 0.1780, 0.2641,
        0.1659, 0.0116, 0.0851, 0.0895, 0.3795, 0.3567, 0.3671, 0.2678, 0.1112,
        0.1244, 0.1717, 0.1536, 0.0642, 0.1603, 0.5621, 0.2630, 0.1909, 0.0548,
        0.5537, 0.3696, 0.2850, 0.1532, 0.1911, 0.1010, 0.2431, 0.0782, 0.0319,
        0.2032, 0.0635, 0.1345, 0.2625, 0.3973, 0.2389, 0.1245, 0.5581, 0.0721,
        0.2343, 0.2106, 0.1736, 0.2450, 0.3967, 0.4917, 0.1839, 0.5711, 0.5923,
        0.2259, 0.1164, 0.2806, 0.1028, 0.0206, 0.1840, 0.1900, 0.2690, 0.1314,
        0.0988, 0.0430, 0.1854, 0.2187, 0.1612, 0.0275, 0.1710, 0.2531, 0.2239,
        0.4099, 0.1468, 0.0185, 0.2313, 0.1881, 0.3605, 0.0571, 0.3395, 0.2793,
        0.0519, 0.0964, 0.1168, 0.1903, 0.1998, 0.1415, 0.2067, 0.2708, 0.2616,
        0.2216, 0.2975, 0.2420, 0.1485, 0.1652, 0.1647, 0.1113, 0.1148, 0.0115,
        0.2417, 0.1784, 0.3515, 0.2449, 0.2730, 0.2694, 0.1622])",0.095254922285676,"tensor([ 3.6294e-01,  3.9917e-01,  2.8202e-01,  2.5044e-01,  1.1675e-01,
         5.7600e-01,  5.7316e-01,  3.9258e-01,  1.4236e-02,  2.2331e-01,
         1.8476e-01,  1.0419e-01,  2.1630e-01,  2.0446e-01,  9.4440e-02,
         2.6860e-01,  4.9288e-01, -1.8292e-02,  6.8289e-02,  4.2154e-01,
         4.0708e-01,  1.6656e-01,  2.7545e-01,  2.2410e-01,  1.9981e-01,
         2.8046e-01,  2.9920e-01,  2.9251e-01,  3.5949e-01,  2.2510e-01,
         2.3261e-01,  2.9842e-02,  2.3417e-01,  9.4195e-02,  3.2213e-01,
         2.3382e-01,  2.1949e-01,  5.3012e-01,  3.8207e-02,  2.3801e-01,
         1.5443e-01,  4.5314e-01,  1.3613e-01,  2.6423e-01,  2.3193e-01,
         2.4091e-01,  1.4334e-01,  2.4958e-01,  1.1953e-01,  1.4360e-01,
         7.9999e-02,  1.3915e-01,  2.8468e-01,  1.3969e-01,  2.1299e-01,
         3.0283e-01,  1.5125e-01,  1.7902e-01,  5.8007e-02,  7.9217e-02,
         2.2450e-01,  1.2340e-01,  2.5480e-01,  1.0827e-01,  3.8577e-01,
         2.4720e-01,  8.3681e-02,  3.6333e-01,  5.1551e-01,  1.0154e-01,
         2.0923e-01,  1.0323e-01,  2.5018e-01,  1.2683e-01,  2.1868e-01,
         8.2747e-02,  6.6002e-02,  1.5163e-02,  1.8234e-01,  3.3219e-03,
         3.1945e-01,  2.5132e-02,  1.3803e-02,  9.1932e-02,  7.4724e-02,
         2.8585e-01,  1.7864e-01,  4.9993e-01,  1.4942e-01,  6.1785e-02,
         2.8523e-01,  2.3750e-02,  2.2740e-01,  7.4018e-02,  6.5537e-02,
         1.4715e-01,  1.9012e-02,  7.3811e-02,  3.2907e-01,  2.4309e-01,
         3.2759e-01,  2.7836e-01,  9.9923e-02,  1.6885e-01,  2.5086e-01,
         2.7320e-01,  6.9516e-02,  2.1962e-01,  1.2512e-01,  2.8804e-01,
         2.7058e-01,  3.2828e-01,  4.9661e-01,  5.4633e-01,  1.1826e-01,
         3.8459e-01,  3.2930e-01,  1.7908e-01,  1.1119e-01,  5.2622e-01,
         2.0409e-01,  4.4914e-01,  3.0951e-01,  2.6439e-01,  2.7636e-01,
         2.5887e-01,  2.7893e-01,  5.7331e-01,  1.5582e-01,  6.0584e-02,
         1.6111e-01,  4.5150e-01,  4.5702e-01,  1.4732e-01,  5.3702e-02,
         2.2032e-01,  1.4048e-01,  2.7979e-01,  4.7577e-02,  1.9598e-01,
         9.5849e-02,  2.2325e-01,  1.3096e-01,  1.8397e-01,  1.3278e-01,
         4.7809e-02,  4.0793e-01,  1.9677e-01,  2.2843e-01,  2.4255e-01,
         1.4256e-01,  3.6135e-01,  8.2383e-02,  1.9620e-01,  2.2700e-01,
         2.4360e-01,  1.4874e-01,  3.2709e-01,  2.3836e-01,  2.7008e-01,
         2.1158e-01,  6.9787e-02,  1.0841e-01,  5.5025e-02,  5.4505e-01,
         3.7726e-01,  3.2090e-01,  3.8739e-01,  4.7581e-01,  4.1153e-01,
         5.8157e-01,  4.6867e-01,  9.3404e-02,  1.7505e-01,  2.3688e-01,
         2.1987e-01,  9.3362e-02,  8.3465e-02,  1.4322e-01,  4.3675e-01,
         1.2096e-01,  3.5192e-01,  1.8385e-01,  5.0120e-01,  6.1797e-02,
         2.2630e-01,  3.5955e-01,  1.1157e-01,  2.4580e-01,  2.6814e-01,
         1.9576e-01,  3.9841e-01,  2.0352e-01,  4.7511e-01,  4.8170e-01,
         1.6643e-01,  1.9329e-01,  1.7947e-04,  2.8660e-01,  2.8402e-01,
        -3.2436e-03,  2.4803e-02,  4.8984e-01,  4.7746e-01,  3.4444e-01,
         2.6190e-01,  2.5647e-01,  6.1262e-02,  4.4013e-02,  7.0796e-02,
         1.9630e-01,  4.5980e-02,  1.4807e-01,  4.5515e-01,  1.8995e-01,
         2.5630e-01,  1.5148e-01,  4.2725e-03,  5.0723e-02,  8.9116e-02,
         3.6406e-01,  3.3987e-01,  3.5865e-01,  2.5551e-01,  1.0569e-01,
         1.1396e-01,  1.8453e-01,  1.4228e-01,  4.6361e-02,  1.7031e-01,
         5.5747e-01,  2.6176e-01,  1.9086e-01,  5.7791e-02,  5.5052e-01,
         3.7635e-01,  2.6238e-01,  1.5212e-01,  1.9794e-01,  9.5480e-02,
         2.2047e-01,  9.7995e-02,  2.7755e-02,  1.9445e-01,  4.6962e-02,
         1.2557e-01,  2.5402e-01,  3.8924e-01,  2.2701e-01,  1.4469e-01,
         5.4835e-01,  9.0429e-02,  2.4581e-01,  2.1575e-01,  1.6064e-01,
         2.6256e-01,  3.8533e-01,  4.8598e-01,  1.7462e-01,  5.5879e-01,
         5.8665e-01,  2.1560e-01,  9.7569e-02,  2.6796e-01,  1.1052e-01,
         9.8240e-03,  1.7204e-01,  1.8052e-01,  2.7275e-01,  1.2771e-01,
         8.8202e-02,  6.1300e-02,  1.7764e-01,  2.2782e-01,  1.4437e-01,
         3.9804e-02,  1.7011e-01,  2.3254e-01,  2.3111e-01,  4.0799e-01,
         1.3712e-01,  1.0534e-02,  2.0627e-01,  1.7493e-01,  3.5475e-01,
         5.6193e-02,  3.3420e-01,  2.7714e-01,  4.0525e-02,  8.3017e-02,
         1.1429e-01,  2.0521e-01,  2.1587e-01,  1.4818e-01,  1.9133e-01,
         2.6791e-01,  2.5728e-01,  2.0819e-01,  2.8908e-01,  2.4616e-01,
         1.3237e-01,  1.5380e-01,  1.5379e-01,  9.8139e-02,  1.1691e-01,
         4.6036e-03,  2.4403e-01,  1.5731e-01,  3.3189e-01,  2.2893e-01,
         2.6122e-01,  2.6106e-01,  1.4666e-01])"
15,15,0.09421644448789197,"tensor([0.3675, 0.4144, 0.3007, 0.2632, 0.1440, 0.5912, 0.5923, 0.3920, 0.0073,
        0.2353, 0.1826, 0.1050, 0.2317, 0.2090, 0.1098, 0.2597, 0.4990, 0.0105,
        0.0620, 0.4282, 0.4145, 0.1723, 0.2894, 0.2250, 0.2124, 0.3013, 0.3142,
        0.2931, 0.3759, 0.2388, 0.2515, 0.0386, 0.2183, 0.1153, 0.3371, 0.2718,
        0.2262, 0.5380, 0.0308, 0.2516, 0.1610, 0.4693, 0.1518, 0.2600, 0.2490,
        0.2559, 0.1386, 0.2636, 0.1372, 0.1427, 0.0857, 0.1582, 0.2947, 0.1544,
        0.2369, 0.3117, 0.1644, 0.1801, 0.0600, 0.0938, 0.2301, 0.1457, 0.2650,
        0.1197, 0.3947, 0.2588, 0.0943, 0.3610, 0.5283, 0.1249, 0.2233, 0.1382,
        0.2590, 0.1657, 0.2381, 0.0784, 0.0815, 0.0212, 0.1841, 0.0022, 0.3345,
        0.0225, 0.0183, 0.1184, 0.0933, 0.3055, 0.1796, 0.5097, 0.1816, 0.0660,
        0.2889, 0.0268, 0.2308, 0.0855, 0.0724, 0.1505, 0.0271, 0.0965, 0.3553,
        0.2519, 0.3321, 0.2827, 0.1090, 0.1661, 0.2806, 0.2931, 0.0642, 0.2138,
        0.1472, 0.2785, 0.2244, 0.3337, 0.5058, 0.5491, 0.1244, 0.3544, 0.3354,
        0.1863, 0.1261, 0.5267, 0.2145, 0.4695, 0.3297, 0.2840, 0.2963, 0.2927,
        0.2906, 0.5748, 0.1648, 0.0544, 0.1725, 0.4609, 0.4621, 0.1622, 0.0529,
        0.2346, 0.1673, 0.2793, 0.0566, 0.2069, 0.1110, 0.2284, 0.1281, 0.1920,
        0.1583, 0.0623, 0.4155, 0.2180, 0.2249, 0.2700, 0.1454, 0.3618, 0.0933,
        0.1858, 0.2337, 0.2367, 0.1476, 0.3479, 0.2561, 0.2706, 0.2217, 0.0671,
        0.1101, 0.0628, 0.5448, 0.3821, 0.3281, 0.3769, 0.4717, 0.4101, 0.5916,
        0.4742, 0.0910, 0.1806, 0.2415, 0.2663, 0.1133, 0.0929, 0.1542, 0.4513,
        0.1392, 0.3711, 0.1856, 0.5113, 0.0690, 0.2417, 0.3805, 0.1148, 0.2512,
        0.2760, 0.2055, 0.3977, 0.1889, 0.4492, 0.4826, 0.1893, 0.2087, 0.0041,
        0.2937, 0.3170, 0.0139, 0.0185, 0.4930, 0.4771, 0.3379, 0.2559, 0.2678,
        0.0487, 0.0392, 0.0762, 0.2088, 0.0557, 0.1568, 0.4473, 0.1788, 0.2661,
        0.1641, 0.0121, 0.0758, 0.0912, 0.3813, 0.3594, 0.3696, 0.2690, 0.1119,
        0.1289, 0.1815, 0.1557, 0.0576, 0.1623, 0.5620, 0.2664, 0.1919, 0.0597,
        0.5537, 0.3724, 0.2855, 0.1516, 0.1912, 0.0981, 0.2446, 0.0826, 0.0366,
        0.2046, 0.0712, 0.1408, 0.2629, 0.4010, 0.2414, 0.1240, 0.5588, 0.0722,
        0.2359, 0.2118, 0.1758, 0.2449, 0.3984, 0.4959, 0.1850, 0.5715, 0.5936,
        0.2303, 0.1204, 0.2828, 0.1047, 0.0185, 0.1875, 0.1906, 0.2708, 0.1301,
        0.0977, 0.0591, 0.1875, 0.2221, 0.1637, 0.0300, 0.1717, 0.2547, 0.2298,
        0.4097, 0.1502, 0.0304, 0.2299, 0.1891, 0.3625, 0.0628, 0.3417, 0.2808,
        0.0548, 0.1016, 0.1229, 0.1959, 0.1974, 0.1420, 0.2091, 0.2752, 0.2630,
        0.2238, 0.2970, 0.2435, 0.1477, 0.1663, 0.1635, 0.1085, 0.1151, 0.0116,
        0.2443, 0.1827, 0.3539, 0.2462, 0.2730, 0.2725, 0.1646])",0.09521557044770036,"tensor([ 3.6383e-01,  4.0056e-01,  2.8460e-01,  2.5491e-01,  1.2116e-01,
         5.7498e-01,  5.6769e-01,  3.9441e-01,  1.8519e-02,  2.2026e-01,
         1.8735e-01,  1.0152e-01,  2.2027e-01,  1.9122e-01,  9.2415e-02,
         2.5986e-01,  4.9263e-01, -1.5319e-02,  6.7541e-02,  4.2411e-01,
         4.0618e-01,  1.7136e-01,  2.7748e-01,  2.1273e-01,  2.0473e-01,
         2.7508e-01,  3.0149e-01,  3.0177e-01,  3.5953e-01,  2.2829e-01,
         2.3227e-01,  3.5181e-02,  2.3161e-01,  9.7659e-02,  3.2331e-01,
         2.4025e-01,  2.2030e-01,  5.2767e-01,  3.8629e-02,  2.4036e-01,
         1.6857e-01,  4.5328e-01,  1.3547e-01,  2.6360e-01,  2.3221e-01,
         2.4161e-01,  1.4390e-01,  2.5977e-01,  1.1299e-01,  1.4709e-01,
         7.6350e-02,  1.4040e-01,  2.8596e-01,  1.4063e-01,  2.1392e-01,
         3.0270e-01,  1.5436e-01,  1.9469e-01,  4.8495e-02,  7.8659e-02,
         2.2248e-01,  1.1907e-01,  2.5163e-01,  1.1096e-01,  3.8598e-01,
         2.4433e-01,  7.9396e-02,  3.6305e-01,  5.1822e-01,  1.1342e-01,
         2.1337e-01,  1.0573e-01,  2.5274e-01,  1.4787e-01,  2.0964e-01,
         7.1554e-02,  7.2917e-02,  4.4632e-03,  1.8803e-01,  1.2157e-03,
         3.1898e-01,  1.7547e-02,  1.3971e-02,  1.0047e-01,  7.3184e-02,
         2.8744e-01,  1.7897e-01,  4.9958e-01,  1.5688e-01,  4.7005e-02,
         2.8641e-01,  2.3763e-02,  2.3081e-01,  8.0703e-02,  8.0749e-02,
         1.3959e-01,  3.1666e-02,  8.2693e-02,  3.3136e-01,  2.3984e-01,
         3.3020e-01,  2.8034e-01,  9.7951e-02,  1.7154e-01,  2.5584e-01,
         2.7114e-01,  6.1067e-02,  2.1940e-01,  1.2550e-01,  2.8819e-01,
         2.7432e-01,  3.2944e-01,  4.9729e-01,  5.4817e-01,  1.2020e-01,
         3.8314e-01,  3.3192e-01,  1.7743e-01,  1.1522e-01,  5.2658e-01,
         2.0361e-01,  4.4961e-01,  3.1393e-01,  2.6581e-01,  2.7233e-01,
         2.6344e-01,  2.7827e-01,  5.7304e-01,  1.4140e-01,  6.4885e-02,
         1.6343e-01,  4.5247e-01,  4.6010e-01,  1.4943e-01,  4.7339e-02,
         2.2116e-01,  1.4020e-01,  2.8155e-01,  6.5604e-02,  1.9802e-01,
         9.7537e-02,  2.2531e-01,  1.2474e-01,  1.8435e-01,  1.3351e-01,
         4.4465e-02,  4.0987e-01,  1.9631e-01,  2.2780e-01,  2.4382e-01,
         1.4549e-01,  3.6352e-01,  7.8205e-02,  2.0094e-01,  2.2492e-01,
         2.4340e-01,  1.4962e-01,  3.3396e-01,  2.4572e-01,  2.7574e-01,
         2.1289e-01,  5.4848e-02,  1.0237e-01,  5.1439e-02,  5.4766e-01,
         3.7975e-01,  3.2673e-01,  3.9003e-01,  4.7874e-01,  4.1764e-01,
         5.8252e-01,  4.6878e-01,  9.2995e-02,  1.7258e-01,  2.3567e-01,
         2.1615e-01,  9.8908e-02,  8.0839e-02,  1.4447e-01,  4.3593e-01,
         1.2472e-01,  3.5910e-01,  1.8447e-01,  5.0180e-01,  6.0064e-02,
         2.2641e-01,  3.5981e-01,  1.0785e-01,  2.4714e-01,  2.7404e-01,
         1.9926e-01,  3.9965e-01,  1.9981e-01,  4.8066e-01,  4.8233e-01,
         1.6911e-01,  1.9377e-01,  1.1776e-02,  2.8512e-01,  2.8442e-01,
        -4.2787e-03,  3.0207e-02,  4.9771e-01,  4.7956e-01,  3.4496e-01,
         2.6680e-01,  2.5649e-01,  6.9881e-02,  4.6560e-02,  5.7691e-02,
         2.0763e-01,  4.3572e-02,  1.4792e-01,  4.5497e-01,  1.8371e-01,
         2.5773e-01,  1.4680e-01, -1.4885e-03,  6.8031e-02,  8.3529e-02,
         3.6585e-01,  3.4289e-01,  3.6050e-01,  2.5725e-01,  1.0111e-01,
         1.2393e-01,  1.9100e-01,  1.4166e-01,  4.6734e-02,  1.7061e-01,
         5.5778e-01,  2.5346e-01,  1.8927e-01,  4.8153e-02,  5.5073e-01,
         3.7779e-01,  2.6376e-01,  1.5105e-01,  1.9988e-01,  9.6566e-02,
         2.1233e-01,  9.6693e-02,  2.5840e-02,  1.9222e-01,  5.3016e-02,
         1.2586e-01,  2.5507e-01,  3.9252e-01,  2.3312e-01,  1.2458e-01,
         5.4945e-01,  9.4924e-02,  2.4747e-01,  2.1576e-01,  1.6308e-01,
         2.6269e-01,  3.8829e-01,  4.8635e-01,  1.7515e-01,  5.5855e-01,
         5.8762e-01,  2.1380e-01,  1.0106e-01,  2.6898e-01,  1.1135e-01,
         1.3949e-04,  1.7719e-01,  1.8263e-01,  2.7294e-01,  1.2589e-01,
         8.9396e-02,  6.8452e-02,  1.7564e-01,  2.2909e-01,  1.4886e-01,
         3.1170e-02,  1.6995e-01,  2.3343e-01,  2.3367e-01,  4.1224e-01,
         1.3468e-01,  8.7287e-03,  2.0962e-01,  1.7382e-01,  3.5555e-01,
         4.5787e-02,  3.3344e-01,  2.7748e-01,  4.2698e-02,  8.0390e-02,
         1.1322e-01,  2.0421e-01,  2.1574e-01,  1.4753e-01,  1.9358e-01,
         2.6950e-01,  2.5328e-01,  2.0952e-01,  2.9370e-01,  2.4767e-01,
         1.3314e-01,  1.5530e-01,  1.5226e-01,  9.7298e-02,  1.1438e-01,
         1.0873e-02,  2.4512e-01,  1.5537e-01,  3.3378e-01,  2.3025e-01,
         2.6041e-01,  2.6055e-01,  1.4694e-01])"
16,16,0.09409489900763356,"tensor([0.3695, 0.4170, 0.3042, 0.2642, 0.1465, 0.5917, 0.5916, 0.3959, 0.0063,
        0.2392, 0.1829, 0.1084, 0.2309, 0.2118, 0.1080, 0.2613, 0.5011, 0.0144,
        0.0663, 0.4284, 0.4156, 0.1841, 0.2914, 0.2290, 0.2135, 0.3023, 0.3163,
        0.2969, 0.3774, 0.2374, 0.2539, 0.0421, 0.2253, 0.1171, 0.3395, 0.2734,
        0.2279, 0.5393, 0.0323, 0.2560, 0.1748, 0.4702, 0.1517, 0.2636, 0.2502,
        0.2586, 0.1344, 0.2687, 0.1364, 0.1461, 0.0901, 0.1597, 0.2958, 0.1581,
        0.2384, 0.3112, 0.1670, 0.1804, 0.0618, 0.0948, 0.2384, 0.1444, 0.2672,
        0.1217, 0.3961, 0.2608, 0.0945, 0.3628, 0.5287, 0.1280, 0.2296, 0.1458,
        0.2632, 0.1654, 0.2359, 0.0766, 0.0846, 0.0275, 0.1898, 0.0047, 0.3357,
        0.0203, 0.0235, 0.1177, 0.0948, 0.3063, 0.1837, 0.5118, 0.1844, 0.0576,
        0.2919, 0.0290, 0.2371, 0.0812, 0.0816, 0.1530, 0.0338, 0.1022, 0.3565,
        0.2547, 0.3343, 0.2867, 0.1099, 0.1700, 0.2876, 0.2963, 0.0653, 0.2147,
        0.1497, 0.2796, 0.2248, 0.3355, 0.5065, 0.5508, 0.1219, 0.3527, 0.3391,
        0.1890, 0.1217, 0.5285, 0.2193, 0.4703, 0.3359, 0.2859, 0.2988, 0.2921,
        0.2942, 0.5759, 0.1620, 0.0614, 0.1733, 0.4620, 0.4676, 0.1633, 0.0604,
        0.2371, 0.1731, 0.2840, 0.0503, 0.2068, 0.1156, 0.2342, 0.1347, 0.1940,
        0.1575, 0.0709, 0.4159, 0.2180, 0.2298, 0.2722, 0.1481, 0.3654, 0.0931,
        0.1869, 0.2368, 0.2394, 0.1512, 0.3480, 0.2614, 0.2712, 0.2233, 0.0719,
        0.1103, 0.0557, 0.5478, 0.3832, 0.3363, 0.3781, 0.4752, 0.4131, 0.5928,
        0.4761, 0.0903, 0.1818, 0.2463, 0.2792, 0.1142, 0.0927, 0.1508, 0.4542,
        0.1403, 0.3742, 0.1877, 0.5138, 0.0736, 0.2426, 0.3817, 0.1178, 0.2532,
        0.2774, 0.2054, 0.4008, 0.1858, 0.4513, 0.4835, 0.1935, 0.2076, 0.0102,
        0.2958, 0.3172, 0.0157, 0.0203, 0.4978, 0.4807, 0.3400, 0.2585, 0.2689,
        0.0519, 0.0446, 0.0761, 0.2122, 0.0619, 0.1579, 0.4479, 0.1842, 0.2682,
        0.1699, 0.0070, 0.0919, 0.0939, 0.3823, 0.3605, 0.3711, 0.2701, 0.1126,
        0.1434, 0.1953, 0.1588, 0.0538, 0.1650, 0.5641, 0.2656, 0.1967, 0.0671,
        0.5560, 0.3752, 0.2879, 0.1533, 0.1940, 0.1053, 0.2477, 0.0900, 0.0362,
        0.2052, 0.0697, 0.1407, 0.2648, 0.4032, 0.2438, 0.1244, 0.5607, 0.0657,
        0.2384, 0.2125, 0.1788, 0.2486, 0.4013, 0.4994, 0.1837, 0.5736, 0.5950,
        0.2326, 0.1214, 0.2844, 0.1043, 0.0168, 0.1895, 0.1925, 0.2725, 0.1350,
        0.0954, 0.0595, 0.1875, 0.2235, 0.1652, 0.0236, 0.1760, 0.2561, 0.2371,
        0.4123, 0.1554, 0.0296, 0.2342, 0.1892, 0.3664, 0.0682, 0.3440, 0.2836,
        0.0572, 0.0979, 0.1268, 0.1968, 0.2035, 0.1447, 0.2089, 0.2764, 0.2642,
        0.2294, 0.2998, 0.2447, 0.1501, 0.1687, 0.1665, 0.1132, 0.1166, 0.0119,
        0.2468, 0.1830, 0.3565, 0.2480, 0.2755, 0.2735, 0.1648])",0.0951461215459165,"tensor([ 0.3635,  0.3995,  0.2852,  0.2542,  0.1211,  0.5777,  0.5721,  0.3995,
         0.0075,  0.2231,  0.1873,  0.0810,  0.2187,  0.1961,  0.0983,  0.2731,
         0.4930, -0.0168,  0.0704,  0.4233,  0.4098,  0.1740,  0.2748,  0.2248,
         0.2048,  0.2775,  0.3016,  0.3036,  0.3606,  0.2247,  0.2329,  0.0338,
         0.2287,  0.1022,  0.3237,  0.2377,  0.2256,  0.5284,  0.0559,  0.2419,
         0.1710,  0.4553,  0.1400,  0.2651,  0.2368,  0.2440,  0.1513,  0.2660,
         0.1185,  0.1435,  0.0808,  0.1422,  0.2878,  0.1415,  0.2132,  0.3002,
         0.1566,  0.1890,  0.0545,  0.0834,  0.2266,  0.1225,  0.2556,  0.1083,
         0.3884,  0.2452,  0.0816,  0.3652,  0.5188,  0.1140,  0.2145,  0.1050,
         0.2532,  0.1562,  0.2181,  0.0740,  0.0712,  0.0077,  0.1911, -0.0027,
         0.3205,  0.0125,  0.0234,  0.0963,  0.0843,  0.2881,  0.1815,  0.4994,
         0.1535,  0.0462,  0.2885,  0.0257,  0.2343,  0.0734,  0.0760,  0.1482,
         0.0322,  0.0862,  0.3334,  0.2447,  0.3310,  0.2840,  0.0990,  0.1725,
         0.2573,  0.2775,  0.0679,  0.2160,  0.1242,  0.2873,  0.2787,  0.3289,
         0.4988,  0.5480,  0.1220,  0.3863,  0.3326,  0.1754,  0.1089,  0.5272,
         0.2077,  0.4506,  0.3165,  0.2676,  0.2785,  0.2663,  0.2837,  0.5737,
         0.1585,  0.0613,  0.1643,  0.4532,  0.4603,  0.1479,  0.0573,  0.2194,
         0.1436,  0.2785,  0.0834,  0.1997,  0.0981,  0.2261,  0.1271,  0.1842,
         0.1375,  0.0430,  0.4080,  0.1950,  0.2349,  0.2441,  0.1475,  0.3645,
         0.0823,  0.2019,  0.2275,  0.2474,  0.1546,  0.3361,  0.2506,  0.2768,
         0.2102,  0.0658,  0.1012,  0.0447,  0.5460,  0.3793,  0.3295,  0.3935,
         0.4755,  0.4189,  0.5833,  0.4696,  0.0933,  0.1751,  0.2374,  0.2201,
         0.1003,  0.0822,  0.1481,  0.4394,  0.1240,  0.3605,  0.1833,  0.5020,
         0.0602,  0.2238,  0.3595,  0.1110,  0.2463,  0.2742,  0.2013,  0.3975,
         0.2105,  0.4817,  0.4839,  0.1589,  0.1949,  0.0122,  0.2884,  0.2849,
         0.0026,  0.0229,  0.4963,  0.4805,  0.3465,  0.2664,  0.2595,  0.0697,
         0.0520,  0.0693,  0.2109,  0.0669,  0.1487,  0.4567,  0.1936,  0.2593,
         0.1520,  0.0080,  0.0733,  0.0880,  0.3657,  0.3416,  0.3616,  0.2547,
         0.1081,  0.1270,  0.1954,  0.1431,  0.0482,  0.1739,  0.5599,  0.2646,
         0.1927,  0.0458,  0.5513,  0.3778,  0.2646,  0.1521,  0.1988,  0.1032,
         0.2232,  0.0960,  0.0217,  0.1955,  0.0466,  0.1299,  0.2539,  0.3940,
         0.2338,  0.1509,  0.5512,  0.0857,  0.2473,  0.2139,  0.1561,  0.2626,
         0.3898,  0.4893,  0.1760,  0.5591,  0.5875,  0.2190,  0.1005,  0.2686,
         0.1054,  0.0161,  0.1812,  0.1826,  0.2729,  0.1298,  0.0908,  0.0588,
         0.1809,  0.2329,  0.1451,  0.0303,  0.1703,  0.2341,  0.2264,  0.4116,
         0.1433,  0.0075,  0.2050,  0.1793,  0.3554,  0.0616,  0.3360,  0.2808,
         0.0483,  0.0834,  0.1177,  0.1926,  0.2148,  0.1480,  0.1934,  0.2721,
         0.2516,  0.2180,  0.2899,  0.2468,  0.1301,  0.1606,  0.1559,  0.1009,
         0.1128,  0.0115,  0.2483,  0.1602,  0.3336,  0.2333,  0.2619,  0.2638,
         0.1474])"
17,17,0.09401891293810374,"tensor([0.3715, 0.4183, 0.3053, 0.2663, 0.1481, 0.5928, 0.5936, 0.4012, 0.0078,
        0.2418, 0.1828, 0.1027, 0.2332, 0.2171, 0.1104, 0.2676, 0.5021, 0.0097,
        0.0647, 0.4303, 0.4180, 0.1880, 0.2934, 0.2293, 0.2174, 0.3037, 0.3179,
        0.2985, 0.3795, 0.2406, 0.2545, 0.0434, 0.2308, 0.1175, 0.3415, 0.2742,
        0.2295, 0.5392, 0.0416, 0.2553, 0.1807, 0.4710, 0.1531, 0.2641, 0.2521,
        0.2622, 0.1333, 0.2766, 0.1389, 0.1481, 0.0910, 0.1611, 0.2949, 0.1554,
        0.2381, 0.3146, 0.1688, 0.1710, 0.0647, 0.1008, 0.2396, 0.1462, 0.2677,
        0.1255, 0.3961, 0.2632, 0.0922, 0.3627, 0.5304, 0.1346, 0.2310, 0.1418,
        0.2617, 0.1709, 0.2374, 0.0848, 0.0820, 0.0196, 0.2008, 0.0134, 0.3376,
        0.0242, 0.0176, 0.1167, 0.0942, 0.3067, 0.1828, 0.5129, 0.1833, 0.0626,
        0.2935, 0.0219, 0.2377, 0.0829, 0.0832, 0.1513, 0.0401, 0.1005, 0.3573,
        0.2551, 0.3362, 0.2876, 0.1062, 0.1719, 0.2870, 0.2980, 0.0726, 0.2164,
        0.1480, 0.2821, 0.2307, 0.3361, 0.5078, 0.5514, 0.1236, 0.3568, 0.3432,
        0.1907, 0.1284, 0.5277, 0.2207, 0.4715, 0.3361, 0.2873, 0.3003, 0.2961,
        0.2971, 0.5771, 0.1623, 0.0575, 0.1756, 0.4630, 0.4682, 0.1640, 0.0643,
        0.2372, 0.1728, 0.2856, 0.0631, 0.2106, 0.1130, 0.2349, 0.1322, 0.1934,
        0.1666, 0.0648, 0.4177, 0.2211, 0.2340, 0.2749, 0.1457, 0.3648, 0.0955,
        0.1877, 0.2381, 0.2404, 0.1528, 0.3533, 0.2630, 0.2757, 0.2263, 0.0756,
        0.1150, 0.0599, 0.5477, 0.3848, 0.3410, 0.3799, 0.4763, 0.4133, 0.5932,
        0.4773, 0.0992, 0.1827, 0.2464, 0.2823, 0.1193, 0.0977, 0.1592, 0.4556,
        0.1409, 0.3759, 0.1898, 0.5144, 0.0743, 0.2458, 0.3831, 0.1198, 0.2530,
        0.2809, 0.2081, 0.4013, 0.1932, 0.4556, 0.4852, 0.1951, 0.2114, 0.0088,
        0.2998, 0.3180, 0.0135, 0.0257, 0.5027, 0.4817, 0.3385, 0.2598, 0.2691,
        0.0480, 0.0456, 0.0801, 0.2156, 0.0551, 0.1587, 0.4555, 0.1838, 0.2661,
        0.1714, 0.0113, 0.0911, 0.0952, 0.3831, 0.3627, 0.3726, 0.2725, 0.1112,
        0.1355, 0.1827, 0.1589, 0.0758, 0.1667, 0.5650, 0.2665, 0.1968, 0.0685,
        0.5570, 0.3779, 0.2904, 0.1551, 0.1941, 0.1041, 0.2483, 0.0963, 0.0392,
        0.2077, 0.0672, 0.1458, 0.2648, 0.4052, 0.2454, 0.1363, 0.5619, 0.0741,
        0.2428, 0.2145, 0.1796, 0.2482, 0.4028, 0.5011, 0.1872, 0.5743, 0.5954,
        0.2359, 0.1271, 0.2860, 0.1057, 0.0239, 0.1902, 0.1925, 0.2722, 0.1357,
        0.1054, 0.0599, 0.1850, 0.2240, 0.1629, 0.0270, 0.1725, 0.2582, 0.2368,
        0.4133, 0.1490, 0.0217, 0.2344, 0.1914, 0.3674, 0.0682, 0.3453, 0.2860,
        0.0646, 0.1007, 0.1322, 0.1941, 0.2015, 0.1484, 0.2123, 0.2807, 0.2651,
        0.2321, 0.2994, 0.2432, 0.1516, 0.1712, 0.1679, 0.1151, 0.1193, 0.0157,
        0.2478, 0.1859, 0.3571, 0.2506, 0.2776, 0.2747, 0.1645])",0.09508564686846166,"tensor([ 3.6940e-01,  4.0247e-01,  2.8617e-01,  2.5635e-01,  1.2092e-01,
         5.7763e-01,  5.7519e-01,  4.0175e-01,  1.3810e-02,  2.2616e-01,
         1.8728e-01,  1.0587e-01,  2.1434e-01,  2.0205e-01,  1.0054e-01,
         2.7644e-01,  4.9382e-01, -9.3878e-03,  6.2324e-02,  4.2720e-01,
         4.1028e-01,  1.7946e-01,  2.8040e-01,  2.2989e-01,  2.1250e-01,
         2.8124e-01,  3.0484e-01,  3.0488e-01,  3.6642e-01,  2.2576e-01,
         2.3341e-01,  3.7924e-02,  2.4177e-01,  9.7171e-02,  3.2682e-01,
         2.3623e-01,  2.2343e-01,  5.3053e-01,  4.6168e-02,  2.4005e-01,
         1.8372e-01,  4.5434e-01,  1.3934e-01,  2.6694e-01,  2.2995e-01,
         2.4327e-01,  1.5054e-01,  2.6877e-01,  1.1966e-01,  1.4733e-01,
         7.9344e-02,  1.4274e-01,  2.8861e-01,  1.4071e-01,  2.1803e-01,
         3.0203e-01,  1.5068e-01,  1.8160e-01,  5.3888e-02,  7.6693e-02,
         2.2917e-01,  1.1541e-01,  2.5680e-01,  1.1405e-01,  3.8847e-01,
         2.4978e-01,  7.7497e-02,  3.6626e-01,  5.1876e-01,  1.1548e-01,
         2.1522e-01,  1.0779e-01,  2.5587e-01,  1.5303e-01,  2.1134e-01,
         7.7678e-02,  6.3071e-02,  1.3980e-03,  1.9424e-01, -1.3729e-03,
         3.2053e-01,  1.2016e-02,  1.1692e-02,  1.0442e-01,  1.0155e-01,
         2.8950e-01,  1.8563e-01,  4.9700e-01,  1.5808e-01,  6.3388e-02,
         2.8813e-01,  4.7939e-03,  2.3364e-01,  7.8095e-02,  8.4345e-02,
         1.5137e-01,  3.3786e-02,  8.3878e-02,  3.3183e-01,  2.4395e-01,
         3.3174e-01,  2.8386e-01,  9.5078e-02,  1.7365e-01,  2.5910e-01,
         2.7711e-01,  7.4294e-02,  2.2076e-01,  1.2470e-01,  2.8992e-01,
         2.7073e-01,  3.2856e-01,  4.9924e-01,  5.4913e-01,  1.2690e-01,
         3.8825e-01,  3.3733e-01,  1.7871e-01,  1.1542e-01,  5.2792e-01,
         2.0925e-01,  4.5200e-01,  3.2143e-01,  2.6877e-01,  2.7837e-01,
         2.6577e-01,  2.8601e-01,  5.7411e-01,  1.4719e-01,  6.0693e-02,
         1.6072e-01,  4.5190e-01,  4.6188e-01,  1.4859e-01,  4.8243e-02,
         2.2255e-01,  1.4469e-01,  2.8160e-01,  7.6101e-02,  1.9821e-01,
         9.1727e-02,  2.2602e-01,  1.3313e-01,  1.8766e-01,  1.3084e-01,
         4.1464e-02,  4.0960e-01,  1.9907e-01,  2.3235e-01,  2.4506e-01,
         1.4647e-01,  3.6292e-01,  8.1690e-02,  2.0065e-01,  2.2863e-01,
         2.3663e-01,  1.5230e-01,  3.3725e-01,  2.5247e-01,  2.7885e-01,
         2.1620e-01,  6.6972e-02,  9.9079e-02,  5.6814e-02,  5.4846e-01,
         3.7987e-01,  3.3075e-01,  3.8718e-01,  4.7957e-01,  4.2086e-01,
         5.8463e-01,  4.6996e-01,  9.1946e-02,  1.7670e-01,  2.3603e-01,
         1.9912e-01,  1.0285e-01,  9.0694e-02,  1.4809e-01,  4.3620e-01,
         1.2144e-01,  3.6032e-01,  1.8624e-01,  5.0375e-01,  4.3288e-02,
         2.2748e-01,  3.6233e-01,  1.0490e-01,  2.4880e-01,  2.7444e-01,
         2.0194e-01,  4.0087e-01,  2.0867e-01,  4.8040e-01,  4.8350e-01,
         1.7241e-01,  1.9144e-01,  1.7082e-03,  2.8880e-01,  2.8914e-01,
        -2.7227e-04,  3.1712e-02,  5.0193e-01,  4.8166e-01,  3.4735e-01,
         2.7012e-01,  2.6122e-01,  5.0843e-02,  4.7664e-02,  7.7425e-02,
         2.1471e-01,  6.0267e-02,  1.4743e-01,  4.6365e-01,  1.9053e-01,
         2.6025e-01,  1.5596e-01, -4.8529e-03,  8.2928e-02,  8.9466e-02,
         3.6384e-01,  3.4623e-01,  3.6343e-01,  2.5981e-01,  1.0605e-01,
         1.2216e-01,  2.0627e-01,  1.4193e-01,  5.3128e-02,  1.7625e-01,
         5.5992e-01,  2.6496e-01,  1.8932e-01,  6.4101e-02,  5.5365e-01,
         3.8343e-01,  2.6492e-01,  1.5264e-01,  1.9588e-01,  1.0418e-01,
         2.2183e-01,  1.0418e-01,  2.2985e-02,  1.9588e-01,  5.2997e-02,
         1.3036e-01,  2.5523e-01,  3.9522e-01,  2.3137e-01,  1.5716e-01,
         5.5214e-01,  9.0022e-02,  2.4400e-01,  2.1534e-01,  1.6332e-01,
         2.6432e-01,  3.9164e-01,  4.9211e-01,  1.7346e-01,  5.5864e-01,
         5.8757e-01,  2.2195e-01,  1.0249e-01,  2.7084e-01,  1.1053e-01,
         1.7936e-02,  1.8037e-01,  1.8222e-01,  2.7509e-01,  1.2827e-01,
         9.2456e-02,  6.1082e-02,  1.7557e-01,  2.3052e-01,  1.4959e-01,
         4.1313e-02,  1.7867e-01,  2.3825e-01,  2.3908e-01,  4.1367e-01,
         1.4347e-01,  6.6268e-03,  2.0969e-01,  1.7835e-01,  3.5704e-01,
         5.5658e-02,  3.3593e-01,  2.8205e-01,  5.7655e-02,  8.2764e-02,
         1.2218e-01,  1.9327e-01,  2.1872e-01,  1.4179e-01,  1.9336e-01,
         2.7105e-01,  2.5734e-01,  2.1990e-01,  2.9263e-01,  2.4694e-01,
         1.3435e-01,  1.6091e-01,  1.5432e-01,  9.6414e-02,  1.1644e-01,
        -1.9706e-03,  2.5132e-01,  1.5959e-01,  3.3739e-01,  2.3163e-01,
         2.6144e-01,  2.5989e-01,  1.5171e-01])"
18,18,0.09391777083944919,"tensor([0.3718, 0.4197, 0.3071, 0.2694, 0.1483, 0.5933, 0.5963, 0.4042, 0.0101,
        0.2437, 0.1842, 0.1104, 0.2367, 0.2198, 0.1153, 0.2680, 0.5022, 0.0218,
        0.0654, 0.4307, 0.4177, 0.1946, 0.2959, 0.2340, 0.2197, 0.3030, 0.3207,
        0.3019, 0.3785, 0.2419, 0.2577, 0.0463, 0.2331, 0.1157, 0.3432, 0.2782,
        0.2309, 0.5409, 0.0324, 0.2582, 0.1877, 0.4727, 0.1541, 0.2640, 0.2529,
        0.2623, 0.1436, 0.2773, 0.1403, 0.1452, 0.0914, 0.1614, 0.2970, 0.1584,
        0.2404, 0.3163, 0.1665, 0.1764, 0.0732, 0.1029, 0.2360, 0.1520, 0.2689,
        0.1265, 0.3986, 0.2627, 0.0959, 0.3647, 0.5310, 0.1297, 0.2334, 0.1393,
        0.2661, 0.1663, 0.2395, 0.0942, 0.0898, 0.0254, 0.1999, 0.0122, 0.3388,
        0.0244, 0.0205, 0.1204, 0.0981, 0.3086, 0.1922, 0.5140, 0.1864, 0.0706,
        0.2941, 0.0245, 0.2383, 0.0904, 0.0879, 0.1544, 0.0408, 0.1026, 0.3595,
        0.2557, 0.3361, 0.2903, 0.1153, 0.1752, 0.2912, 0.2969, 0.0738, 0.2202,
        0.1471, 0.2836, 0.2338, 0.3377, 0.5087, 0.5524, 0.1284, 0.3588, 0.3485,
        0.1920, 0.1279, 0.5294, 0.2197, 0.4722, 0.3425, 0.2884, 0.3021, 0.2964,
        0.2985, 0.5778, 0.1685, 0.0604, 0.1744, 0.4647, 0.4692, 0.1646, 0.0695,
        0.2385, 0.1764, 0.2836, 0.0669, 0.2116, 0.1140, 0.2345, 0.1345, 0.1969,
        0.1702, 0.0724, 0.4190, 0.2230, 0.2333, 0.2747, 0.1538, 0.3655, 0.0934,
        0.1889, 0.2398, 0.2403, 0.1543, 0.3553, 0.2639, 0.2785, 0.2281, 0.0785,
        0.1168, 0.0632, 0.5489, 0.3856, 0.3409, 0.3826, 0.4779, 0.4178, 0.5940,
        0.4787, 0.0993, 0.1841, 0.2475, 0.2875, 0.1146, 0.0911, 0.1538, 0.4570,
        0.1433, 0.3772, 0.1912, 0.5157, 0.0741, 0.2464, 0.3865, 0.1141, 0.2548,
        0.2820, 0.2117, 0.4030, 0.1964, 0.4560, 0.4858, 0.1977, 0.2134, 0.0098,
        0.3001, 0.3198, 0.0134, 0.0239, 0.5093, 0.4828, 0.3425, 0.2614, 0.2712,
        0.0553, 0.0484, 0.0880, 0.2252, 0.0552, 0.1597, 0.4606, 0.1890, 0.2729,
        0.1748, 0.0092, 0.0852, 0.0959, 0.3842, 0.3642, 0.3740, 0.2740, 0.1182,
        0.1429, 0.1899, 0.1600, 0.0683, 0.1692, 0.5666, 0.2698, 0.1971, 0.0673,
        0.5586, 0.3806, 0.2902, 0.1531, 0.1940, 0.1035, 0.2534, 0.0973, 0.0350,
        0.2092, 0.0737, 0.1458, 0.2653, 0.4084, 0.2463, 0.1309, 0.5636, 0.0809,
        0.2431, 0.2172, 0.1801, 0.2491, 0.4061, 0.5037, 0.1882, 0.5760, 0.5948,
        0.2388, 0.1277, 0.2862, 0.1075, 0.0314, 0.1936, 0.1927, 0.2740, 0.1368,
        0.1064, 0.0552, 0.1892, 0.2259, 0.1688, 0.0287, 0.1818, 0.2596, 0.2444,
        0.4142, 0.1542, 0.0359, 0.2365, 0.1933, 0.3706, 0.0703, 0.3483, 0.2874,
        0.0724, 0.1046, 0.1303, 0.1973, 0.2042, 0.1423, 0.2148, 0.2822, 0.2680,
        0.2346, 0.3015, 0.2463, 0.1539, 0.1739, 0.1713, 0.1124, 0.1228, 0.0115,
        0.2514, 0.1870, 0.3605, 0.2518, 0.2772, 0.2748, 0.1649])",0.0950458026712849,"tensor([ 3.6706e-01,  4.0242e-01,  2.8949e-01,  2.5888e-01,  1.2158e-01,
         5.7848e-01,  5.7087e-01,  4.0473e-01,  1.6814e-02,  2.2553e-01,
         1.8719e-01,  1.1015e-01,  2.2122e-01,  2.0581e-01,  9.9894e-02,
         2.7385e-01,  4.9294e-01, -1.3648e-02,  7.2865e-02,  4.2657e-01,
         4.1101e-01,  1.8326e-01,  2.8188e-01,  2.3203e-01,  2.1169e-01,
         2.7735e-01,  3.0589e-01,  3.0714e-01,  3.6791e-01,  2.2331e-01,
         2.3465e-01,  3.0835e-02,  2.3650e-01,  9.5086e-02,  3.2588e-01,
         2.4449e-01,  2.2589e-01,  5.3143e-01,  3.9891e-02,  2.4488e-01,
         1.9094e-01,  4.5480e-01,  1.3957e-01,  2.6209e-01,  2.3975e-01,
         2.4266e-01,  1.4987e-01,  2.6852e-01,  1.1522e-01,  1.4863e-01,
         7.8258e-02,  1.3657e-01,  2.8740e-01,  1.3675e-01,  2.1555e-01,
         3.0326e-01,  1.5469e-01,  1.9520e-01,  4.6868e-02,  8.2453e-02,
         2.2886e-01,  1.1803e-01,  2.5806e-01,  1.1585e-01,  3.8859e-01,
         2.4908e-01,  9.4486e-02,  3.6666e-01,  5.1923e-01,  1.1628e-01,
         2.1737e-01,  1.1277e-01,  2.5615e-01,  1.6133e-01,  2.1922e-01,
         8.5687e-02,  8.1573e-02, -1.9932e-03,  1.9254e-01,  4.9018e-04,
         3.2228e-01,  2.6973e-02,  1.2228e-02,  1.0449e-01,  9.5107e-02,
         2.9113e-01,  1.8884e-01,  5.0212e-01,  1.5770e-01,  6.1861e-02,
         2.8595e-01,  2.0941e-02,  2.3240e-01,  7.9567e-02,  8.1278e-02,
         1.5146e-01,  1.2432e-02,  8.3860e-02,  3.3528e-01,  2.4531e-01,
         3.3418e-01,  2.8635e-01,  9.9912e-02,  1.7551e-01,  2.6367e-01,
         2.7787e-01,  6.5671e-02,  2.2265e-01,  1.2863e-01,  2.8898e-01,
         2.7427e-01,  3.3208e-01,  4.9982e-01,  5.4961e-01,  1.2716e-01,
         3.8872e-01,  3.4096e-01,  1.8131e-01,  1.1451e-01,  5.2862e-01,
         2.1016e-01,  4.5110e-01,  3.2674e-01,  2.6735e-01,  2.7755e-01,
         2.6823e-01,  2.8697e-01,  5.7428e-01,  1.6408e-01,  5.4629e-02,
         1.6626e-01,  4.5097e-01,  4.6521e-01,  1.4922e-01,  4.9474e-02,
         2.2482e-01,  1.4715e-01,  2.8500e-01,  8.2394e-02,  1.9999e-01,
         9.6126e-02,  2.2855e-01,  1.2781e-01,  1.9067e-01,  1.4128e-01,
         5.0963e-02,  4.1057e-01,  1.9754e-01,  2.3134e-01,  2.4385e-01,
         1.5089e-01,  3.6469e-01,  8.0240e-02,  2.0219e-01,  2.3093e-01,
         2.4787e-01,  1.5251e-01,  3.3871e-01,  2.5172e-01,  2.7807e-01,
         2.1512e-01,  7.0194e-02,  1.0657e-01,  3.8845e-02,  5.4929e-01,
         3.8145e-01,  3.3660e-01,  3.9376e-01,  4.7652e-01,  4.2289e-01,
         5.8438e-01,  4.7080e-01,  9.7756e-02,  1.7846e-01,  2.3810e-01,
         2.1520e-01,  1.0198e-01,  7.6223e-02,  1.4710e-01,  4.4048e-01,
         1.1760e-01,  3.6049e-01,  1.8588e-01,  5.0286e-01,  6.0030e-02,
         2.2797e-01,  3.6300e-01,  1.1399e-01,  2.4776e-01,  2.7441e-01,
         2.0196e-01,  4.0179e-01,  2.1890e-01,  4.8426e-01,  4.8425e-01,
         1.7083e-01,  1.9593e-01,  6.7858e-03,  2.8941e-01,  2.8238e-01,
        -7.9331e-03,  1.9401e-02,  5.0781e-01,  4.8136e-01,  3.4775e-01,
         2.5887e-01,  2.5971e-01,  7.1009e-02,  4.3801e-02,  6.7631e-02,
         2.1344e-01,  5.6655e-02,  1.4948e-01,  4.7211e-01,  1.8954e-01,
         2.6090e-01,  1.5213e-01,  3.2544e-03,  7.8671e-02,  8.2305e-02,
         3.6864e-01,  3.4437e-01,  3.6547e-01,  2.5830e-01,  1.0834e-01,
         1.2621e-01,  2.0486e-01,  1.4544e-01,  4.9843e-02,  1.7354e-01,
         5.5944e-01,  2.6386e-01,  1.9217e-01,  6.0671e-02,  5.5218e-01,
         3.8376e-01,  2.6370e-01,  1.5487e-01,  1.9732e-01,  9.7909e-02,
         2.2507e-01,  1.0037e-01,  2.2361e-02,  1.9690e-01,  5.1452e-02,
         1.3119e-01,  2.5592e-01,  3.9652e-01,  2.3291e-01,  1.5430e-01,
         5.5162e-01,  9.0427e-02,  2.4928e-01,  2.1884e-01,  1.6153e-01,
         2.6358e-01,  3.9161e-01,  4.9169e-01,  1.7527e-01,  5.6023e-01,
         5.8857e-01,  2.2147e-01,  1.0047e-01,  2.6759e-01,  1.1077e-01,
         8.2935e-03,  1.8156e-01,  1.8186e-01,  2.7621e-01,  1.3011e-01,
         1.0150e-01,  5.9840e-02,  1.7536e-01,  2.3524e-01,  1.5073e-01,
         3.9549e-02,  1.7517e-01,  2.3893e-01,  2.2979e-01,  4.1323e-01,
         1.4561e-01,  6.7820e-03,  2.0925e-01,  1.8070e-01,  3.5959e-01,
         5.9601e-02,  3.3907e-01,  2.8252e-01,  6.5346e-02,  8.0458e-02,
         1.1639e-01,  2.0944e-01,  2.1864e-01,  1.5069e-01,  1.9554e-01,
         2.7339e-01,  2.5880e-01,  2.2218e-01,  2.9244e-01,  2.4395e-01,
         1.3081e-01,  1.6548e-01,  1.5643e-01,  1.0527e-01,  1.1902e-01,
         7.8568e-03,  2.5268e-01,  1.6045e-01,  3.3757e-01,  2.3516e-01,
         2.6319e-01,  2.6456e-01,  1.5224e-01])"
19,19,0.09383732869998733,"tensor([0.3729, 0.4226, 0.3088, 0.2706, 0.1490, 0.5940, 0.5974, 0.4058, 0.0036,
        0.2438, 0.1875, 0.1112, 0.2394, 0.2243, 0.1150, 0.2656, 0.5031, 0.0147,
        0.0667, 0.4334, 0.4215, 0.1957, 0.2973, 0.2364, 0.2210, 0.3075, 0.3217,
        0.3056, 0.3848, 0.2452, 0.2581, 0.0471, 0.2396, 0.1179, 0.3445, 0.2841,
        0.2323, 0.5407, 0.0402, 0.2601, 0.1882, 0.4727, 0.1545, 0.2681, 0.2558,
        0.2640, 0.1353, 0.2828, 0.1386, 0.1477, 0.0905, 0.1609, 0.2987, 0.1601,
        0.2420, 0.3159, 0.1701, 0.1785, 0.0672, 0.1036, 0.2418, 0.1492, 0.2704,
        0.1295, 0.4009, 0.2645, 0.0982, 0.3664, 0.5329, 0.1373, 0.2360, 0.1372,
        0.2666, 0.1755, 0.2435, 0.0929, 0.0924, 0.0287, 0.2037, 0.0042, 0.3389,
        0.0246, 0.0232, 0.1276, 0.1089, 0.3100, 0.1905, 0.5126, 0.1866, 0.0628,
        0.2938, 0.0270, 0.2410, 0.0905, 0.0857, 0.1584, 0.0398, 0.1034, 0.3610,
        0.2563, 0.3400, 0.2925, 0.1138, 0.1779, 0.2919, 0.2984, 0.0697, 0.2189,
        0.1501, 0.2872, 0.2318, 0.3397, 0.5088, 0.5527, 0.1274, 0.3625, 0.3488,
        0.1939, 0.1252, 0.5298, 0.2251, 0.4726, 0.3443, 0.2892, 0.3028, 0.2979,
        0.2995, 0.5782, 0.1759, 0.0632, 0.1783, 0.4656, 0.4729, 0.1690, 0.0744,
        0.2392, 0.1797, 0.2849, 0.0651, 0.2150, 0.1161, 0.2388, 0.1363, 0.1989,
        0.1738, 0.0640, 0.4190, 0.2234, 0.2331, 0.2754, 0.1519, 0.3680, 0.0973,
        0.1914, 0.2401, 0.2426, 0.1558, 0.3580, 0.2643, 0.2792, 0.2323, 0.0796,
        0.1208, 0.0672, 0.5522, 0.3866, 0.3457, 0.3822, 0.4797, 0.4197, 0.5939,
        0.4787, 0.1006, 0.1852, 0.2491, 0.2917, 0.1178, 0.0937, 0.1641, 0.4593,
        0.1416, 0.3797, 0.1916, 0.5166, 0.0741, 0.2492, 0.3880, 0.1245, 0.2563,
        0.2824, 0.2105, 0.4027, 0.1970, 0.4589, 0.4861, 0.2033, 0.2139, 0.0078,
        0.3038, 0.3231, 0.0128, 0.0229, 0.5113, 0.4841, 0.3415, 0.2615, 0.2727,
        0.0566, 0.0534, 0.0827, 0.2311, 0.0578, 0.1629, 0.4642, 0.1836, 0.2743,
        0.1760, 0.0106, 0.0942, 0.0984, 0.3850, 0.3661, 0.3753, 0.2767, 0.1204,
        0.1493, 0.2021, 0.1639, 0.0783, 0.1699, 0.5679, 0.2708, 0.2008, 0.0698,
        0.5588, 0.3814, 0.2929, 0.1545, 0.1966, 0.1069, 0.2544, 0.0975, 0.0435,
        0.2117, 0.0719, 0.1505, 0.2687, 0.4096, 0.2503, 0.1455, 0.5640, 0.0843,
        0.2444, 0.2195, 0.1802, 0.2514, 0.4063, 0.5054, 0.1901, 0.5774, 0.5967,
        0.2403, 0.1255, 0.2880, 0.1095, 0.0289, 0.1947, 0.1964, 0.2765, 0.1430,
        0.1131, 0.0670, 0.1868, 0.2293, 0.1689, 0.0328, 0.1796, 0.2605, 0.2453,
        0.4161, 0.1531, 0.0246, 0.2382, 0.1882, 0.3725, 0.0752, 0.3496, 0.2873,
        0.0727, 0.1033, 0.1341, 0.1987, 0.2072, 0.1447, 0.2149, 0.2825, 0.2695,
        0.2369, 0.3014, 0.2468, 0.1575, 0.1785, 0.1720, 0.1171, 0.1235, 0.0118,
        0.2518, 0.1892, 0.3608, 0.2537, 0.2790, 0.2778, 0.1694])",0.09498142992101964,"tensor([ 0.3695,  0.4034,  0.2873,  0.2585,  0.1201,  0.5779,  0.5742,  0.4082,
         0.0178,  0.2246,  0.1897,  0.1040,  0.2241,  0.2076,  0.1003,  0.2665,
         0.4947, -0.0036,  0.0694,  0.4283,  0.4109,  0.1877,  0.2828,  0.2338,
         0.2104,  0.2830,  0.3063,  0.3133,  0.3696,  0.2289,  0.2348,  0.0371,
         0.2525,  0.1071,  0.3283,  0.2452,  0.2225,  0.5302,  0.0394,  0.2447,
         0.1901,  0.4563,  0.1379,  0.2700,  0.2344,  0.2427,  0.1513,  0.2679,
         0.1181,  0.1485,  0.0818,  0.1436,  0.2900,  0.1415,  0.2155,  0.3045,
         0.1562,  0.1911,  0.0502,  0.0819,  0.2264,  0.1169,  0.2610,  0.1153,
         0.3887,  0.2470,  0.0868,  0.3676,  0.5208,  0.1183,  0.2180,  0.1216,
         0.2566,  0.1613,  0.2233,  0.0823,  0.0752,  0.0099,  0.2046,  0.0050,
         0.3221,  0.0158,  0.0090,  0.0981,  0.1099,  0.2903,  0.1900,  0.4993,
         0.1574,  0.0588,  0.2876,  0.0253,  0.2343,  0.0819,  0.0821,  0.1502,
         0.0265,  0.0845,  0.3328,  0.2454,  0.3356,  0.2885,  0.1053,  0.1773,
         0.2586,  0.2794,  0.0769,  0.2200,  0.1273,  0.2944,  0.2741,  0.3322,
         0.4985,  0.5506,  0.1216,  0.3938,  0.3429,  0.1823,  0.1153,  0.5298,
         0.2101,  0.4515,  0.3177,  0.2689,  0.2827,  0.2671,  0.2881,  0.5744,
         0.1668,  0.0602,  0.1623,  0.4548,  0.4668,  0.1517,  0.0552,  0.2232,
         0.1494,  0.2861,  0.0694,  0.2027,  0.0946,  0.2283,  0.1286,  0.1877,
         0.1466,  0.0493,  0.4115,  0.2041,  0.2321,  0.2446,  0.1556,  0.3644,
         0.0826,  0.2055,  0.2296,  0.2477,  0.1547,  0.3366,  0.2521,  0.2818,
         0.2168,  0.0723,  0.1096,  0.0533,  0.5503,  0.3800,  0.3359,  0.3951,
         0.4790,  0.4229,  0.5849,  0.4706,  0.0995,  0.1771,  0.2395,  0.2251,
         0.1032,  0.0906,  0.1468,  0.4409,  0.1190,  0.3628,  0.1859,  0.5041,
         0.0569,  0.2315,  0.3632,  0.1126,  0.2450,  0.2787,  0.1997,  0.4034,
         0.2194,  0.4870,  0.4849,  0.1740,  0.1957, -0.0016,  0.2896,  0.2871,
         0.0134,  0.0264,  0.5079,  0.4840,  0.3480,  0.2657,  0.2609,  0.0649,
         0.0495,  0.0780,  0.2211,  0.0339,  0.1499,  0.4718,  0.1961,  0.2632,
         0.1523,  0.0037,  0.0793,  0.0882,  0.3680,  0.3445,  0.3642,  0.2580,
         0.1085,  0.1247,  0.2125,  0.1468,  0.0466,  0.1771,  0.5601,  0.2655,
         0.1933,  0.0621,  0.5539,  0.3850,  0.2657,  0.1552,  0.1961,  0.1067,
         0.2182,  0.1102,  0.0128,  0.1986,  0.0548,  0.1309,  0.2544,  0.3972,
         0.2367,  0.1641,  0.5533,  0.0934,  0.2481,  0.2192,  0.1640,  0.2651,
         0.3920,  0.4946,  0.1776,  0.5607,  0.5866,  0.2255,  0.1028,  0.2743,
         0.1124,  0.0211,  0.1819,  0.1846,  0.2752,  0.1303,  0.0999,  0.0696,
         0.1793,  0.2292,  0.1515,  0.0436,  0.1787,  0.2387,  0.2438,  0.4133,
         0.1429,  0.0016,  0.2097,  0.1733,  0.3580,  0.0656,  0.3365,  0.2849,
         0.0636,  0.0821,  0.1238,  0.1969,  0.2161,  0.1576,  0.1924,  0.2742,
         0.2566,  0.2306,  0.2928,  0.2475,  0.1325,  0.1654,  0.1564,  0.1040,
         0.1179, -0.0040,  0.2523,  0.1602,  0.3400,  0.2360,  0.2621,  0.2656,
         0.1516])"
20,20,0.0937484698286697,"tensor([0.3763, 0.4228, 0.3094, 0.2720, 0.1514, 0.5949, 0.5949, 0.4085, 0.0074,
        0.2449, 0.1894, 0.1169, 0.2413, 0.2220, 0.1152, 0.2666, 0.5042, 0.0170,
        0.0650, 0.4346, 0.4224, 0.1974, 0.2985, 0.2414, 0.2228, 0.3075, 0.3234,
        0.3080, 0.3833, 0.2479, 0.2596, 0.0500, 0.2365, 0.1257, 0.3463, 0.2828,
        0.2326, 0.5415, 0.0388, 0.2611, 0.1967, 0.4745, 0.1544, 0.2676, 0.2570,
        0.2660, 0.1398, 0.2852, 0.1426, 0.1477, 0.0929, 0.1618, 0.3004, 0.1637,
        0.2404, 0.3177, 0.1712, 0.1856, 0.0710, 0.1026, 0.2459, 0.1519, 0.2715,
        0.1256, 0.4017, 0.2655, 0.0960, 0.3687, 0.5337, 0.1357, 0.2369, 0.1506,
        0.2679, 0.1697, 0.2441, 0.0979, 0.0902, 0.0289, 0.2092, 0.0102, 0.3389,
        0.0295, 0.0212, 0.1277, 0.1142, 0.3115, 0.1940, 0.5161, 0.1871, 0.0686,
        0.2971, 0.0318, 0.2403, 0.0932, 0.0925, 0.1603, 0.0367, 0.1051, 0.3616,
        0.2582, 0.3405, 0.2939, 0.1108, 0.1794, 0.2975, 0.2981, 0.0804, 0.2211,
        0.1498, 0.2893, 0.2390, 0.3399, 0.5099, 0.5541, 0.1314, 0.3652, 0.3526,
        0.1963, 0.1297, 0.5324, 0.2235, 0.4744, 0.3493, 0.2918, 0.3043, 0.2994,
        0.3008, 0.5793, 0.1784, 0.0635, 0.1749, 0.4661, 0.4734, 0.1709, 0.0727,
        0.2419, 0.1786, 0.2877, 0.0498, 0.2148, 0.1202, 0.2386, 0.1374, 0.2015,
        0.1742, 0.0739, 0.4208, 0.2278, 0.2349, 0.2774, 0.1532, 0.3695, 0.1007,
        0.1915, 0.2433, 0.2424, 0.1551, 0.3584, 0.2661, 0.2826, 0.2325, 0.0854,
        0.1219, 0.0641, 0.5527, 0.3885, 0.3455, 0.3839, 0.4793, 0.4207, 0.5946,
        0.4799, 0.1030, 0.1867, 0.2519, 0.2926, 0.1229, 0.1045, 0.1656, 0.4599,
        0.1433, 0.3803, 0.1935, 0.5187, 0.0786, 0.2502, 0.3880, 0.1249, 0.2569,
        0.2830, 0.2118, 0.4059, 0.2013, 0.4630, 0.4874, 0.2026, 0.2172, 0.0124,
        0.3042, 0.3234, 0.0120, 0.0273, 0.5145, 0.4854, 0.3435, 0.2641, 0.2737,
        0.0537, 0.0537, 0.0866, 0.2295, 0.0615, 0.1618, 0.4681, 0.1925, 0.2745,
        0.1763, 0.0099, 0.0959, 0.0992, 0.3881, 0.3677, 0.3765, 0.2779, 0.1207,
        0.1568, 0.2058, 0.1633, 0.0802, 0.1731, 0.5677, 0.2712, 0.2025, 0.0772,
        0.5596, 0.3837, 0.2923, 0.1562, 0.1989, 0.1057, 0.2578, 0.1032, 0.0406,
        0.2120, 0.0772, 0.1541, 0.2690, 0.4115, 0.2527, 0.1469, 0.5656, 0.0873,
        0.2456, 0.2213, 0.1847, 0.2530, 0.4103, 0.5079, 0.1906, 0.5777, 0.5978,
        0.2434, 0.1285, 0.2916, 0.1104, 0.0279, 0.1956, 0.1966, 0.2770, 0.1443,
        0.1180, 0.0607, 0.1894, 0.2298, 0.1709, 0.0364, 0.1788, 0.2617, 0.2460,
        0.4177, 0.1568, 0.0303, 0.2397, 0.1923, 0.3752, 0.0719, 0.3514, 0.2908,
        0.0736, 0.1046, 0.1373, 0.2023, 0.2091, 0.1479, 0.2177, 0.2856, 0.2695,
        0.2438, 0.3034, 0.2487, 0.1558, 0.1793, 0.1694, 0.1176, 0.1231, 0.0126,
        0.2550, 0.1895, 0.3622, 0.2554, 0.2802, 0.2796, 0.1690])",0.0949305777571031,"tensor([ 0.3671,  0.4039,  0.2895,  0.2593,  0.1203,  0.5793,  0.5709,  0.4079,
         0.0065,  0.2252,  0.1891,  0.1058,  0.2257,  0.2049,  0.0965,  0.2743,
         0.4956, -0.0033,  0.0581,  0.4287,  0.4136,  0.1875,  0.2843,  0.2329,
         0.2141,  0.2820,  0.3085,  0.3162,  0.3656,  0.2276,  0.2348,  0.0335,
         0.2537,  0.1054,  0.3272,  0.2464,  0.2246,  0.5300,  0.0381,  0.2432,
         0.1936,  0.4573,  0.1392,  0.2698,  0.2376,  0.2467,  0.1545,  0.2763,
         0.1200,  0.1471,  0.0798,  0.1377,  0.2898,  0.1444,  0.2189,  0.3040,
         0.1523,  0.1974,  0.0527,  0.0742,  0.2283,  0.1247,  0.2594,  0.1189,
         0.3899,  0.2483,  0.0918,  0.3697,  0.5220,  0.1214,  0.2185,  0.1203,
         0.2578,  0.1580,  0.2220,  0.0827,  0.0704,  0.0088,  0.2095,  0.0082,
         0.3240,  0.0316,  0.0136,  0.1044,  0.1114,  0.2883,  0.1897,  0.5023,
         0.1617,  0.0583,  0.2924,  0.0266,  0.2358,  0.0780,  0.0882,  0.1560,
         0.0263,  0.0853,  0.3359,  0.2437,  0.3328,  0.2892,  0.1060,  0.1806,
         0.2653,  0.2808,  0.0767,  0.2225,  0.1216,  0.2944,  0.2815,  0.3328,
         0.4988,  0.5510,  0.1262,  0.3931,  0.3405,  0.1798,  0.1092,  0.5307,
         0.2127,  0.4509,  0.3305,  0.2685,  0.2750,  0.2686,  0.2906,  0.5738,
         0.1584,  0.0606,  0.1647,  0.4538,  0.4692,  0.1498,  0.0413,  0.2225,
         0.1452,  0.2844,  0.0632,  0.1983,  0.0995,  0.2295,  0.1297,  0.1933,
         0.1478,  0.0543,  0.4113,  0.2021,  0.2356,  0.2463,  0.1521,  0.3622,
         0.0855,  0.1988,  0.2308,  0.2472,  0.1533,  0.3412,  0.2575,  0.2828,
         0.2181,  0.0703,  0.1091,  0.0545,  0.5504,  0.3819,  0.3344,  0.3955,
         0.4803,  0.4238,  0.5844,  0.4693,  0.0992,  0.1766,  0.2393,  0.2167,
         0.1039,  0.1013,  0.1579,  0.4426,  0.1262,  0.3634,  0.1853,  0.5052,
         0.0549,  0.2319,  0.3639,  0.1126,  0.2497,  0.2779,  0.2047,  0.4044,
         0.2145,  0.4897,  0.4857,  0.1584,  0.1990,  0.0154,  0.2887,  0.2932,
         0.0130,  0.0282,  0.5114,  0.4831,  0.3491,  0.2699,  0.2622,  0.0720,
         0.0512,  0.0756,  0.2208,  0.0638,  0.1487,  0.4715,  0.1963,  0.2626,
         0.1587,  0.0056,  0.0813,  0.0826,  0.3695,  0.3460,  0.3656,  0.2592,
         0.1071,  0.1445,  0.2162,  0.1451,  0.0567,  0.1756,  0.5612,  0.2654,
         0.1941,  0.0645,  0.5554,  0.3850,  0.2671,  0.1569,  0.2010,  0.1001,
         0.2286,  0.1110,  0.0218,  0.2023,  0.0536,  0.1369,  0.2572,  0.3992,
         0.2387,  0.1618,  0.5526,  0.0918,  0.2488,  0.2223,  0.1653,  0.2653,
         0.3955,  0.4956,  0.1785,  0.5603,  0.5889,  0.2267,  0.0986,  0.2721,
         0.1107,  0.0139,  0.1828,  0.1833,  0.2772,  0.1350,  0.0982,  0.0633,
         0.1700,  0.2366,  0.1527,  0.0424,  0.1768,  0.2384,  0.2392,  0.4139,
         0.1469,  0.0064,  0.2133,  0.1798,  0.3615,  0.0627,  0.3419,  0.2830,
         0.0588,  0.0845,  0.1195,  0.2055,  0.2210,  0.1566,  0.1970,  0.2752,
         0.2581,  0.2284,  0.2937,  0.2491,  0.1349,  0.1692,  0.1562,  0.1076,
         0.1185,  0.0037,  0.2550,  0.1584,  0.3407,  0.2379,  0.2642,  0.2607,
         0.1515])"
21,21,0.0936425726582755,"tensor([0.3775, 0.4247, 0.3128, 0.2753, 0.1522, 0.5956, 0.5935, 0.4136, 0.0099,
        0.2471, 0.1889, 0.1121, 0.2443, 0.2233, 0.1157, 0.2714, 0.5058, 0.0161,
        0.0680, 0.4354, 0.4236, 0.2018, 0.3007, 0.2431, 0.2247, 0.3106, 0.3250,
        0.3095, 0.3848, 0.2488, 0.2612, 0.0494, 0.2433, 0.1285, 0.3488, 0.2861,
        0.2347, 0.5431, 0.0460, 0.2613, 0.1960, 0.4761, 0.1566, 0.2703, 0.2575,
        0.2655, 0.1404, 0.2912, 0.1426, 0.1490, 0.0941, 0.1671, 0.3014, 0.1652,
        0.2463, 0.3190, 0.1725, 0.1863, 0.0773, 0.1053, 0.2466, 0.1552, 0.2745,
        0.1343, 0.4033, 0.2678, 0.1024, 0.3700, 0.5344, 0.1448, 0.2396, 0.1501,
        0.2699, 0.1730, 0.2453, 0.0968, 0.0886, 0.0309, 0.2039, 0.0151, 0.3420,
        0.0304, 0.0276, 0.1247, 0.1154, 0.3127, 0.1921, 0.5181, 0.1894, 0.0682,
        0.2980, 0.0289, 0.2432, 0.0915, 0.0915, 0.1634, 0.0428, 0.1074, 0.3616,
        0.2589, 0.3425, 0.2967, 0.1163, 0.1826, 0.2955, 0.3013, 0.0838, 0.2252,
        0.1529, 0.2921, 0.2418, 0.3419, 0.5109, 0.5555, 0.1338, 0.3671, 0.3545,
        0.1984, 0.1327, 0.5330, 0.2277, 0.4759, 0.3513, 0.2925, 0.3069, 0.3002,
        0.3036, 0.5808, 0.1788, 0.0613, 0.1807, 0.4672, 0.4741, 0.1709, 0.0718,
        0.2430, 0.1831, 0.2885, 0.0519, 0.2173, 0.1233, 0.2421, 0.1384, 0.2025,
        0.1817, 0.0791, 0.4225, 0.2289, 0.2358, 0.2780, 0.1560, 0.3709, 0.0997,
        0.1948, 0.2445, 0.2460, 0.1563, 0.3599, 0.2678, 0.2849, 0.2326, 0.0849,
        0.1258, 0.0668, 0.5536, 0.3879, 0.3479, 0.3875, 0.4801, 0.4205, 0.5961,
        0.4807, 0.1031, 0.1891, 0.2532, 0.2915, 0.1234, 0.1011, 0.1654, 0.4597,
        0.1471, 0.3827, 0.1921, 0.5197, 0.0827, 0.2512, 0.3892, 0.1228, 0.2600,
        0.2854, 0.2124, 0.4082, 0.2054, 0.4645, 0.4881, 0.2059, 0.2189, 0.0137,
        0.3082, 0.3243, 0.0151, 0.0254, 0.5190, 0.4876, 0.3446, 0.2654, 0.2744,
        0.0569, 0.0546, 0.0883, 0.2393, 0.0627, 0.1667, 0.4717, 0.1942, 0.2781,
        0.1817, 0.0115, 0.1049, 0.0949, 0.3895, 0.3691, 0.3787, 0.2784, 0.1179,
        0.1590, 0.2090, 0.1666, 0.0780, 0.1733, 0.5703, 0.2733, 0.2041, 0.0731,
        0.5604, 0.3858, 0.2942, 0.1579, 0.1995, 0.1100, 0.2580, 0.1086, 0.0474,
        0.2150, 0.0752, 0.1524, 0.2703, 0.4134, 0.2524, 0.1497, 0.5673, 0.0907,
        0.2487, 0.2217, 0.1852, 0.2548, 0.4128, 0.5079, 0.1933, 0.5788, 0.5974,
        0.2465, 0.1334, 0.2916, 0.1088, 0.0257, 0.1965, 0.1963, 0.2789, 0.1415,
        0.1226, 0.0689, 0.1866, 0.2313, 0.1724, 0.0364, 0.1853, 0.2627, 0.2531,
        0.4191, 0.1590, 0.0275, 0.2419, 0.1955, 0.3762, 0.0874, 0.3525, 0.2897,
        0.0753, 0.1084, 0.1354, 0.2031, 0.2093, 0.1454, 0.2193, 0.2889, 0.2723,
        0.2457, 0.3061, 0.2489, 0.1585, 0.1805, 0.1721, 0.1222, 0.1268, 0.0124,
        0.2559, 0.1926, 0.3675, 0.2557, 0.2821, 0.2811, 0.1716])",0.09491306436913353,"tensor([ 0.3714,  0.4037,  0.2924,  0.2610,  0.1208,  0.5788,  0.5765,  0.4125,
         0.0018,  0.2267,  0.1890,  0.1101,  0.2260,  0.2123,  0.0964,  0.2738,
         0.4955, -0.0067,  0.0706,  0.4243,  0.4109,  0.1923,  0.2845,  0.2375,
         0.2123,  0.2884,  0.3051,  0.3193,  0.3645,  0.2278,  0.2350,  0.0345,
         0.2490,  0.1059,  0.3270,  0.2433,  0.2272,  0.5312,  0.0527,  0.2451,
         0.1938,  0.4561,  0.1384,  0.2711,  0.2323,  0.2444,  0.1570,  0.2788,
         0.1204,  0.1480,  0.0789,  0.1418,  0.2913,  0.1459,  0.2187,  0.3029,
         0.1545,  0.1841,  0.0501,  0.0816,  0.2280,  0.1215,  0.2614,  0.1226,
         0.3918,  0.2488,  0.0863,  0.3732,  0.5226,  0.1214,  0.2195,  0.1118,
         0.2601,  0.1580,  0.2179,  0.0908,  0.0711,  0.0103,  0.2109,  0.0040,
         0.3230,  0.0155,  0.0201,  0.1034,  0.1028,  0.2918,  0.1896,  0.5028,
         0.1552,  0.0684,  0.2912,  0.0336,  0.2344,  0.0748,  0.0799,  0.1569,
         0.0121,  0.0876,  0.3358,  0.2451,  0.3324,  0.2871,  0.0946,  0.1801,
         0.2666,  0.2797,  0.0748,  0.2228,  0.1273,  0.2963,  0.2811,  0.3319,
         0.5011,  0.5517,  0.1276,  0.3970,  0.3463,  0.1832,  0.1099,  0.5309,
         0.2120,  0.4506,  0.3318,  0.2710,  0.2832,  0.2677,  0.2908,  0.5755,
         0.1711,  0.0627,  0.1685,  0.4538,  0.4639,  0.1514,  0.0655,  0.2268,
         0.1460,  0.2853,  0.0801,  0.2030,  0.1017,  0.2319,  0.1358,  0.1912,
         0.1493,  0.0587,  0.4108,  0.1993,  0.2318,  0.2458,  0.1558,  0.3673,
         0.0883,  0.2077,  0.2311,  0.2496,  0.1500,  0.3429,  0.2570,  0.2848,
         0.2188,  0.0647,  0.1071,  0.0443,  0.5503,  0.3828,  0.3390,  0.3925,
         0.4802,  0.4248,  0.5840,  0.4721,  0.0907,  0.1776,  0.2398,  0.2215,
         0.1016,  0.0856,  0.1531,  0.4418,  0.1286,  0.3642,  0.1838,  0.5053,
         0.0625,  0.2299,  0.3641,  0.1109,  0.2503,  0.2808,  0.1954,  0.4052,
         0.2220,  0.4954,  0.4858,  0.1663,  0.1961,  0.0099,  0.2921,  0.2929,
         0.0079,  0.0349,  0.5134,  0.4826,  0.3503,  0.2704,  0.2634,  0.0552,
         0.0396,  0.0776,  0.2282,  0.0597,  0.1485,  0.4761,  0.1988,  0.2636,
         0.1587,  0.0013,  0.0821,  0.0901,  0.3682,  0.3472,  0.3664,  0.2586,
         0.1087,  0.1377,  0.2042,  0.1461,  0.0556,  0.1743,  0.5624,  0.2646,
         0.1898,  0.0693,  0.5553,  0.3877,  0.2677,  0.1567,  0.2022,  0.1044,
         0.2262,  0.1139,  0.0183,  0.1985,  0.0576,  0.1370,  0.2570,  0.3988,
         0.2378,  0.1675,  0.5549,  0.0952,  0.2514,  0.2196,  0.1651,  0.2670,
         0.3966,  0.4969,  0.1756,  0.5607,  0.5893,  0.2274,  0.1041,  0.2738,
         0.1059,  0.0082,  0.1854,  0.1846,  0.2775,  0.1319,  0.1066,  0.0754,
         0.1762,  0.2359,  0.1525,  0.0390,  0.1766,  0.2404,  0.2419,  0.4153,
         0.1471,  0.0026,  0.2109,  0.1784,  0.3630,  0.0670,  0.3406,  0.2851,
         0.0628,  0.0856,  0.1244,  0.2089,  0.2184,  0.1551,  0.1968,  0.2743,
         0.2588,  0.2316,  0.2962,  0.2484,  0.1336,  0.1642,  0.1579,  0.1061,
         0.1144, -0.0029,  0.2536,  0.1588,  0.3400,  0.2369,  0.2648,  0.2643,
         0.1552])"
22,22,0.09358234418861902,"tensor([0.3789, 0.4254, 0.3128, 0.2758, 0.1544, 0.5953, 0.5987, 0.4145, 0.0111,
        0.2486, 0.1939, 0.1161, 0.2459, 0.2317, 0.1147, 0.2702, 0.5064, 0.0178,
        0.0728, 0.4356, 0.4236, 0.2060, 0.2993, 0.2440, 0.2258, 0.3131, 0.3267,
        0.3146, 0.3877, 0.2503, 0.2641, 0.0477, 0.2426, 0.1298, 0.3500, 0.2839,
        0.2363, 0.5426, 0.0513, 0.2628, 0.2057, 0.4770, 0.1582, 0.2713, 0.2591,
        0.2669, 0.1451, 0.2922, 0.1449, 0.1483, 0.1013, 0.1676, 0.3043, 0.1671,
        0.2474, 0.3200, 0.1738, 0.1870, 0.0719, 0.1049, 0.2459, 0.1559, 0.2765,
        0.1378, 0.4041, 0.2667, 0.1037, 0.3701, 0.5357, 0.1465, 0.2402, 0.1495,
        0.2696, 0.1777, 0.2510, 0.1039, 0.0898, 0.0288, 0.2146, 0.0105, 0.3427,
        0.0273, 0.0211, 0.1266, 0.1180, 0.3129, 0.1983, 0.5185, 0.1890, 0.0688,
        0.3007, 0.0300, 0.2462, 0.0961, 0.0941, 0.1601, 0.0427, 0.1075, 0.3642,
        0.2596, 0.3423, 0.2964, 0.1186, 0.1817, 0.3044, 0.3032, 0.0747, 0.2271,
        0.1534, 0.2931, 0.2420, 0.3427, 0.5120, 0.5562, 0.1321, 0.3703, 0.3587,
        0.1990, 0.1352, 0.5338, 0.2283, 0.4756, 0.3530, 0.2947, 0.3069, 0.3020,
        0.3054, 0.5812, 0.1810, 0.0648, 0.1802, 0.4679, 0.4774, 0.1731, 0.0711,
        0.2437, 0.1851, 0.2906, 0.0604, 0.2172, 0.1209, 0.2406, 0.1396, 0.2042,
        0.1828, 0.0818, 0.4218, 0.2312, 0.2351, 0.2787, 0.1614, 0.3730, 0.1010,
        0.1971, 0.2452, 0.2470, 0.1575, 0.3618, 0.2722, 0.2852, 0.2363, 0.0849,
        0.1237, 0.0617, 0.5556, 0.3898, 0.3517, 0.3866, 0.4832, 0.4208, 0.5965,
        0.4818, 0.1069, 0.1875, 0.2518, 0.2882, 0.1234, 0.1046, 0.1704, 0.4597,
        0.1480, 0.3833, 0.1936, 0.5199, 0.0834, 0.2514, 0.3904, 0.1283, 0.2597,
        0.2883, 0.2141, 0.4096, 0.2084, 0.4655, 0.4894, 0.2087, 0.2203, 0.0131,
        0.3097, 0.3240, 0.0185, 0.0227, 0.5206, 0.4879, 0.3461, 0.2669, 0.2754,
        0.0503, 0.0494, 0.0877, 0.2420, 0.0650, 0.1679, 0.4705, 0.1949, 0.2770,
        0.1805, 0.0159, 0.1018, 0.1010, 0.3895, 0.3714, 0.3789, 0.2790, 0.1206,
        0.1572, 0.2177, 0.1655, 0.0834, 0.1759, 0.5701, 0.2732, 0.2040, 0.0755,
        0.5609, 0.3870, 0.2992, 0.1587, 0.2019, 0.1109, 0.2592, 0.1115, 0.0453,
        0.2159, 0.0781, 0.1549, 0.2709, 0.4151, 0.2549, 0.1489, 0.5682, 0.0755,
        0.2489, 0.2227, 0.1858, 0.2515, 0.4129, 0.5106, 0.1937, 0.5799, 0.5980,
        0.2473, 0.1322, 0.2931, 0.1131, 0.0256, 0.1999, 0.1982, 0.2781, 0.1312,
        0.1235, 0.0668, 0.1902, 0.2331, 0.1727, 0.0369, 0.1830, 0.2651, 0.2554,
        0.4195, 0.1558, 0.0340, 0.2432, 0.1939, 0.3773, 0.0831, 0.3555, 0.2923,
        0.0786, 0.1087, 0.1375, 0.1994, 0.2119, 0.1535, 0.2199, 0.2890, 0.2741,
        0.2480, 0.3074, 0.2488, 0.1602, 0.1814, 0.1731, 0.1227, 0.1293, 0.0122,
        0.2569, 0.1906, 0.3661, 0.2581, 0.2835, 0.2811, 0.1751])",0.09490314578371388,"tensor([ 3.7289e-01,  4.0435e-01,  2.9263e-01,  2.6454e-01,  1.2116e-01,
         5.7895e-01,  5.7325e-01,  4.1508e-01,  7.1688e-03,  2.2685e-01,
         1.8571e-01,  1.0831e-01,  2.2891e-01,  2.1313e-01,  9.6276e-02,
         2.7139e-01,  4.9580e-01, -8.0087e-03,  6.2940e-02,  4.3009e-01,
         4.0983e-01,  1.9019e-01,  2.7938e-01,  2.3879e-01,  2.1603e-01,
         2.8737e-01,  3.0842e-01,  3.2214e-01,  3.6983e-01,  2.2721e-01,
         2.3509e-01,  3.2612e-02,  2.5354e-01,  9.4472e-02,  3.2489e-01,
         2.4835e-01,  2.2627e-01,  5.3186e-01,  4.8340e-02,  2.4568e-01,
         2.0668e-01,  4.5644e-01,  1.3970e-01,  2.7223e-01,  2.3777e-01,
         2.4704e-01,  1.5964e-01,  2.8373e-01,  1.2301e-01,  1.4338e-01,
         8.7685e-02,  1.3485e-01,  2.9218e-01,  1.4132e-01,  2.1525e-01,
         3.0337e-01,  1.5719e-01,  1.9334e-01,  5.4272e-02,  8.2054e-02,
         2.3158e-01,  1.2281e-01,  2.5752e-01,  1.2337e-01,  3.9104e-01,
         2.5194e-01,  9.1816e-02,  3.7133e-01,  5.2267e-01,  1.1667e-01,
         2.1621e-01,  1.1575e-01,  2.5814e-01,  1.6214e-01,  2.2556e-01,
         8.9557e-02,  7.7223e-02,  5.5680e-03,  2.1168e-01,  8.2996e-03,
         3.2286e-01,  1.7964e-02,  1.3703e-02,  1.0480e-01,  1.1385e-01,
         2.8824e-01,  1.8756e-01,  5.0339e-01,  1.6186e-01,  6.4972e-02,
         2.9218e-01,  2.5731e-02,  2.3549e-01,  7.9350e-02,  9.1494e-02,
         1.5397e-01,  2.8145e-02,  8.8734e-02,  3.3546e-01,  2.4700e-01,
         3.3770e-01,  2.8899e-01,  1.0549e-01,  1.8127e-01,  2.6644e-01,
         2.8042e-01,  7.3253e-02,  2.2001e-01,  1.2668e-01,  2.9781e-01,
         2.8073e-01,  3.3478e-01,  5.0217e-01,  5.5162e-01,  1.2691e-01,
         3.9777e-01,  3.4847e-01,  1.8576e-01,  1.1352e-01,  5.3123e-01,
         2.1122e-01,  4.5137e-01,  3.2993e-01,  2.6911e-01,  2.8325e-01,
         2.7030e-01,  2.8856e-01,  5.7669e-01,  1.6974e-01,  6.0933e-02,
         1.6538e-01,  4.5322e-01,  4.6991e-01,  1.4787e-01,  6.1571e-02,
         2.2583e-01,  1.4347e-01,  2.8679e-01,  7.0615e-02,  1.9984e-01,
         9.6879e-02,  2.3392e-01,  1.3747e-01,  1.9050e-01,  1.5277e-01,
         5.2754e-02,  4.1289e-01,  2.0419e-01,  2.3746e-01,  2.4420e-01,
         1.6212e-01,  3.6693e-01,  8.3258e-02,  2.0165e-01,  2.3235e-01,
         2.4525e-01,  1.5292e-01,  3.4032e-01,  2.6057e-01,  2.8414e-01,
         2.2098e-01,  6.9793e-02,  1.0689e-01,  6.0355e-02,  5.5167e-01,
         3.8071e-01,  3.3845e-01,  3.9807e-01,  4.7894e-01,  4.2365e-01,
         5.8521e-01,  4.7367e-01,  8.9659e-02,  1.7463e-01,  2.3861e-01,
         2.2566e-01,  1.0519e-01,  9.8805e-02,  1.5953e-01,  4.4537e-01,
         1.2273e-01,  3.6474e-01,  1.8600e-01,  5.0517e-01,  6.1264e-02,
         2.3061e-01,  3.6447e-01,  1.1205e-01,  2.5081e-01,  2.8223e-01,
         2.0751e-01,  4.0747e-01,  2.1750e-01,  4.9193e-01,  4.8545e-01,
         1.7610e-01,  2.0042e-01,  6.1894e-03,  2.9058e-01,  2.9601e-01,
        -3.2204e-04,  2.9035e-02,  5.1595e-01,  4.8281e-01,  3.5248e-01,
         2.6939e-01,  2.6309e-01,  5.8999e-02,  5.2377e-02,  7.7194e-02,
         2.3144e-01,  4.9735e-02,  1.5193e-01,  4.8103e-01,  2.0023e-01,
         2.6600e-01,  1.5555e-01,  8.8919e-04,  7.3619e-02,  8.0310e-02,
         3.6937e-01,  3.4598e-01,  3.6549e-01,  2.5890e-01,  1.0996e-01,
         1.4498e-01,  2.1317e-01,  1.4624e-01,  5.5517e-02,  1.7507e-01,
         5.5781e-01,  2.6660e-01,  1.9350e-01,  6.6445e-02,  5.5471e-01,
         3.8893e-01,  2.6704e-01,  1.5136e-01,  1.9816e-01,  1.0071e-01,
         2.3217e-01,  1.1203e-01,  2.7329e-02,  1.9838e-01,  5.7811e-02,
         1.3765e-01,  2.5157e-01,  4.0138e-01,  2.4025e-01,  1.7405e-01,
         5.5499e-01,  8.0208e-02,  2.5118e-01,  2.2395e-01,  1.6252e-01,
         2.6320e-01,  3.9585e-01,  4.9715e-01,  1.7567e-01,  5.6122e-01,
         5.8793e-01,  2.2662e-01,  1.0249e-01,  2.7123e-01,  1.0875e-01,
         1.4985e-02,  1.8652e-01,  1.7498e-01,  2.7685e-01,  1.3428e-01,
         1.0009e-01,  6.6101e-02,  1.7220e-01,  2.3478e-01,  1.5150e-01,
         5.3172e-02,  1.8437e-01,  2.3884e-01,  2.4958e-01,  4.1499e-01,
         1.4699e-01,  3.8635e-03,  2.1436e-01,  1.7751e-01,  3.6032e-01,
         6.5827e-02,  3.4203e-01,  2.8679e-01,  6.2333e-02,  9.1052e-02,
         1.2486e-01,  2.0896e-01,  2.1904e-01,  1.5747e-01,  1.9518e-01,
         2.7492e-01,  2.6131e-01,  2.3661e-01,  2.9194e-01,  2.4642e-01,
         1.3434e-01,  1.7197e-01,  1.5690e-01,  1.0590e-01,  1.1728e-01,
         1.1798e-02,  2.5403e-01,  1.6283e-01,  3.3966e-01,  2.3617e-01,
         2.6501e-01,  2.6475e-01,  1.5160e-01])"
23,23,0.09350897089314104,"tensor([0.3806, 0.4273, 0.3146, 0.2765, 0.1520, 0.5968, 0.5964, 0.4148, 0.0093,
        0.2495, 0.1895, 0.1144, 0.2448, 0.2348, 0.1179, 0.2738, 0.5077, 0.0181,
        0.0665, 0.4364, 0.4231, 0.2051, 0.3025, 0.2460, 0.2275, 0.3141, 0.3282,
        0.3154, 0.3865, 0.2516, 0.2657, 0.0499, 0.2482, 0.1257, 0.3518, 0.2890,
        0.2367, 0.5447, 0.0513, 0.2653, 0.2096, 0.4778, 0.1597, 0.2763, 0.2620,
        0.2670, 0.1439, 0.2996, 0.1469, 0.1515, 0.0973, 0.1694, 0.3071, 0.1656,
        0.2484, 0.3213, 0.1756, 0.1902, 0.0627, 0.1095, 0.2501, 0.1575, 0.2776,
        0.1393, 0.4050, 0.2720, 0.1063, 0.3719, 0.5369, 0.1407, 0.2427, 0.1548,
        0.2722, 0.1737, 0.2514, 0.1115, 0.0962, 0.0274, 0.2106, 0.0143, 0.3425,
        0.0267, 0.0249, 0.1318, 0.1149, 0.3145, 0.1988, 0.5191, 0.1887, 0.0684,
        0.3004, 0.0327, 0.2483, 0.0923, 0.0935, 0.1645, 0.0459, 0.1081, 0.3640,
        0.2607, 0.3462, 0.2989, 0.1195, 0.1855, 0.3064, 0.3034, 0.0797, 0.2273,
        0.1549, 0.2942, 0.2331, 0.3443, 0.5132, 0.5575, 0.1330, 0.3730, 0.3585,
        0.1995, 0.1366, 0.5346, 0.2296, 0.4765, 0.3582, 0.2951, 0.3074, 0.3046,
        0.3070, 0.5814, 0.1819, 0.0637, 0.1834, 0.4691, 0.4774, 0.1748, 0.0776,
        0.2448, 0.1872, 0.2903, 0.0668, 0.2175, 0.1243, 0.2433, 0.1423, 0.2060,
        0.1824, 0.0846, 0.4237, 0.2314, 0.2359, 0.2799, 0.1625, 0.3748, 0.1052,
        0.1973, 0.2463, 0.2454, 0.1590, 0.3626, 0.2734, 0.2864, 0.2384, 0.0882,
        0.1243, 0.0712, 0.5566, 0.3914, 0.3542, 0.3855, 0.4846, 0.4259, 0.5971,
        0.4829, 0.1022, 0.1900, 0.2541, 0.2895, 0.1236, 0.1100, 0.1703, 0.4611,
        0.1467, 0.3839, 0.1933, 0.5208, 0.0844, 0.2534, 0.3935, 0.1291, 0.2596,
        0.2887, 0.2137, 0.4106, 0.2001, 0.4616, 0.4899, 0.2036, 0.2219, 0.0095,
        0.3105, 0.3282, 0.0176, 0.0310, 0.5245, 0.4889, 0.3469, 0.2683, 0.2760,
        0.0604, 0.0511, 0.0950, 0.2436, 0.0620, 0.1700, 0.4682, 0.1943, 0.2802,
        0.1779, 0.0105, 0.0954, 0.1003, 0.3908, 0.3717, 0.3798, 0.2817, 0.1212,
        0.1674, 0.2159, 0.1697, 0.0852, 0.1760, 0.5721, 0.2758, 0.2075, 0.0794,
        0.5605, 0.3882, 0.2999, 0.1606, 0.2024, 0.1120, 0.2626, 0.1117, 0.0436,
        0.2158, 0.0720, 0.1562, 0.2739, 0.4163, 0.2571, 0.1466, 0.5696, 0.0901,
        0.2508, 0.2253, 0.1860, 0.2555, 0.4142, 0.5128, 0.1949, 0.5793, 0.5997,
        0.2502, 0.1301, 0.2942, 0.1138, 0.0316, 0.2014, 0.1979, 0.2788, 0.1474,
        0.1339, 0.0669, 0.1915, 0.2367, 0.1736, 0.0416, 0.1885, 0.2649, 0.2595,
        0.4200, 0.1575, 0.0238, 0.2436, 0.1945, 0.3787, 0.0811, 0.3565, 0.2937,
        0.0759, 0.1095, 0.1388, 0.2046, 0.2124, 0.1542, 0.2193, 0.2904, 0.2752,
        0.2510, 0.3092, 0.2518, 0.1602, 0.1865, 0.1737, 0.1236, 0.1285, 0.0128,
        0.2582, 0.1944, 0.3692, 0.2571, 0.2844, 0.2843, 0.1748])",0.09490234670894486,"tensor([ 0.3731,  0.4059,  0.2931,  0.2630,  0.1212,  0.5791,  0.5746,  0.4178,
         0.0085,  0.2251,  0.1865,  0.1104,  0.2221,  0.2052,  0.0929,  0.2745,
         0.4969, -0.0120,  0.0691,  0.4300,  0.4105,  0.1930,  0.2858,  0.2413,
         0.2117,  0.2889,  0.3095,  0.3221,  0.3703,  0.2283,  0.2352,  0.0428,
         0.2573,  0.0896,  0.3250,  0.2469,  0.2258,  0.5296,  0.0544,  0.2460,
         0.2062,  0.4573,  0.1399,  0.2747,  0.2414,  0.2457,  0.1589,  0.2875,
         0.1189,  0.1457,  0.0835,  0.1441,  0.2927,  0.1470,  0.2184,  0.3037,
         0.1577,  0.1984,  0.0375,  0.0845,  0.2359,  0.1261,  0.2608,  0.1246,
         0.3922,  0.2537,  0.0916,  0.3688,  0.5251,  0.1200,  0.2211,  0.1184,
         0.2604,  0.1571,  0.2255,  0.0935,  0.0761,  0.0029,  0.2002,  0.0044,
         0.3223,  0.0134,  0.0189,  0.1074,  0.0800,  0.2907,  0.1920,  0.5023,
         0.1596,  0.0641,  0.2921,  0.0254,  0.2375,  0.0740,  0.0843,  0.1566,
         0.0138,  0.0880,  0.3315,  0.2442,  0.3383,  0.2923,  0.1004,  0.1848,
         0.2718,  0.2805,  0.0827,  0.2197,  0.1286,  0.2961,  0.2861,  0.3328,
         0.5018,  0.5506,  0.1239,  0.3990,  0.3501,  0.1819,  0.1127,  0.5314,
         0.2123,  0.4502,  0.3320,  0.2694,  0.2864,  0.2715,  0.2909,  0.5760,
         0.1781,  0.0580,  0.1689,  0.4541,  0.4699,  0.1531,  0.0633,  0.2225,
         0.1487,  0.2890,  0.0773,  0.1939,  0.0993,  0.2328,  0.1353,  0.1945,
         0.1499,  0.0556,  0.4146,  0.2023,  0.2377,  0.2459,  0.1636,  0.3686,
         0.0835,  0.2059,  0.2325,  0.2491,  0.1539,  0.3442,  0.2618,  0.2855,
         0.2217,  0.0660,  0.1103,  0.0620,  0.5521,  0.3836,  0.3386,  0.3971,
         0.4820,  0.4286,  0.5855,  0.4735,  0.0952,  0.1785,  0.2407,  0.2200,
         0.1034,  0.0996,  0.1594,  0.4437,  0.1221,  0.3631,  0.1836,  0.5055,
         0.0440,  0.2323,  0.3649,  0.1160,  0.2451,  0.2799,  0.2037,  0.4046,
         0.2221,  0.4956,  0.4852,  0.1671,  0.2025,  0.0146,  0.2918,  0.2903,
         0.0160,  0.0333,  0.5155,  0.4838,  0.3508,  0.2691,  0.2608,  0.0425,
         0.0509,  0.0867,  0.2318,  0.0473,  0.1483,  0.4758,  0.1972,  0.2650,
         0.1546,  0.0041,  0.0721,  0.0795,  0.3683,  0.3478,  0.3681,  0.2606,
         0.1106,  0.1469,  0.2143,  0.1462,  0.0495,  0.1775,  0.5629,  0.2657,
         0.1971,  0.0610,  0.5549,  0.3906,  0.2695,  0.1553,  0.2004,  0.1020,
         0.2314,  0.1106,  0.0320,  0.2027,  0.0512,  0.1352,  0.2529,  0.4013,
         0.2410,  0.1800,  0.5558,  0.0857,  0.2471,  0.2244,  0.1672,  0.2619,
         0.3989,  0.4998,  0.1775,  0.5605,  0.5886,  0.2294,  0.1038,  0.2738,
         0.1147,  0.0153,  0.1873,  0.1828,  0.2753,  0.1344,  0.1139,  0.0743,
         0.1828,  0.2377,  0.1533,  0.0566,  0.1849,  0.2411,  0.2505,  0.4138,
         0.1436,  0.0030,  0.2145,  0.1793,  0.3641,  0.0677,  0.3421,  0.2847,
         0.0659,  0.0875,  0.1155,  0.2071,  0.2210,  0.1564,  0.1949,  0.2740,
         0.2618,  0.2361,  0.2960,  0.2455,  0.1384,  0.1737,  0.1535,  0.1082,
         0.1244, -0.0014,  0.2533,  0.1615,  0.3438,  0.2365,  0.2655,  0.2658,
         0.1523])"
24,24,0.09343294652540292,"tensor([0.3815, 0.4273, 0.3161, 0.2787, 0.1547, 0.5962, 0.5996, 0.4173, 0.0075,
        0.2522, 0.1942, 0.1165, 0.2470, 0.2366, 0.1182, 0.2730, 0.5077, 0.0249,
        0.0678, 0.4372, 0.4259, 0.2063, 0.3042, 0.2521, 0.2273, 0.3147, 0.3284,
        0.3180, 0.3894, 0.2482, 0.2683, 0.0565, 0.2556, 0.1279, 0.3529, 0.2916,
        0.2379, 0.5449, 0.0450, 0.2671, 0.2116, 0.4794, 0.1610, 0.2761, 0.2641,
        0.2697, 0.1452, 0.3016, 0.1483, 0.1547, 0.0972, 0.1655, 0.3061, 0.1712,
        0.2485, 0.3219, 0.1776, 0.1907, 0.0701, 0.1078, 0.2527, 0.1605, 0.2798,
        0.1401, 0.4064, 0.2719, 0.1037, 0.3729, 0.5377, 0.1473, 0.2431, 0.1613,
        0.2737, 0.1745, 0.2531, 0.1078, 0.1004, 0.0319, 0.2207, 0.0091, 0.3433,
        0.0271, 0.0276, 0.1344, 0.1184, 0.3160, 0.1995, 0.5209, 0.1894, 0.0688,
        0.3025, 0.0248, 0.2488, 0.0974, 0.0921, 0.1599, 0.0358, 0.1087, 0.3662,
        0.2594, 0.3471, 0.3016, 0.1186, 0.1885, 0.3075, 0.3058, 0.0844, 0.2286,
        0.1555, 0.2928, 0.2448, 0.3454, 0.5136, 0.5577, 0.1366, 0.3727, 0.3611,
        0.2021, 0.1338, 0.5350, 0.2304, 0.4774, 0.3580, 0.2964, 0.3110, 0.3070,
        0.3069, 0.5823, 0.1886, 0.0657, 0.1823, 0.4691, 0.4796, 0.1755, 0.0743,
        0.2473, 0.1905, 0.2911, 0.0631, 0.2208, 0.1285, 0.2451, 0.1448, 0.2087,
        0.1824, 0.0822, 0.4261, 0.2339, 0.2371, 0.2820, 0.1656, 0.3753, 0.1044,
        0.1993, 0.2466, 0.2484, 0.1611, 0.3630, 0.2743, 0.2887, 0.2402, 0.0822,
        0.1276, 0.0658, 0.5591, 0.3921, 0.3523, 0.3894, 0.4849, 0.4271, 0.5979,
        0.4836, 0.1041, 0.1894, 0.2550, 0.2992, 0.1271, 0.1113, 0.1706, 0.4630,
        0.1476, 0.3853, 0.1960, 0.5220, 0.0826, 0.2558, 0.3939, 0.1289, 0.2613,
        0.2895, 0.2177, 0.4114, 0.2015, 0.4672, 0.4901, 0.2107, 0.2234, 0.0110,
        0.3107, 0.3286, 0.0163, 0.0224, 0.5257, 0.4914, 0.3477, 0.2700, 0.2764,
        0.0591, 0.0634, 0.0955, 0.2486, 0.0594, 0.1688, 0.4733, 0.1948, 0.2826,
        0.1822, 0.0105, 0.0986, 0.0975, 0.3916, 0.3735, 0.3816, 0.2829, 0.1260,
        0.1673, 0.2211, 0.1671, 0.0837, 0.1751, 0.5723, 0.2765, 0.2085, 0.0780,
        0.5628, 0.3893, 0.3010, 0.1539, 0.2034, 0.1122, 0.2611, 0.1075, 0.0482,
        0.2178, 0.0815, 0.1557, 0.2755, 0.4175, 0.2591, 0.1553, 0.5705, 0.0921,
        0.2513, 0.2248, 0.1877, 0.2546, 0.4160, 0.5147, 0.1957, 0.5810, 0.5997,
        0.2514, 0.1343, 0.2946, 0.1132, 0.0254, 0.2032, 0.1990, 0.2813, 0.1464,
        0.1332, 0.0724, 0.1955, 0.2378, 0.1747, 0.0415, 0.1909, 0.2675, 0.2593,
        0.4226, 0.1604, 0.0287, 0.2445, 0.1994, 0.3808, 0.0817, 0.3564, 0.2941,
        0.0780, 0.1128, 0.1325, 0.2032, 0.2135, 0.1562, 0.2224, 0.2918, 0.2764,
        0.2531, 0.3091, 0.2501, 0.1628, 0.1865, 0.1754, 0.1226, 0.1332, 0.0171,
        0.2598, 0.1956, 0.3712, 0.2593, 0.2864, 0.2845, 0.1754])",0.0948524038706507,"tensor([ 0.3736,  0.4073,  0.2936,  0.2643,  0.1162,  0.5789,  0.5717,  0.4185,
         0.0094,  0.2270,  0.1926,  0.1098,  0.2290,  0.2081,  0.1000,  0.2745,
         0.4975, -0.0065,  0.0614,  0.4310,  0.4119,  0.1931,  0.2869,  0.2434,
         0.2143,  0.2852,  0.3090,  0.3220,  0.3705,  0.2282,  0.2369,  0.0402,
         0.2621,  0.0996,  0.3279,  0.2467,  0.2292,  0.5314,  0.0550,  0.2473,
         0.2034,  0.4571,  0.1377,  0.2714,  0.2395,  0.2471,  0.1564,  0.2894,
         0.1202,  0.1494,  0.0864,  0.1409,  0.2924,  0.1373,  0.2172,  0.3064,
         0.1567,  0.1939,  0.0560,  0.0894,  0.2308,  0.1260,  0.2582,  0.1235,
         0.3930,  0.2528,  0.0945,  0.3719,  0.5210,  0.1257,  0.2221,  0.1230,
         0.2612,  0.1605,  0.2204,  0.0829,  0.0753,  0.0052,  0.2103,  0.0033,
         0.3235,  0.0158,  0.0158,  0.1129,  0.1180,  0.2920,  0.1949,  0.5039,
         0.1622,  0.0588,  0.2936,  0.0364,  0.2373,  0.0727,  0.0820,  0.1523,
         0.0294,  0.0875,  0.3365,  0.2477,  0.3381,  0.2876,  0.1056,  0.1858,
         0.2702,  0.2815,  0.0864,  0.2226,  0.1287,  0.2982,  0.2878,  0.3334,
         0.5001,  0.5518,  0.1251,  0.3981,  0.3492,  0.1816,  0.1108,  0.5324,
         0.2096,  0.4535,  0.3327,  0.2719,  0.2856,  0.2718,  0.2927,  0.5766,
         0.1793,  0.0648,  0.1678,  0.4549,  0.4717,  0.1503,  0.0570,  0.2281,
         0.1462,  0.2871,  0.0585,  0.2038,  0.1010,  0.2288,  0.1342,  0.1982,
         0.1552,  0.0654,  0.4143,  0.2069,  0.2316,  0.2464,  0.1623,  0.3644,
         0.0760,  0.2068,  0.2319,  0.2511,  0.1546,  0.3439,  0.2582,  0.2892,
         0.2229,  0.0672,  0.1090,  0.0636,  0.5527,  0.3826,  0.3389,  0.3985,
         0.4824,  0.4316,  0.5863,  0.4725,  0.1011,  0.1779,  0.2388,  0.2198,
         0.1089,  0.0913,  0.1562,  0.4426,  0.1220,  0.3647,  0.1867,  0.5049,
         0.0658,  0.2317,  0.3615,  0.1121,  0.2502,  0.2788,  0.2060,  0.4082,
         0.2154,  0.4953,  0.4863,  0.1727,  0.1996,  0.0013,  0.2917,  0.2968,
         0.0093,  0.0358,  0.5179,  0.4852,  0.3527,  0.2687,  0.2648,  0.0593,
         0.0407,  0.0771,  0.2332,  0.0634,  0.1485,  0.4777,  0.2003,  0.2637,
         0.1582,  0.0007,  0.0703,  0.0828,  0.3689,  0.3466,  0.3688,  0.2613,
         0.1078,  0.1498,  0.2070,  0.1448,  0.0590,  0.1783,  0.5636,  0.2668,
         0.1966,  0.0669,  0.5560,  0.3904,  0.2656,  0.1479,  0.2025,  0.1033,
         0.2286,  0.1140,  0.0347,  0.2052,  0.0604,  0.1347,  0.2577,  0.4034,
         0.2395,  0.1797,  0.5565,  0.0842,  0.2490,  0.2229,  0.1681,  0.2636,
         0.3991,  0.4995,  0.1774,  0.5611,  0.5880,  0.2329,  0.0988,  0.2750,
         0.1128,  0.0091,  0.1851,  0.1862,  0.2797,  0.1360,  0.1110,  0.0691,
         0.1768,  0.2380,  0.1526,  0.0457,  0.1881,  0.2438,  0.2518,  0.4166,
         0.1426,  0.0031,  0.2151,  0.1793,  0.3633,  0.0621,  0.3460,  0.2882,
         0.0682,  0.0905,  0.1292,  0.1976,  0.2205,  0.1536,  0.1925,  0.2750,
         0.2614,  0.2404,  0.2870,  0.2496,  0.1372,  0.1751,  0.1582,  0.1085,
         0.1149,  0.0037,  0.2572,  0.1620,  0.3436,  0.2385,  0.2644,  0.2644,
         0.1552])"
25,25,0.09337055313943038,"tensor([0.3834, 0.4292, 0.3176, 0.2815, 0.1553, 0.5966, 0.6014, 0.4196, 0.0111,
        0.2520, 0.1936, 0.1135, 0.2492, 0.2342, 0.1189, 0.2748, 0.5084, 0.0204,
        0.0700, 0.4396, 0.4275, 0.2123, 0.3043, 0.2509, 0.2300, 0.3164, 0.3289,
        0.3201, 0.3916, 0.2512, 0.2684, 0.0517, 0.2598, 0.1266, 0.3553, 0.2961,
        0.2373, 0.5457, 0.0440, 0.2666, 0.2155, 0.4801, 0.1606, 0.2764, 0.2646,
        0.2710, 0.1465, 0.3068, 0.1477, 0.1550, 0.1012, 0.1677, 0.3079, 0.1706,
        0.2511, 0.3231, 0.1800, 0.1856, 0.0753, 0.1110, 0.2545, 0.1571, 0.2816,
        0.1445, 0.4082, 0.2740, 0.1088, 0.3739, 0.5384, 0.1516, 0.2443, 0.1632,
        0.2740, 0.1790, 0.2503, 0.1153, 0.0968, 0.0274, 0.2221, 0.0129, 0.3434,
        0.0314, 0.0267, 0.1370, 0.1303, 0.3175, 0.1964, 0.5212, 0.1893, 0.0662,
        0.3032, 0.0301, 0.2514, 0.0985, 0.0970, 0.1628, 0.0457, 0.1092, 0.3664,
        0.2605, 0.3481, 0.3023, 0.1208, 0.1893, 0.3108, 0.3054, 0.0868, 0.2305,
        0.1571, 0.2957, 0.2456, 0.3461, 0.5145, 0.5592, 0.1366, 0.3723, 0.3619,
        0.2034, 0.1367, 0.5365, 0.2314, 0.4791, 0.3614, 0.2973, 0.3133, 0.3086,
        0.3087, 0.5819, 0.1843, 0.0709, 0.1843, 0.4703, 0.4806, 0.1740, 0.0862,
        0.2486, 0.1913, 0.2925, 0.0727, 0.2202, 0.1256, 0.2439, 0.1443, 0.2073,
        0.1857, 0.0853, 0.4259, 0.2358, 0.2375, 0.2832, 0.1676, 0.3767, 0.1098,
        0.2009, 0.2494, 0.2488, 0.1580, 0.3646, 0.2787, 0.2895, 0.2415, 0.0862,
        0.1287, 0.0657, 0.5596, 0.3947, 0.3545, 0.3899, 0.4861, 0.4259, 0.5985,
        0.4852, 0.1012, 0.1902, 0.2558, 0.2924, 0.1299, 0.1060, 0.1652, 0.4634,
        0.1534, 0.3868, 0.1949, 0.5232, 0.0870, 0.2571, 0.3951, 0.1300, 0.2623,
        0.2880, 0.2179, 0.4122, 0.2031, 0.4694, 0.4914, 0.2125, 0.2241, 0.0104,
        0.3109, 0.3289, 0.0157, 0.0307, 0.5270, 0.4929, 0.3498, 0.2661, 0.2788,
        0.0611, 0.0618, 0.0939, 0.2502, 0.0673, 0.1714, 0.4779, 0.1939, 0.2833,
        0.1753, 0.0108, 0.0969, 0.1028, 0.3930, 0.3753, 0.3823, 0.2837, 0.1238,
        0.1700, 0.2142, 0.1701, 0.0826, 0.1795, 0.5739, 0.2769, 0.2103, 0.0753,
        0.5633, 0.3924, 0.3026, 0.1601, 0.2039, 0.1142, 0.2653, 0.1117, 0.0418,
        0.2180, 0.0832, 0.1608, 0.2755, 0.4184, 0.2610, 0.1526, 0.5704, 0.0926,
        0.2525, 0.2282, 0.1877, 0.2582, 0.4169, 0.5150, 0.1979, 0.5809, 0.6015,
        0.2519, 0.1388, 0.2946, 0.1140, 0.0352, 0.2051, 0.1986, 0.2826, 0.1437,
        0.1353, 0.0744, 0.1915, 0.2396, 0.1747, 0.0375, 0.1906, 0.2681, 0.2598,
        0.4234, 0.1564, 0.0395, 0.2457, 0.1996, 0.3820, 0.0850, 0.3590, 0.2954,
        0.0756, 0.1136, 0.1377, 0.2065, 0.2152, 0.1556, 0.2244, 0.2939, 0.2786,
        0.2540, 0.3121, 0.2510, 0.1630, 0.1877, 0.1767, 0.1271, 0.1297, 0.0142,
        0.2611, 0.1970, 0.3734, 0.2612, 0.2869, 0.2872, 0.1782])",0.09482500205437343,"tensor([ 0.3725,  0.4082,  0.2945,  0.2640,  0.1194,  0.5778,  0.5767,  0.4176,
         0.0171,  0.2247,  0.1920,  0.1110,  0.2293,  0.2122,  0.0949,  0.2717,
         0.4976, -0.0092,  0.0687,  0.4296,  0.4107,  0.1916,  0.2873,  0.2356,
         0.2118,  0.2886,  0.3087,  0.3273,  0.3726,  0.2286,  0.2351,  0.0300,
         0.2627,  0.1097,  0.3307,  0.2474,  0.2266,  0.5332,  0.0520,  0.2461,
         0.2084,  0.4575,  0.1377,  0.2733,  0.2400,  0.2476,  0.1553,  0.2940,
         0.1232,  0.1464,  0.0805,  0.1423,  0.2921,  0.1431,  0.2180,  0.3047,
         0.1578,  0.1933,  0.0571,  0.0863,  0.2289,  0.1268,  0.2618,  0.1254,
         0.3931,  0.2516,  0.0954,  0.3730,  0.5238,  0.1210,  0.2220,  0.1208,
         0.2606,  0.1587,  0.2168,  0.1017,  0.0741, -0.0018,  0.2149,  0.0078,
         0.3247,  0.0326,  0.0079,  0.1166,  0.1310,  0.2902,  0.1856,  0.5020,
         0.1603,  0.0697,  0.2935,  0.0320,  0.2378,  0.0802,  0.0922,  0.1585,
         0.0329,  0.0912,  0.3333,  0.2461,  0.3378,  0.2927,  0.1057,  0.1838,
         0.2789,  0.2840,  0.0821,  0.2239,  0.1299,  0.3011,  0.2849,  0.3346,
         0.4995,  0.5525,  0.1247,  0.4008,  0.3449,  0.1853,  0.1117,  0.5331,
         0.2136,  0.4535,  0.3374,  0.2699,  0.2834,  0.2732,  0.2921,  0.5766,
         0.1767,  0.0704,  0.1699,  0.4551,  0.4679,  0.1511,  0.0605,  0.2278,
         0.1521,  0.2863,  0.0743,  0.2053,  0.1034,  0.2311,  0.1381,  0.1931,
         0.1457,  0.0539,  0.4147,  0.2057,  0.2292,  0.2477,  0.1604,  0.3667,
         0.0836,  0.2064,  0.2312,  0.2463,  0.1555,  0.3450,  0.2626,  0.2836,
         0.2234,  0.0768,  0.1156,  0.0564,  0.5551,  0.3854,  0.3361,  0.3945,
         0.4835,  0.4298,  0.5858,  0.4734,  0.0947,  0.1786,  0.2393,  0.2264,
         0.1054,  0.0983,  0.1548,  0.4456,  0.1277,  0.3639,  0.1893,  0.5057,
         0.0718,  0.2329,  0.3635,  0.1087,  0.2509,  0.2798,  0.2038,  0.4080,
         0.2243,  0.4960,  0.4858,  0.1731,  0.2014,  0.0144,  0.2909,  0.2952,
         0.0088,  0.0281,  0.5166,  0.4864,  0.3503,  0.2723,  0.2660,  0.0577,
         0.0409,  0.0824,  0.2372,  0.0528,  0.1522,  0.4836,  0.2004,  0.2673,
         0.1562,  0.0068,  0.0828,  0.0890,  0.3657,  0.3490,  0.3673,  0.2596,
         0.1069,  0.1385,  0.2189,  0.1440,  0.0563,  0.1767,  0.5646,  0.2679,
         0.1941,  0.0660,  0.5562,  0.3902,  0.2680,  0.1569,  0.2021,  0.1085,
         0.2295,  0.1200,  0.0286,  0.2029,  0.0604,  0.1409,  0.2565,  0.4015,
         0.2408,  0.1815,  0.5573,  0.0999,  0.2524,  0.2246,  0.1672,  0.2656,
         0.4005,  0.4986,  0.1782,  0.5627,  0.5880,  0.2322,  0.1030,  0.2717,
         0.1069,  0.0223,  0.1868,  0.1824,  0.2791,  0.1319,  0.1194,  0.0700,
         0.1826,  0.2393,  0.1534,  0.0590,  0.1848,  0.2406,  0.2552,  0.4172,
         0.1430,  0.0105,  0.2134,  0.1795,  0.3643,  0.0719,  0.3451,  0.2850,
         0.0653,  0.0860,  0.1241,  0.1969,  0.2194,  0.1399,  0.1970,  0.2764,
         0.2598,  0.2390,  0.2962,  0.2508,  0.1361,  0.1769,  0.1585,  0.1102,
         0.1219, -0.0078,  0.2568,  0.1624,  0.3459,  0.2386,  0.2660,  0.2644,
         0.1537])"
26,26,0.09330022804327866,"tensor([0.3836, 0.4298, 0.3183, 0.2822, 0.1564, 0.5974, 0.6012, 0.4194, 0.0148,
        0.2536, 0.1943, 0.1193, 0.2512, 0.2396, 0.1179, 0.2724, 0.5098, 0.0214,
        0.0687, 0.4412, 0.4275, 0.2119, 0.3059, 0.2536, 0.2308, 0.3168, 0.3305,
        0.3216, 0.3930, 0.2531, 0.2711, 0.0555, 0.2596, 0.1318, 0.3559, 0.2983,
        0.2392, 0.5455, 0.0544, 0.2684, 0.2183, 0.4814, 0.1622, 0.2793, 0.2652,
        0.2719, 0.1452, 0.3079, 0.1506, 0.1566, 0.0978, 0.1707, 0.3106, 0.1712,
        0.2513, 0.3254, 0.1803, 0.1850, 0.0808, 0.1073, 0.2562, 0.1605, 0.2834,
        0.1438, 0.4095, 0.2736, 0.1052, 0.3745, 0.5377, 0.1523, 0.2460, 0.1570,
        0.2750, 0.1806, 0.2530, 0.1121, 0.0922, 0.0337, 0.2248, 0.0115, 0.3471,
        0.0330, 0.0249, 0.1346, 0.1299, 0.3179, 0.2058, 0.5220, 0.1895, 0.0780,
        0.3046, 0.0325, 0.2513, 0.0979, 0.1023, 0.1688, 0.0428, 0.1079, 0.3681,
        0.2638, 0.3492, 0.3034, 0.1224, 0.1882, 0.3092, 0.3078, 0.0890, 0.2317,
        0.1571, 0.2979, 0.2441, 0.3474, 0.5149, 0.5586, 0.1380, 0.3767, 0.3641,
        0.2032, 0.1383, 0.5375, 0.2319, 0.4790, 0.3634, 0.2981, 0.3140, 0.3094,
        0.3103, 0.5838, 0.1876, 0.0732, 0.1868, 0.4707, 0.4808, 0.1787, 0.0818,
        0.2492, 0.1952, 0.2923, 0.0695, 0.2202, 0.1288, 0.2459, 0.1455, 0.2095,
        0.1850, 0.0845, 0.4263, 0.2367, 0.2394, 0.2842, 0.1684, 0.3778, 0.1113,
        0.2025, 0.2500, 0.2490, 0.1594, 0.3659, 0.2772, 0.2925, 0.2415, 0.0897,
        0.1307, 0.0655, 0.5603, 0.3944, 0.3569, 0.3854, 0.4881, 0.4293, 0.5983,
        0.4846, 0.0999, 0.1932, 0.2575, 0.3006, 0.1327, 0.1158, 0.1645, 0.4657,
        0.1527, 0.3882, 0.1969, 0.5252, 0.0841, 0.2588, 0.3964, 0.1323, 0.2635,
        0.2923, 0.2197, 0.4139, 0.2117, 0.4710, 0.4927, 0.2160, 0.2269, 0.0157,
        0.3144, 0.3287, 0.0201, 0.0347, 0.5301, 0.4937, 0.3503, 0.2726, 0.2791,
        0.0553, 0.0579, 0.0964, 0.2543, 0.0644, 0.1694, 0.4824, 0.2016, 0.2829,
        0.1851, 0.0117, 0.1042, 0.1047, 0.3937, 0.3768, 0.3824, 0.2849, 0.1259,
        0.1733, 0.2145, 0.1721, 0.0826, 0.1812, 0.5752, 0.2777, 0.2086, 0.0793,
        0.5635, 0.3936, 0.3035, 0.1630, 0.2053, 0.1142, 0.2632, 0.1164, 0.0474,
        0.2191, 0.0867, 0.1651, 0.2745, 0.4200, 0.2628, 0.1606, 0.5714, 0.0962,
        0.2540, 0.2279, 0.1888, 0.2585, 0.4179, 0.5164, 0.1984, 0.5812, 0.6008,
        0.2552, 0.1377, 0.2965, 0.1131, 0.0391, 0.2061, 0.2005, 0.2833, 0.1473,
        0.1425, 0.0711, 0.1932, 0.2409, 0.1746, 0.0508, 0.1924, 0.2696, 0.2606,
        0.4239, 0.1592, 0.0380, 0.2474, 0.1986, 0.3820, 0.0853, 0.3601, 0.2961,
        0.0789, 0.1140, 0.1362, 0.2085, 0.2134, 0.1467, 0.2241, 0.2917, 0.2781,
        0.2595, 0.3129, 0.2553, 0.1651, 0.1880, 0.1775, 0.1263, 0.1320, 0.0163,
        0.2628, 0.1983, 0.3760, 0.2608, 0.2871, 0.2879, 0.1781])",0.09480090758630208,"tensor([ 3.7418e-01,  4.0826e-01,  2.9507e-01,  2.6522e-01,  1.1873e-01,
         5.7778e-01,  5.7060e-01,  4.1677e-01,  1.1859e-02,  2.2702e-01,
         1.9202e-01,  1.0327e-01,  2.2936e-01,  2.1423e-01,  9.5339e-02,
         2.7629e-01,  4.9743e-01, -7.7187e-03,  6.6140e-02,  4.3142e-01,
         4.1508e-01,  1.9368e-01,  2.8651e-01,  2.3407e-01,  2.1644e-01,
         2.8533e-01,  3.1211e-01,  3.2723e-01,  3.7005e-01,  2.3039e-01,
         2.3939e-01,  3.8898e-02,  2.6202e-01,  1.1170e-01,  3.3025e-01,
         2.4836e-01,  2.2709e-01,  5.3198e-01,  5.9066e-02,  2.4698e-01,
         2.0793e-01,  4.5558e-01,  1.3864e-01,  2.7507e-01,  2.4100e-01,
         2.4629e-01,  1.5646e-01,  2.9179e-01,  1.2082e-01,  1.4925e-01,
         7.0563e-02,  1.4146e-01,  2.9143e-01,  1.4559e-01,  2.1999e-01,
         3.0347e-01,  1.5993e-01,  1.7917e-01,  5.9760e-02,  8.1076e-02,
         2.3602e-01,  1.2163e-01,  2.5838e-01,  1.2885e-01,  3.9140e-01,
         2.5226e-01,  9.5306e-02,  3.7241e-01,  5.2541e-01,  1.2978e-01,
         2.2417e-01,  1.1190e-01,  2.6357e-01,  1.5598e-01,  2.1739e-01,
         1.0209e-01,  7.9272e-02, -5.0212e-04,  2.1808e-01,  3.1389e-03,
         3.2378e-01,  1.5010e-02,  1.6285e-02,  1.0852e-01,  1.2706e-01,
         2.9136e-01,  1.9311e-01,  5.0395e-01,  1.5823e-01,  7.6030e-02,
         2.9270e-01,  3.8351e-02,  2.3510e-01,  8.0612e-02,  9.2461e-02,
         1.6170e-01,  2.9964e-02,  9.3729e-02,  3.3933e-01,  2.4485e-01,
         3.3827e-01,  2.9552e-01,  1.0322e-01,  1.8463e-01,  2.7480e-01,
         2.8422e-01,  8.6989e-02,  2.2442e-01,  1.2569e-01,  3.0171e-01,
         2.7319e-01,  3.3334e-01,  5.0020e-01,  5.5350e-01,  1.2573e-01,
         4.0326e-01,  3.5189e-01,  1.7975e-01,  1.1397e-01,  5.3331e-01,
         2.1159e-01,  4.5321e-01,  3.3978e-01,  2.7153e-01,  2.8664e-01,
         2.6963e-01,  2.9379e-01,  5.7632e-01,  1.8016e-01,  6.6053e-02,
         1.6948e-01,  4.5375e-01,  4.7270e-01,  1.5199e-01,  6.1190e-02,
         2.2892e-01,  1.4949e-01,  2.8800e-01,  7.8287e-02,  2.0602e-01,
         1.0252e-01,  2.3412e-01,  1.3495e-01,  1.9733e-01,  1.5927e-01,
         6.0802e-02,  4.1337e-01,  2.0460e-01,  2.4001e-01,  2.4764e-01,
         1.6378e-01,  3.6837e-01,  8.8044e-02,  2.0912e-01,  2.3315e-01,
         2.5334e-01,  1.5506e-01,  3.4512e-01,  2.6290e-01,  2.8741e-01,
         2.2282e-01,  7.0807e-02,  1.0696e-01,  5.4960e-02,  5.5451e-01,
         3.8195e-01,  3.4227e-01,  3.9339e-01,  4.8076e-01,  4.3320e-01,
         5.8529e-01,  4.7401e-01,  9.8062e-02,  1.7657e-01,  2.3946e-01,
         2.0993e-01,  1.0600e-01,  1.0246e-01,  1.5648e-01,  4.4711e-01,
         1.2526e-01,  3.6406e-01,  1.9101e-01,  5.0672e-01,  6.9318e-02,
         2.3257e-01,  3.6616e-01,  1.1421e-01,  2.5094e-01,  2.8028e-01,
         2.0815e-01,  4.0848e-01,  2.3028e-01,  4.9706e-01,  4.8749e-01,
         1.6885e-01,  2.0104e-01,  7.3888e-03,  2.9090e-01,  2.9535e-01,
         1.2997e-02,  2.3969e-02,  5.2069e-01,  4.8569e-01,  3.5295e-01,
         2.7018e-01,  2.6535e-01,  5.9389e-02,  4.4804e-02,  7.5645e-02,
         2.3308e-01,  5.8948e-02,  1.5296e-01,  4.7920e-01,  1.9212e-01,
         2.6618e-01,  1.6127e-01,  5.3909e-03,  8.4465e-02,  8.5689e-02,
         3.6845e-01,  3.4589e-01,  3.6870e-01,  2.6311e-01,  1.1314e-01,
         1.5399e-01,  2.2592e-01,  1.4887e-01,  5.5539e-02,  1.7978e-01,
         5.6457e-01,  2.6817e-01,  1.9452e-01,  6.7238e-02,  5.5637e-01,
         3.8965e-01,  2.6801e-01,  1.5610e-01,  2.0217e-01,  1.1135e-01,
         2.2990e-01,  1.1458e-01,  3.4439e-02,  2.0546e-01,  5.2719e-02,
         1.4143e-01,  2.5450e-01,  4.0530e-01,  2.3954e-01,  1.7533e-01,
         5.5714e-01,  9.4646e-02,  2.5089e-01,  2.2322e-01,  1.6611e-01,
         2.6751e-01,  4.0027e-01,  5.0146e-01,  1.7596e-01,  5.6197e-01,
         5.8941e-01,  2.3113e-01,  1.0695e-01,  2.7288e-01,  1.0902e-01,
         1.9100e-02,  1.8747e-01,  1.8278e-01,  2.7878e-01,  1.3081e-01,
         1.2729e-01,  6.9140e-02,  1.8302e-01,  2.3968e-01,  1.5206e-01,
         5.1731e-02,  1.8857e-01,  2.4208e-01,  2.4906e-01,  4.1446e-01,
         1.4341e-01,  7.0662e-03,  2.1082e-01,  1.8018e-01,  3.6449e-01,
         5.9563e-02,  3.4741e-01,  2.8741e-01,  6.6595e-02,  8.6201e-02,
         1.2581e-01,  2.1105e-01,  2.1915e-01,  1.5739e-01,  1.9432e-01,
         2.7667e-01,  2.6136e-01,  2.4516e-01,  2.9653e-01,  2.5067e-01,
         1.4067e-01,  1.7868e-01,  1.5761e-01,  1.1119e-01,  1.1929e-01,
        -9.9170e-03,  2.5390e-01,  1.6029e-01,  3.4615e-01,  2.3917e-01,
         2.6539e-01,  2.6694e-01,  1.5665e-01])"
27,27,0.09322158009258669,"tensor([0.3841, 0.4315, 0.3200, 0.2833, 0.1571, 0.5985, 0.6005, 0.4237, 0.0120,
        0.2564, 0.1956, 0.1132, 0.2516, 0.2424, 0.1185, 0.2778, 0.5098, 0.0186,
        0.0718, 0.4423, 0.4297, 0.2165, 0.3075, 0.2547, 0.2308, 0.3168, 0.3304,
        0.3246, 0.3962, 0.2557, 0.2734, 0.0567, 0.2595, 0.1293, 0.3582, 0.3015,
        0.2408, 0.5470, 0.0505, 0.2708, 0.2227, 0.4819, 0.1600, 0.2809, 0.2659,
        0.2723, 0.1513, 0.3077, 0.1537, 0.1559, 0.1035, 0.1721, 0.3091, 0.1750,
        0.2547, 0.3250, 0.1798, 0.1924, 0.0828, 0.1099, 0.2564, 0.1598, 0.2841,
        0.1462, 0.4101, 0.2747, 0.1044, 0.3758, 0.5401, 0.1539, 0.2465, 0.1552,
        0.2768, 0.1835, 0.2563, 0.1269, 0.0919, 0.0312, 0.2288, 0.0152, 0.3477,
        0.0332, 0.0280, 0.1401, 0.1338, 0.3190, 0.2070, 0.5231, 0.1950, 0.0799,
        0.3054, 0.0302, 0.2551, 0.1005, 0.1064, 0.1709, 0.0472, 0.1121, 0.3686,
        0.2641, 0.3515, 0.3056, 0.1241, 0.1897, 0.3132, 0.3081, 0.0913, 0.2323,
        0.1554, 0.2988, 0.2465, 0.3485, 0.5154, 0.5605, 0.1393, 0.3793, 0.3660,
        0.2040, 0.1364, 0.5379, 0.2343, 0.4799, 0.3662, 0.3000, 0.3144, 0.3101,
        0.3102, 0.5832, 0.1848, 0.0681, 0.1869, 0.4715, 0.4829, 0.1789, 0.0861,
        0.2498, 0.1970, 0.2943, 0.0732, 0.2240, 0.1312, 0.2454, 0.1459, 0.2095,
        0.1960, 0.0891, 0.4284, 0.2397, 0.2373, 0.2856, 0.1712, 0.3794, 0.1149,
        0.2058, 0.2525, 0.2500, 0.1605, 0.3689, 0.2823, 0.2926, 0.2439, 0.0892,
        0.1351, 0.0708, 0.5629, 0.3945, 0.3603, 0.3930, 0.4909, 0.4307, 0.5991,
        0.4854, 0.1076, 0.1939, 0.2585, 0.2945, 0.1343, 0.1184, 0.1724, 0.4662,
        0.1548, 0.3861, 0.1982, 0.5255, 0.0907, 0.2596, 0.3971, 0.1339, 0.2628,
        0.2922, 0.2197, 0.4154, 0.2146, 0.4732, 0.4933, 0.2154, 0.2258, 0.0156,
        0.3156, 0.3312, 0.0220, 0.0327, 0.5321, 0.4943, 0.3515, 0.2744, 0.2789,
        0.0606, 0.0585, 0.0973, 0.2557, 0.0635, 0.1708, 0.4833, 0.2006, 0.2851,
        0.1886, 0.0124, 0.1046, 0.1064, 0.3948, 0.3781, 0.3857, 0.2852, 0.1291,
        0.1758, 0.2295, 0.1740, 0.0916, 0.1827, 0.5749, 0.2792, 0.2120, 0.0845,
        0.5658, 0.3959, 0.3056, 0.1620, 0.2059, 0.1127, 0.2673, 0.1186, 0.0524,
        0.2185, 0.0791, 0.1645, 0.2782, 0.4217, 0.2644, 0.1529, 0.5729, 0.0995,
        0.2546, 0.2285, 0.1901, 0.2557, 0.4186, 0.5178, 0.1992, 0.5832, 0.6002,
        0.2556, 0.1419, 0.3003, 0.1182, 0.0394, 0.2063, 0.2028, 0.2844, 0.1448,
        0.1458, 0.0763, 0.1960, 0.2413, 0.1752, 0.0491, 0.1946, 0.2701, 0.2633,
        0.4254, 0.1620, 0.0347, 0.2499, 0.2012, 0.3854, 0.0879, 0.3615, 0.2988,
        0.0770, 0.1158, 0.1401, 0.2113, 0.2178, 0.1547, 0.2232, 0.2935, 0.2803,
        0.2613, 0.3144, 0.2557, 0.1662, 0.1885, 0.1794, 0.1287, 0.1315, 0.0200,
        0.2637, 0.1968, 0.3766, 0.2626, 0.2885, 0.2888, 0.1788])",0.0947682751963536,"tensor([ 0.3724,  0.4066,  0.2956,  0.2654,  0.1191,  0.5797,  0.5746,  0.4213,
         0.0159,  0.2255,  0.1912,  0.0939,  0.2287,  0.2127,  0.1024,  0.2751,
         0.4973, -0.0055,  0.0690,  0.4338,  0.4134,  0.1967,  0.2893,  0.2407,
         0.2174,  0.2886,  0.3114,  0.3312,  0.3757,  0.2314,  0.2400,  0.0421,
         0.2630,  0.1021,  0.3295,  0.2525,  0.2288,  0.5310,  0.0417,  0.2471,
         0.2179,  0.4583,  0.1362,  0.2744,  0.2371,  0.2459,  0.1596,  0.2970,
         0.1218,  0.1492,  0.0815,  0.1439,  0.2903,  0.1423,  0.2149,  0.3042,
         0.1570,  0.1985,  0.0537,  0.0864,  0.2363,  0.1239,  0.2607,  0.1273,
         0.3939,  0.2546,  0.0935,  0.3735,  0.5250,  0.1237,  0.2238,  0.1173,
         0.2637,  0.1630,  0.2238,  0.0999,  0.0767,  0.0095,  0.2172,  0.0076,
         0.3229,  0.0173,  0.0173,  0.1128,  0.1400,  0.2928,  0.1956,  0.5025,
         0.1555,  0.0692,  0.2915,  0.0354,  0.2368,  0.0754,  0.0991,  0.1611,
         0.0325,  0.0914,  0.3398,  0.2491,  0.3405,  0.2950,  0.1018,  0.1864,
         0.2795,  0.2852,  0.0840,  0.2184,  0.1313,  0.2995,  0.2903,  0.3367,
         0.5006,  0.5540,  0.1280,  0.4068,  0.3536,  0.1852,  0.1114,  0.5329,
         0.2121,  0.4522,  0.3418,  0.2714,  0.2888,  0.2728,  0.2912,  0.5771,
         0.1783,  0.0583,  0.1678,  0.4549,  0.4715,  0.1534,  0.0706,  0.2243,
         0.1444,  0.2878,  0.0850,  0.2039,  0.1045,  0.2356,  0.1374,  0.1958,
         0.1583,  0.0612,  0.4130,  0.2066,  0.2373,  0.2441,  0.1671,  0.3639,
         0.0862,  0.2103,  0.2312,  0.2481,  0.1571,  0.3436,  0.2633,  0.2906,
         0.2177,  0.0611,  0.1142,  0.0569,  0.5538,  0.3857,  0.3409,  0.3979,
         0.4838,  0.4342,  0.5863,  0.4747,  0.1017,  0.1785,  0.2403,  0.2268,
         0.1132,  0.1084,  0.1648,  0.4457,  0.1258,  0.3649,  0.1898,  0.5043,
         0.0730,  0.2342,  0.3637,  0.1135,  0.2511,  0.2815,  0.2090,  0.4097,
         0.2339,  0.4955,  0.4871,  0.1714,  0.2002,  0.0193,  0.2927,  0.2929,
         0.0110,  0.0349,  0.5205,  0.4849,  0.3541,  0.2733,  0.2663,  0.0664,
         0.0478,  0.0841,  0.2356,  0.0496,  0.1561,  0.4835,  0.2069,  0.2691,
         0.1608,  0.0061,  0.0785,  0.0894,  0.3697,  0.3488,  0.3677,  0.2609,
         0.1127,  0.1530,  0.2281,  0.1510,  0.0643,  0.1776,  0.5636,  0.2668,
         0.1975,  0.0732,  0.5573,  0.3917,  0.2680,  0.1568,  0.2029,  0.0916,
         0.2303,  0.1153,  0.0275,  0.2060,  0.0625,  0.1437,  0.2571,  0.4055,
         0.2393,  0.1889,  0.5570,  0.1070,  0.2506,  0.2233,  0.1682,  0.2624,
         0.4026,  0.5024,  0.1769,  0.5619,  0.5881,  0.2350,  0.1061,  0.2740,
         0.1135,  0.0112,  0.1867,  0.1844,  0.2793,  0.1353,  0.1207,  0.0684,
         0.1824,  0.2335,  0.1524,  0.0579,  0.1859,  0.2412,  0.2529,  0.4184,
         0.1477,  0.0086,  0.2132,  0.1803,  0.3636,  0.0754,  0.3447,  0.2880,
         0.0630,  0.0906,  0.1272,  0.2069,  0.2219,  0.1589,  0.1965,  0.2802,
         0.2630,  0.2451,  0.2948,  0.2517,  0.1382,  0.1789,  0.1596,  0.1030,
         0.1217,  0.0019,  0.2604,  0.1626,  0.3481,  0.2401,  0.2644,  0.2660,
         0.1577])"
28,28,0.09314070664235015,"tensor([0.3865, 0.4327, 0.3214, 0.2844, 0.1587, 0.5975, 0.6012, 0.4255, 0.0099,
        0.2569, 0.1980, 0.1240, 0.2538, 0.2465, 0.1237, 0.2796, 0.5113, 0.0278,
        0.0697, 0.4429, 0.4305, 0.2171, 0.3083, 0.2593, 0.2338, 0.3200, 0.3337,
        0.3275, 0.3962, 0.2565, 0.2735, 0.0567, 0.2602, 0.1305, 0.3592, 0.3042,
        0.2408, 0.5478, 0.0557, 0.2706, 0.2259, 0.4830, 0.1640, 0.2829, 0.2674,
        0.2728, 0.1510, 0.3103, 0.1515, 0.1575, 0.1041, 0.1751, 0.3105, 0.1782,
        0.2556, 0.3267, 0.1813, 0.1949, 0.0763, 0.1095, 0.2600, 0.1626, 0.2849,
        0.1468, 0.4118, 0.2769, 0.1067, 0.3770, 0.5411, 0.1557, 0.2496, 0.1633,
        0.2778, 0.1791, 0.2627, 0.1283, 0.0981, 0.0357, 0.2327, 0.0158, 0.3487,
        0.0294, 0.0312, 0.1405, 0.1432, 0.3206, 0.1979, 0.5244, 0.1940, 0.0817,
        0.3046, 0.0263, 0.2548, 0.0999, 0.0981, 0.1684, 0.0427, 0.1125, 0.3710,
        0.2647, 0.3519, 0.3079, 0.1227, 0.1922, 0.3147, 0.3089, 0.0953, 0.2329,
        0.1607, 0.3009, 0.2495, 0.3500, 0.5171, 0.5613, 0.1408, 0.3831, 0.3675,
        0.2047, 0.1364, 0.5383, 0.2356, 0.4814, 0.3659, 0.3016, 0.3170, 0.3111,
        0.3121, 0.5853, 0.1904, 0.0749, 0.1865, 0.4726, 0.4835, 0.1803, 0.0886,
        0.2500, 0.1980, 0.2960, 0.0725, 0.2232, 0.1321, 0.2497, 0.1479, 0.2096,
        0.1923, 0.0862, 0.4279, 0.2377, 0.2370, 0.2858, 0.1709, 0.3776, 0.1101,
        0.2059, 0.2534, 0.2506, 0.1632, 0.3684, 0.2812, 0.2954, 0.2435, 0.0853,
        0.1350, 0.0751, 0.5634, 0.3955, 0.3647, 0.3918, 0.4919, 0.4294, 0.6007,
        0.4859, 0.1049, 0.1946, 0.2595, 0.2942, 0.1347, 0.1194, 0.1774, 0.4667,
        0.1551, 0.3898, 0.1981, 0.5269, 0.0929, 0.2605, 0.3975, 0.1335, 0.2663,
        0.2931, 0.2201, 0.4182, 0.2135, 0.4721, 0.4951, 0.2175, 0.2279, 0.0125,
        0.3170, 0.3334, 0.0249, 0.0365, 0.5352, 0.4960, 0.3521, 0.2728, 0.2815,
        0.0727, 0.0608, 0.0996, 0.2595, 0.0634, 0.1745, 0.4858, 0.2034, 0.2873,
        0.1856, 0.0124, 0.1020, 0.1079, 0.3970, 0.3790, 0.3861, 0.2883, 0.1282,
        0.1784, 0.2338, 0.1763, 0.0905, 0.1865, 0.5764, 0.2791, 0.2131, 0.0821,
        0.5653, 0.3978, 0.3061, 0.1640, 0.2075, 0.1148, 0.2702, 0.1208, 0.0464,
        0.2221, 0.0822, 0.1681, 0.2787, 0.4244, 0.2654, 0.1679, 0.5737, 0.1003,
        0.2552, 0.2312, 0.1923, 0.2586, 0.4214, 0.5184, 0.2014, 0.5838, 0.6032,
        0.2584, 0.1408, 0.2995, 0.1158, 0.0310, 0.2087, 0.2027, 0.2851, 0.1494,
        0.1501, 0.0795, 0.1965, 0.2426, 0.1771, 0.0467, 0.1940, 0.2718, 0.2691,
        0.4267, 0.1564, 0.0363, 0.2514, 0.2005, 0.3862, 0.0922, 0.3627, 0.2993,
        0.0788, 0.1156, 0.1407, 0.2122, 0.2194, 0.1603, 0.2276, 0.2953, 0.2824,
        0.2599, 0.3154, 0.2549, 0.1682, 0.1919, 0.1803, 0.1306, 0.1359, 0.0195,
        0.2654, 0.2008, 0.3789, 0.2629, 0.2887, 0.2904, 0.1815])",0.09475526612784181,"tensor([ 0.3742,  0.4074,  0.2967,  0.2658,  0.1210,  0.5798,  0.5748,  0.4249,
         0.0085,  0.2294,  0.1926,  0.1103,  0.2275,  0.2164,  0.1029,  0.2808,
         0.4977, -0.0077,  0.0708,  0.4307,  0.4147,  0.2003,  0.2881,  0.2470,
         0.2145,  0.2913,  0.3121,  0.3319,  0.3759,  0.2298,  0.2401,  0.0359,
         0.2537,  0.1101,  0.3299,  0.2538,  0.2286,  0.5328,  0.0566,  0.2464,
         0.2201,  0.4592,  0.1283,  0.2749,  0.2371,  0.2432,  0.1610,  0.2968,
         0.1187,  0.1485,  0.0818,  0.1426,  0.2907,  0.1462,  0.2179,  0.3026,
         0.1560,  0.1967,  0.0444,  0.0872,  0.2312,  0.1256,  0.2614,  0.1292,
         0.3934,  0.2565,  0.0915,  0.3748,  0.5251,  0.1286,  0.2241,  0.1178,
         0.2659,  0.1627,  0.2254,  0.1084,  0.0695,  0.0063,  0.2205,  0.0087,
         0.3244,  0.0215,  0.0132,  0.1138,  0.1385,  0.2902,  0.1971,  0.5038,
         0.1648,  0.0749,  0.2931,  0.0236,  0.2366,  0.0779,  0.0938,  0.1605,
         0.0215,  0.0924,  0.3391,  0.2458,  0.3401,  0.2912,  0.1055,  0.1853,
         0.2772,  0.2838,  0.0850,  0.2239,  0.1270,  0.3011,  0.2869,  0.3369,
         0.5018,  0.5538,  0.1252,  0.4074,  0.3555,  0.1871,  0.1106,  0.5345,
         0.2162,  0.4534,  0.3397,  0.2705,  0.2875,  0.2743,  0.2940,  0.5771,
         0.1722,  0.0531,  0.1669,  0.4553,  0.4725,  0.1476,  0.0659,  0.2268,
         0.1492,  0.2857,  0.0584,  0.2026,  0.1060,  0.2354,  0.1402,  0.1951,
         0.1556,  0.0654,  0.4127,  0.2084,  0.2397,  0.2484,  0.1670,  0.3684,
         0.0885,  0.2048,  0.2283,  0.2537,  0.1555,  0.3425,  0.2657,  0.2904,
         0.2235,  0.0597,  0.1050,  0.0551,  0.5547,  0.3830,  0.3460,  0.3913,
         0.4839,  0.4350,  0.5869,  0.4741,  0.0976,  0.1775,  0.2416,  0.2056,
         0.1086,  0.1001,  0.1622,  0.4482,  0.1255,  0.3646,  0.1888,  0.5052,
         0.0699,  0.2336,  0.3667,  0.1152,  0.2520,  0.2839,  0.2095,  0.4084,
         0.2303,  0.4968,  0.4874,  0.1726,  0.2026,  0.0070,  0.2913,  0.2966,
         0.0130,  0.0276,  0.5210,  0.4856,  0.3529,  0.2732,  0.2660,  0.0719,
         0.0492,  0.0797,  0.2427,  0.0585,  0.1530,  0.4873,  0.2063,  0.2699,
         0.1588,  0.0048,  0.0833,  0.0826,  0.3682,  0.3461,  0.3700,  0.2625,
         0.1104,  0.1494,  0.2199,  0.1493,  0.0636,  0.1795,  0.5640,  0.2688,
         0.1949,  0.0726,  0.5573,  0.3923,  0.2686,  0.1571,  0.2017,  0.1007,
         0.2359,  0.1159,  0.0298,  0.2083,  0.0601,  0.1431,  0.2567,  0.4056,
         0.2416,  0.1969,  0.5580,  0.0966,  0.2526,  0.2245,  0.1673,  0.2631,
         0.4036,  0.5008,  0.1776,  0.5612,  0.5883,  0.2357,  0.1026,  0.2719,
         0.1115,  0.0193,  0.1893,  0.1834,  0.2803,  0.1347,  0.1329,  0.0694,
         0.1825,  0.2370,  0.1517,  0.0532,  0.1894,  0.2377,  0.2571,  0.4183,
         0.1261,  0.0080,  0.2114,  0.1771,  0.3646,  0.0729,  0.3473,  0.2887,
         0.0630,  0.0908,  0.1267,  0.2092,  0.2208,  0.1614,  0.1956,  0.2783,
         0.2615,  0.2375,  0.2922,  0.2504,  0.1338,  0.1805,  0.1600,  0.1092,
         0.1212,  0.0038,  0.2586,  0.1611,  0.3478,  0.2409,  0.2636,  0.2653,
         0.1598])"
29,29,0.09307746360106255,"tensor([0.3881, 0.4347, 0.3226, 0.2853, 0.1624, 0.5998, 0.5999, 0.4280, 0.0103,
        0.2590, 0.1981, 0.1232, 0.2555, 0.2423, 0.1221, 0.2771, 0.5122, 0.0141,
        0.0744, 0.4429, 0.4308, 0.2212, 0.3069, 0.2605, 0.2340, 0.3197, 0.3346,
        0.3290, 0.3980, 0.2565, 0.2748, 0.0543, 0.2680, 0.1345, 0.3605, 0.3042,
        0.2429, 0.5482, 0.0599, 0.2714, 0.2282, 0.4835, 0.1649, 0.2822, 0.2680,
        0.2747, 0.1486, 0.3129, 0.1542, 0.1569, 0.0991, 0.1786, 0.3122, 0.1784,
        0.2578, 0.3285, 0.1836, 0.1939, 0.0822, 0.1174, 0.2603, 0.1691, 0.2868,
        0.1498, 0.4122, 0.2778, 0.1104, 0.3784, 0.5412, 0.1566, 0.2486, 0.1652,
        0.2778, 0.1842, 0.2601, 0.1361, 0.0943, 0.0372, 0.2313, 0.0109, 0.3489,
        0.0335, 0.0263, 0.1434, 0.1466, 0.3212, 0.2107, 0.5259, 0.1967, 0.0842,
        0.3074, 0.0324, 0.2575, 0.0963, 0.1040, 0.1674, 0.0425, 0.1142, 0.3729,
        0.2656, 0.3537, 0.3090, 0.1234, 0.1952, 0.3170, 0.3107, 0.0978, 0.2355,
        0.1576, 0.3017, 0.2525, 0.3514, 0.5166, 0.5616, 0.1413, 0.3819, 0.3702,
        0.2071, 0.1390, 0.5399, 0.2376, 0.4820, 0.3691, 0.3028, 0.3169, 0.3108,
        0.3143, 0.5851, 0.1791, 0.0720, 0.1873, 0.4739, 0.4850, 0.1834, 0.0905,
        0.2525, 0.1995, 0.2925, 0.0707, 0.2225, 0.1327, 0.2483, 0.1511, 0.2141,
        0.1931, 0.0858, 0.4294, 0.2415, 0.2431, 0.2869, 0.1756, 0.3803, 0.1102,
        0.2075, 0.2543, 0.2523, 0.1624, 0.3695, 0.2845, 0.2953, 0.2467, 0.0909,
        0.1360, 0.0721, 0.5652, 0.3979, 0.3634, 0.3929, 0.4934, 0.4318, 0.6015,
        0.4876, 0.1097, 0.1952, 0.2594, 0.2876, 0.1369, 0.1201, 0.1696, 0.4685,
        0.1579, 0.3907, 0.2006, 0.5270, 0.0936, 0.2638, 0.3993, 0.1353, 0.2665,
        0.2935, 0.2213, 0.4185, 0.2211, 0.4678, 0.4944, 0.2189, 0.2314, 0.0124,
        0.3197, 0.3345, 0.0303, 0.0363, 0.5357, 0.4981, 0.3529, 0.2732, 0.2831,
        0.0624, 0.0535, 0.1003, 0.2599, 0.0694, 0.1753, 0.4868, 0.2043, 0.2882,
        0.1885, 0.0171, 0.1095, 0.1086, 0.3976, 0.3815, 0.3863, 0.2897, 0.1288,
        0.1864, 0.2317, 0.1771, 0.0929, 0.1867, 0.5772, 0.2802, 0.2141, 0.0828,
        0.5668, 0.3981, 0.3085, 0.1635, 0.2090, 0.1149, 0.2706, 0.1209, 0.0538,
        0.2228, 0.0786, 0.1702, 0.2804, 0.4246, 0.2664, 0.1636, 0.5749, 0.0804,
        0.2564, 0.2315, 0.1927, 0.2579, 0.4216, 0.5206, 0.1979, 0.5841, 0.6027,
        0.2593, 0.1416, 0.3013, 0.1180, 0.0318, 0.2105, 0.2046, 0.2849, 0.1504,
        0.1544, 0.0756, 0.1999, 0.2436, 0.1750, 0.0527, 0.1966, 0.2737, 0.2659,
        0.4290, 0.1568, 0.0388, 0.2511, 0.2024, 0.3873, 0.1010, 0.3640, 0.2991,
        0.0813, 0.1155, 0.1451, 0.2119, 0.2188, 0.1514, 0.2286, 0.2954, 0.2829,
        0.2593, 0.3155, 0.2543, 0.1687, 0.1937, 0.1814, 0.1321, 0.1365, 0.0181,
        0.2672, 0.2007, 0.3792, 0.2651, 0.2902, 0.2912, 0.1837])",0.09475023680854411,"tensor([ 0.3766,  0.4070,  0.2967,  0.2661,  0.1203,  0.5794,  0.5736,  0.4249,
         0.0138,  0.2287,  0.1889,  0.1089,  0.2320,  0.2064,  0.0995,  0.2782,
         0.4982, -0.0156,  0.0686,  0.4305,  0.4152,  0.1999,  0.2865,  0.2471,
         0.2146,  0.2895,  0.3110,  0.3351,  0.3764,  0.2281,  0.2404,  0.0436,
         0.2644,  0.1110,  0.3339,  0.2485,  0.2272,  0.5334,  0.0549,  0.2500,
         0.2288,  0.4583,  0.1379,  0.2750,  0.2417,  0.2477,  0.1528,  0.2988,
         0.1212,  0.1406,  0.0828,  0.1459,  0.2922,  0.1446,  0.2188,  0.3032,
         0.1557,  0.1960,  0.0529,  0.0835,  0.2335,  0.1275,  0.2635,  0.1289,
         0.3934,  0.2541,  0.0927,  0.3750,  0.5259,  0.1328,  0.2252,  0.1193,
         0.2655,  0.1670,  0.2183,  0.1148,  0.0798,  0.0122,  0.2214,  0.0020,
         0.3247,  0.0106,  0.0185,  0.1166,  0.1339,  0.2896,  0.1929,  0.5039,
         0.1600,  0.0743,  0.2917,  0.0365,  0.2366,  0.0793,  0.0892,  0.1622,
         0.0257,  0.0894,  0.3398,  0.2475,  0.3395,  0.2928,  0.1079,  0.1812,
         0.2800,  0.2835,  0.0886,  0.2230,  0.1262,  0.2986,  0.2850,  0.3358,
         0.5000,  0.5531,  0.1262,  0.4038,  0.3524,  0.1874,  0.1131,  0.5342,
         0.2142,  0.4550,  0.3399,  0.2710,  0.2900,  0.2716,  0.2952,  0.5765,
         0.1689,  0.0730,  0.1686,  0.4547,  0.4732,  0.1460,  0.0648,  0.2311,
         0.1495,  0.2809,  0.0756,  0.2068,  0.1052,  0.2339,  0.1383,  0.1983,
         0.1532,  0.0647,  0.4145,  0.2069,  0.2372,  0.2494,  0.1689,  0.3696,
         0.0852,  0.2056,  0.2274,  0.2514,  0.1582,  0.3471,  0.2670,  0.2866,
         0.2256,  0.0701,  0.1142,  0.0641,  0.5564,  0.3843,  0.3466,  0.3974,
         0.4847,  0.4334,  0.5860,  0.4741,  0.1039,  0.1777,  0.2378,  0.2172,
         0.1112,  0.0933,  0.1650,  0.4469,  0.1307,  0.3610,  0.1891,  0.5064,
         0.0720,  0.2331,  0.3647,  0.1185,  0.2518,  0.2840,  0.2103,  0.4092,
         0.2390,  0.5004,  0.4866,  0.1693,  0.2019,  0.0164,  0.2924,  0.2957,
         0.0195,  0.0314,  0.5246,  0.4842,  0.3545,  0.2682,  0.2657,  0.0682,
         0.0550,  0.0858,  0.2425,  0.0400,  0.1551,  0.4846,  0.2034,  0.2680,
         0.1598,  0.0058,  0.0835,  0.0832,  0.3703,  0.3486,  0.3676,  0.2602,
         0.1061,  0.1572,  0.2285,  0.1502,  0.0654,  0.1795,  0.5632,  0.2682,
         0.1969,  0.0547,  0.5570,  0.3964,  0.2687,  0.1560,  0.2008,  0.1096,
         0.2292,  0.1050,  0.0250,  0.2075,  0.0591,  0.1428,  0.2556,  0.4048,
         0.2454,  0.1958,  0.5578,  0.0860,  0.2559,  0.2248,  0.1673,  0.2675,
         0.4040,  0.5034,  0.1792,  0.5620,  0.5874,  0.2371,  0.1039,  0.2746,
         0.1066,  0.0121,  0.1901,  0.1858,  0.2789,  0.1300,  0.1330,  0.0674,
         0.1808,  0.2407,  0.1545,  0.0526,  0.1896,  0.2398,  0.2520,  0.4178,
         0.1403,  0.0050,  0.2152,  0.1798,  0.3624,  0.0738,  0.3482,  0.2901,
         0.0711,  0.0933,  0.1271,  0.2089,  0.2241,  0.1605,  0.1957,  0.2791,
         0.2604,  0.2446,  0.2974,  0.2494,  0.1385,  0.1842,  0.1625,  0.1060,
         0.1182,  0.0081,  0.2591,  0.1624,  0.3477,  0.2392,  0.2654,  0.2681,
         0.1597])"
30,30,0.09302125630983665,"tensor([0.3884, 0.4362, 0.3223, 0.2877, 0.1603, 0.5996, 0.6039, 0.4269, 0.0085,
        0.2591, 0.1996, 0.1227, 0.2566, 0.2441, 0.1214, 0.2782, 0.5123, 0.0242,
        0.0746, 0.4427, 0.4322, 0.2239, 0.3072, 0.2629, 0.2351, 0.3212, 0.3355,
        0.3333, 0.4000, 0.2577, 0.2751, 0.0593, 0.2704, 0.1331, 0.3612, 0.3063,
        0.2452, 0.5492, 0.0550, 0.2728, 0.2262, 0.4842, 0.1646, 0.2834, 0.2664,
        0.2761, 0.1452, 0.3126, 0.1566, 0.1565, 0.1028, 0.1754, 0.3134, 0.1794,
        0.2569, 0.3293, 0.1861, 0.1935, 0.0858, 0.1163, 0.2624, 0.1679, 0.2869,
        0.1525, 0.4136, 0.2807, 0.1088, 0.3799, 0.5414, 0.1533, 0.2524, 0.1667,
        0.2790, 0.1746, 0.2618, 0.1433, 0.0975, 0.0305, 0.2382, 0.0166, 0.3501,
        0.0306, 0.0320, 0.1417, 0.1465, 0.3215, 0.2080, 0.5264, 0.1941, 0.0849,
        0.3087, 0.0342, 0.2585, 0.0969, 0.1028, 0.1708, 0.0493, 0.1122, 0.3718,
        0.2656, 0.3546, 0.3108, 0.1297, 0.1962, 0.3187, 0.3121, 0.1020, 0.2348,
        0.1603, 0.3027, 0.2540, 0.3526, 0.5174, 0.5622, 0.1387, 0.3839, 0.3715,
        0.2076, 0.1376, 0.5407, 0.2395, 0.4832, 0.3705, 0.3042, 0.3178, 0.3122,
        0.3151, 0.5853, 0.1883, 0.0715, 0.1889, 0.4739, 0.4867, 0.1819, 0.0920,
        0.2539, 0.2026, 0.2953, 0.0754, 0.2263, 0.1349, 0.2495, 0.1498, 0.2154,
        0.1937, 0.0924, 0.4308, 0.2416, 0.2421, 0.2886, 0.1729, 0.3819, 0.1097,
        0.2081, 0.2552, 0.2523, 0.1643, 0.3717, 0.2840, 0.2978, 0.2481, 0.0954,
        0.1407, 0.0776, 0.5669, 0.3991, 0.3630, 0.3951, 0.4933, 0.4344, 0.6012,
        0.4871, 0.1040, 0.1962, 0.2622, 0.2985, 0.1387, 0.1181, 0.1758, 0.4673,
        0.1582, 0.3903, 0.2003, 0.5291, 0.0899, 0.2638, 0.4006, 0.1365, 0.2673,
        0.2932, 0.2211, 0.4178, 0.2232, 0.4744, 0.4954, 0.2199, 0.2335, 0.0187,
        0.3197, 0.3357, 0.0275, 0.0328, 0.5380, 0.4972, 0.3535, 0.2758, 0.2830,
        0.0626, 0.0594, 0.1023, 0.2642, 0.0713, 0.1770, 0.4864, 0.2029, 0.2880,
        0.1895, 0.0139, 0.1098, 0.1108, 0.3991, 0.3820, 0.3868, 0.2911, 0.1317,
        0.1834, 0.2372, 0.1792, 0.0936, 0.1862, 0.5789, 0.2806, 0.2161, 0.0840,
        0.5674, 0.4002, 0.3097, 0.1654, 0.2082, 0.1163, 0.2717, 0.1173, 0.0563,
        0.2247, 0.0823, 0.1720, 0.2812, 0.4250, 0.2671, 0.1726, 0.5755, 0.0998,
        0.2579, 0.2322, 0.1936, 0.2614, 0.4238, 0.5216, 0.2037, 0.5848, 0.6037,
        0.2601, 0.1444, 0.3031, 0.1187, 0.0399, 0.2100, 0.2052, 0.2867, 0.1559,
        0.1544, 0.0737, 0.2007, 0.2445, 0.1781, 0.0532, 0.1957, 0.2745, 0.2696,
        0.4288, 0.1607, 0.0372, 0.2527, 0.2020, 0.3878, 0.0989, 0.3655, 0.3001,
        0.0845, 0.1181, 0.1467, 0.2105, 0.2200, 0.1589, 0.2307, 0.2988, 0.2841,
        0.2638, 0.3173, 0.2575, 0.1684, 0.1951, 0.1808, 0.1341, 0.1337, 0.0201,
        0.2686, 0.2018, 0.3816, 0.2661, 0.2905, 0.2931, 0.1830])",0.09469660726331529,"tensor([ 0.3765,  0.4064,  0.2961,  0.2689,  0.1200,  0.5791,  0.5724,  0.4262,
         0.0150,  0.2276,  0.1891,  0.1105,  0.2333,  0.2187,  0.0946,  0.2771,
         0.4991, -0.0019,  0.0637,  0.4331,  0.4134,  0.1991,  0.2891,  0.2457,
         0.2173,  0.2898,  0.3125,  0.3342,  0.3752,  0.2280,  0.2381,  0.0353,
         0.2642,  0.1094,  0.3317,  0.2501,  0.2275,  0.5319,  0.0589,  0.2483,
         0.2284,  0.4590,  0.1368,  0.2765,  0.2412,  0.2465,  0.1591,  0.2919,
         0.1223,  0.1490,  0.0876,  0.1401,  0.2926,  0.1473,  0.2160,  0.3058,
         0.1554,  0.1980,  0.0507,  0.0894,  0.2374,  0.1252,  0.2643,  0.1304,
         0.3951,  0.2538,  0.0940,  0.3751,  0.5277,  0.1303,  0.2257,  0.1254,
         0.2649,  0.1655,  0.2221,  0.1198,  0.0808,  0.0024,  0.2234,  0.0073,
         0.3268,  0.0218,  0.0154,  0.1147,  0.1402,  0.2921,  0.1998,  0.5014,
         0.1639,  0.0694,  0.2940,  0.0324,  0.2385,  0.0771,  0.0956,  0.1635,
         0.0353,  0.0903,  0.3370,  0.2482,  0.3420,  0.2944,  0.0991,  0.1868,
         0.2874,  0.2850,  0.0876,  0.2248,  0.1279,  0.3061,  0.2911,  0.3364,
         0.5035,  0.5543,  0.1279,  0.4089,  0.3534,  0.1884,  0.1077,  0.5348,
         0.2153,  0.4517,  0.3407,  0.2682,  0.2867,  0.2723,  0.2949,  0.5772,
         0.1819,  0.0672,  0.1684,  0.4562,  0.4728,  0.1486,  0.0661,  0.2275,
         0.1492,  0.2793,  0.0698,  0.2057,  0.1062,  0.2353,  0.1374,  0.1987,
         0.1543,  0.0638,  0.4138,  0.2026,  0.2407,  0.2489,  0.1668,  0.3671,
         0.0835,  0.2011,  0.2280,  0.2512,  0.1556,  0.3480,  0.2662,  0.2915,
         0.2250,  0.0708,  0.1117,  0.0600,  0.5542,  0.3826,  0.3459,  0.4033,
         0.4855,  0.4348,  0.5869,  0.4741,  0.0949,  0.1754,  0.2396,  0.2243,
         0.1123,  0.1152,  0.1622,  0.4473,  0.1207,  0.3680,  0.1902,  0.5070,
         0.0696,  0.2367,  0.3643,  0.1163,  0.2499,  0.2813,  0.2079,  0.4112,
         0.2387,  0.5032,  0.4873,  0.1772,  0.2019,  0.0083,  0.2917,  0.2950,
         0.0202,  0.0395,  0.5230,  0.4875,  0.3556,  0.2709,  0.2667,  0.0751,
         0.0439,  0.0852,  0.2417,  0.0497,  0.1553,  0.4888,  0.1975,  0.2697,
         0.1519,  0.0019,  0.0829,  0.0926,  0.3695,  0.3490,  0.3703,  0.2640,
         0.1127,  0.1571,  0.2415,  0.1488,  0.0638,  0.1802,  0.5645,  0.2693,
         0.1969,  0.0772,  0.5581,  0.3942,  0.2695,  0.1568,  0.1991,  0.1093,
         0.2313,  0.1178,  0.0320,  0.2097,  0.0575,  0.1431,  0.2580,  0.4065,
         0.2427,  0.1922,  0.5584,  0.0935,  0.2504,  0.2266,  0.1712,  0.2672,
         0.4015,  0.5024,  0.1778,  0.5619,  0.5898,  0.2384,  0.1056,  0.2731,
         0.1116,  0.0259,  0.1890,  0.1846,  0.2811,  0.1419,  0.1336,  0.0571,
         0.1802,  0.2414,  0.1531,  0.0667,  0.1894,  0.2453,  0.2551,  0.4168,
         0.1478,  0.0105,  0.2164,  0.1769,  0.3641,  0.0768,  0.3497,  0.2874,
         0.0694,  0.0948,  0.1291,  0.2086,  0.2245,  0.1594,  0.1960,  0.2803,
         0.2609,  0.2427,  0.2977,  0.2525,  0.1419,  0.1839,  0.1581,  0.1079,
         0.1214,  0.0008,  0.2588,  0.1636,  0.3465,  0.2406,  0.2635,  0.2653,
         0.1594])"
31,31,0.0929489719111528,"tensor([0.3894, 0.4357, 0.3240, 0.2886, 0.1622, 0.6008, 0.6042, 0.4284, 0.0145,
        0.2611, 0.1983, 0.1239, 0.2553, 0.2491, 0.1230, 0.2781, 0.5136, 0.0224,
        0.0795, 0.4450, 0.4328, 0.2257, 0.3123, 0.2630, 0.2358, 0.3216, 0.3365,
        0.3352, 0.4000, 0.2609, 0.2764, 0.0602, 0.2675, 0.1372, 0.3623, 0.3074,
        0.2449, 0.5506, 0.0591, 0.2752, 0.2331, 0.4857, 0.1667, 0.2853, 0.2705,
        0.2760, 0.1534, 0.3200, 0.1566, 0.1596, 0.1051, 0.1794, 0.3162, 0.1818,
        0.2583, 0.3293, 0.1864, 0.1957, 0.0828, 0.1213, 0.2633, 0.1671, 0.2894,
        0.1528, 0.4145, 0.2808, 0.1048, 0.3802, 0.5424, 0.1596, 0.2507, 0.1667,
        0.2804, 0.1871, 0.2645, 0.1599, 0.1016, 0.0350, 0.2342, 0.0160, 0.3504,
        0.0347, 0.0291, 0.1444, 0.1536, 0.3222, 0.2118, 0.5267, 0.1966, 0.0807,
        0.3102, 0.0384, 0.2604, 0.1045, 0.1029, 0.1729, 0.0527, 0.1160, 0.3723,
        0.2662, 0.3551, 0.3116, 0.1262, 0.1952, 0.3219, 0.3129, 0.1022, 0.2362,
        0.1611, 0.3020, 0.2525, 0.3528, 0.5180, 0.5636, 0.1429, 0.3858, 0.3714,
        0.2098, 0.1386, 0.5414, 0.2376, 0.4841, 0.3721, 0.3046, 0.3170, 0.3160,
        0.3138, 0.5861, 0.1842, 0.0792, 0.1890, 0.4745, 0.4865, 0.1856, 0.0901,
        0.2528, 0.2031, 0.2945, 0.0733, 0.2278, 0.1364, 0.2507, 0.1517, 0.2163,
        0.1943, 0.0868, 0.4311, 0.2445, 0.2424, 0.2894, 0.1749, 0.3828, 0.1204,
        0.2087, 0.2570, 0.2532, 0.1646, 0.3725, 0.2868, 0.2997, 0.2516, 0.0949,
        0.1426, 0.0703, 0.5671, 0.3997, 0.3677, 0.3966, 0.4948, 0.4346, 0.6024,
        0.4890, 0.1099, 0.1969, 0.2623, 0.3007, 0.1398, 0.1269, 0.1712, 0.4677,
        0.1581, 0.3929, 0.2034, 0.5298, 0.0933, 0.2643, 0.4023, 0.1330, 0.2676,
        0.2964, 0.2250, 0.4210, 0.2221, 0.4791, 0.4968, 0.2255, 0.2350, 0.0199,
        0.3206, 0.3335, 0.0249, 0.0342, 0.5390, 0.5001, 0.3540, 0.2745, 0.2840,
        0.0648, 0.0671, 0.1064, 0.2659, 0.0651, 0.1754, 0.4884, 0.2049, 0.2899,
        0.1854, 0.0121, 0.1124, 0.1082, 0.3992, 0.3839, 0.3888, 0.2924, 0.1318,
        0.1902, 0.2390, 0.1788, 0.0964, 0.1874, 0.5794, 0.2822, 0.2172, 0.0877,
        0.5686, 0.4004, 0.3107, 0.1649, 0.2110, 0.1186, 0.2747, 0.1259, 0.0549,
        0.2237, 0.0827, 0.1676, 0.2819, 0.4272, 0.2688, 0.1705, 0.5764, 0.0998,
        0.2570, 0.2333, 0.1947, 0.2614, 0.4241, 0.5232, 0.2019, 0.5865, 0.6045,
        0.2632, 0.1408, 0.3025, 0.1193, 0.0470, 0.2115, 0.2059, 0.2876, 0.1559,
        0.1565, 0.0817, 0.1999, 0.2463, 0.1798, 0.0547, 0.1961, 0.2762, 0.2668,
        0.4308, 0.1644, 0.0394, 0.2544, 0.2038, 0.3888, 0.0972, 0.3657, 0.3017,
        0.0821, 0.1187, 0.1482, 0.2128, 0.2217, 0.1633, 0.2299, 0.2992, 0.2864,
        0.2640, 0.3195, 0.2595, 0.1710, 0.1960, 0.1831, 0.1316, 0.1399, 0.0200,
        0.2702, 0.2036, 0.3824, 0.2665, 0.2929, 0.2949, 0.1824])",0.09475902104306788,"tensor([ 0.3759,  0.4083,  0.2949,  0.2662,  0.1211,  0.5794,  0.5752,  0.4260,
        -0.0016,  0.2251,  0.1875,  0.1134,  0.2279,  0.2148,  0.0970,  0.2763,
         0.4980, -0.0063,  0.0632,  0.4331,  0.4160,  0.2025,  0.2896,  0.2386,
         0.2188,  0.2874,  0.3136,  0.3353,  0.3792,  0.2267,  0.2383,  0.0447,
         0.2622,  0.1091,  0.3311,  0.2513,  0.2299,  0.5315,  0.0563,  0.2447,
         0.2289,  0.4571,  0.1394,  0.2737,  0.2373,  0.2474,  0.1509,  0.3020,
         0.1164,  0.1456,  0.0848,  0.1452,  0.2913,  0.1416,  0.2204,  0.3045,
         0.1544,  0.1927,  0.0540,  0.0841,  0.2361,  0.1290,  0.2609,  0.1268,
         0.3945,  0.2501,  0.0908,  0.3771,  0.5254,  0.1274,  0.2226,  0.1186,
         0.2658,  0.1642,  0.2281,  0.1321,  0.0749,  0.0116,  0.2208,  0.0041,
         0.3241,  0.0115,  0.0159,  0.1164,  0.1416,  0.2920,  0.1997,  0.5046,
         0.1612,  0.0732,  0.2953,  0.0406,  0.2346,  0.0825,  0.0907,  0.1653,
         0.0278,  0.0937,  0.3400,  0.2473,  0.3437,  0.2926,  0.1022,  0.1873,
         0.2815,  0.2852,  0.0865,  0.2244,  0.1283,  0.3048,  0.2900,  0.3362,
         0.5017,  0.5536,  0.1174,  0.4044,  0.3586,  0.1858,  0.1108,  0.5344,
         0.2146,  0.4524,  0.3440,  0.2714,  0.2908,  0.2752,  0.2953,  0.5761,
         0.1496,  0.0653,  0.1676,  0.4546,  0.4712,  0.1523,  0.0643,  0.2267,
         0.1485,  0.2879,  0.0494,  0.2061,  0.1039,  0.2372,  0.1386,  0.2027,
         0.1573,  0.0647,  0.4135,  0.2080,  0.2411,  0.2478,  0.1695,  0.3660,
         0.0860,  0.2089,  0.2311,  0.2531,  0.1573,  0.3476,  0.2666,  0.2913,
         0.2248,  0.0664,  0.1096,  0.0500,  0.5562,  0.3863,  0.3430,  0.4065,
         0.4869,  0.4356,  0.5868,  0.4747,  0.1038,  0.1756,  0.2398,  0.2200,
         0.1132,  0.1069,  0.1628,  0.4466,  0.1227,  0.3681,  0.1905,  0.5056,
         0.0737,  0.2356,  0.3633,  0.1185,  0.2478,  0.2824,  0.2072,  0.4107,
         0.2410,  0.5040,  0.4860,  0.1761,  0.1977,  0.0150,  0.2933,  0.2946,
         0.0152,  0.0328,  0.5214,  0.4858,  0.3535,  0.2739,  0.2673,  0.0494,
         0.0482,  0.0875,  0.2449,  0.0589,  0.1569,  0.4895,  0.2052,  0.2680,
         0.1632, -0.0030,  0.0761,  0.0862,  0.3701,  0.3449,  0.3690,  0.2629,
         0.1123,  0.1514,  0.2382,  0.1472,  0.0690,  0.1790,  0.5655,  0.2589,
         0.1993,  0.0662,  0.5578,  0.3959,  0.2689,  0.1586,  0.2037,  0.1031,
         0.2371,  0.1226,  0.0319,  0.2087,  0.0585,  0.1465,  0.2562,  0.4062,
         0.2433,  0.1947,  0.5594,  0.1024,  0.2533,  0.2274,  0.1721,  0.2629,
         0.4046,  0.5042,  0.1777,  0.5620,  0.5877,  0.2388,  0.1068,  0.2736,
         0.1108,  0.0176,  0.1874,  0.1820,  0.2812,  0.1408,  0.1383,  0.0656,
         0.1832,  0.2416,  0.1535,  0.0591,  0.1901,  0.2419,  0.2525,  0.4192,
         0.1495,  0.0082,  0.2139,  0.1815,  0.3640,  0.0817,  0.3504,  0.2886,
         0.0701,  0.0916,  0.1292,  0.2093,  0.2198,  0.1640,  0.1969,  0.2777,
         0.2603,  0.2472,  0.2944,  0.2513,  0.1352,  0.1835,  0.1593,  0.1084,
         0.1199,  0.0083,  0.2598,  0.1622,  0.3492,  0.2396,  0.2651,  0.2655,
         0.1602])"
32,32,0.09288941261483662,"tensor([0.3906, 0.4385, 0.3246, 0.2887, 0.1643, 0.6018, 0.6049, 0.4291, 0.0128,
        0.2622, 0.1985, 0.1260, 0.2577, 0.2460, 0.1208, 0.2789, 0.5143, 0.0195,
        0.0800, 0.4452, 0.4352, 0.2253, 0.3106, 0.2573, 0.2389, 0.3238, 0.3372,
        0.3376, 0.4020, 0.2597, 0.2794, 0.0587, 0.2690, 0.1358, 0.3629, 0.3096,
        0.2453, 0.5513, 0.0613, 0.2743, 0.2331, 0.4866, 0.1683, 0.2844, 0.2727,
        0.2793, 0.1531, 0.3211, 0.1570, 0.1617, 0.1060, 0.1785, 0.3167, 0.1821,
        0.2610, 0.3301, 0.1866, 0.1936, 0.0831, 0.1219, 0.2650, 0.1707, 0.2907,
        0.1541, 0.4159, 0.2813, 0.1087, 0.3826, 0.5430, 0.1631, 0.2537, 0.1672,
        0.2822, 0.1905, 0.2635, 0.1640, 0.0973, 0.0365, 0.2415, 0.0175, 0.3523,
        0.0362, 0.0296, 0.1467, 0.1531, 0.3239, 0.2149, 0.5284, 0.1982, 0.0888,
        0.3119, 0.0316, 0.2612, 0.1018, 0.1029, 0.1747, 0.0465, 0.1151, 0.3743,
        0.2679, 0.3568, 0.3123, 0.1258, 0.1982, 0.3232, 0.3129, 0.1025, 0.2373,
        0.1617, 0.3049, 0.2567, 0.3525, 0.5187, 0.5640, 0.1447, 0.3842, 0.3734,
        0.2095, 0.1434, 0.5413, 0.2392, 0.4845, 0.3752, 0.3070, 0.3204, 0.3168,
        0.3162, 0.5866, 0.1931, 0.0771, 0.1879, 0.4751, 0.4884, 0.1847, 0.0960,
        0.2557, 0.2040, 0.2984, 0.0716, 0.2284, 0.1371, 0.2533, 0.1532, 0.2177,
        0.1984, 0.0907, 0.4324, 0.2440, 0.2443, 0.2906, 0.1725, 0.3834, 0.1187,
        0.2129, 0.2584, 0.2544, 0.1656, 0.3748, 0.2844, 0.2988, 0.2517, 0.0990,
        0.1419, 0.0770, 0.5684, 0.4010, 0.3665, 0.3990, 0.4956, 0.4357, 0.6021,
        0.4888, 0.1095, 0.1978, 0.2632, 0.2986, 0.1437, 0.1257, 0.1794, 0.4687,
        0.1599, 0.3935, 0.2040, 0.5311, 0.0957, 0.2648, 0.4038, 0.1386, 0.2688,
        0.2964, 0.2242, 0.4210, 0.2228, 0.4812, 0.4970, 0.2248, 0.2362, 0.0176,
        0.3233, 0.3364, 0.0245, 0.0302, 0.5394, 0.5008, 0.3545, 0.2787, 0.2841,
        0.0716, 0.0704, 0.1082, 0.2670, 0.0647, 0.1759, 0.4930, 0.2078, 0.2911,
        0.1940, 0.0130, 0.1076, 0.1085, 0.3999, 0.3856, 0.3898, 0.2932, 0.1302,
        0.1846, 0.2367, 0.1774, 0.0839, 0.1884, 0.5802, 0.2810, 0.2180, 0.0859,
        0.5695, 0.4014, 0.3125, 0.1668, 0.2115, 0.1214, 0.2771, 0.1261, 0.0539,
        0.2259, 0.0817, 0.1733, 0.2838, 0.4275, 0.2711, 0.1738, 0.5765, 0.0983,
        0.2594, 0.2345, 0.1946, 0.2628, 0.4248, 0.5235, 0.2033, 0.5867, 0.6039,
        0.2629, 0.1446, 0.3046, 0.1178, 0.0379, 0.2116, 0.2059, 0.2875, 0.1570,
        0.1600, 0.0774, 0.2019, 0.2445, 0.1790, 0.0531, 0.1973, 0.2769, 0.2738,
        0.4313, 0.1654, 0.0429, 0.2563, 0.2030, 0.3906, 0.1022, 0.3679, 0.3029,
        0.0854, 0.1176, 0.1484, 0.2145, 0.2218, 0.1607, 0.2313, 0.2998, 0.2869,
        0.2631, 0.3200, 0.2598, 0.1698, 0.1981, 0.1830, 0.1352, 0.1388, 0.0204,
        0.2703, 0.2047, 0.3842, 0.2668, 0.2935, 0.2960, 0.1847])",0.09471739260923295,"tensor([ 0.3762,  0.4086,  0.2977,  0.2689,  0.1234,  0.5802,  0.5757,  0.4278,
         0.0139,  0.2249,  0.1953,  0.1149,  0.2344,  0.2160,  0.1042,  0.2779,
         0.4989, -0.0026,  0.0615,  0.4319,  0.4169,  0.2058,  0.2893,  0.2483,
         0.2147,  0.2829,  0.3154,  0.3364,  0.3740,  0.2292,  0.2409,  0.0393,
         0.2670,  0.1146,  0.3311,  0.2536,  0.2273,  0.5325,  0.0519,  0.2467,
         0.2309,  0.4591,  0.1383,  0.2718,  0.2418,  0.2455,  0.1601,  0.3010,
         0.1277,  0.1419,  0.0822,  0.1424,  0.2929,  0.1455,  0.2137,  0.3021,
         0.1581,  0.2007,  0.0377,  0.0862,  0.2341,  0.1243,  0.2642,  0.1297,
         0.3957,  0.2541,  0.0814,  0.3747,  0.5256,  0.1320,  0.2263,  0.1237,
         0.2672,  0.1656,  0.2238,  0.1364,  0.0828,  0.0147,  0.2233,  0.0033,
         0.3222,  0.0282,  0.0101,  0.1096,  0.1418,  0.2935,  0.1957,  0.5046,
         0.1661,  0.0835,  0.2931,  0.0410,  0.2379,  0.0768,  0.0988,  0.1666,
         0.0346,  0.0950,  0.3383,  0.2489,  0.3430,  0.2960,  0.1083,  0.1885,
         0.2870,  0.2866,  0.0869,  0.2223,  0.1292,  0.3043,  0.2916,  0.3379,
         0.5006,  0.5545,  0.1312,  0.4105,  0.3569,  0.1850,  0.1116,  0.5354,
         0.2050,  0.4531,  0.3474,  0.2681,  0.2897,  0.2709,  0.2956,  0.5768,
         0.1844,  0.0661,  0.1663,  0.4561,  0.4737,  0.1443,  0.0754,  0.2313,
         0.1486,  0.2845,  0.0487,  0.2059,  0.1060,  0.2378,  0.1410,  0.1988,
         0.1638,  0.0658,  0.4123,  0.2038,  0.2419,  0.2501,  0.1664,  0.3691,
         0.0877,  0.2107,  0.2330,  0.2536,  0.1564,  0.3492,  0.2680,  0.2920,
         0.2252,  0.0597,  0.1186,  0.0614,  0.5584,  0.3865,  0.3460,  0.4050,
         0.4843,  0.4337,  0.5866,  0.4732,  0.0967,  0.1762,  0.2404,  0.2245,
         0.1106,  0.1066,  0.1668,  0.4484,  0.1294,  0.3641,  0.1887,  0.5076,
         0.0777,  0.2368,  0.3675,  0.1170,  0.2507,  0.2826,  0.2109,  0.4123,
         0.2333,  0.5029,  0.4872,  0.1707,  0.1996,  0.0048,  0.2918,  0.2946,
         0.0211,  0.0383,  0.5245,  0.4885,  0.3551,  0.2761,  0.2669,  0.0748,
         0.0486,  0.0882,  0.2446,  0.0562,  0.1544,  0.4903,  0.2013,  0.2728,
         0.1597,  0.0070,  0.0822,  0.0918,  0.3678,  0.3488,  0.3698,  0.2645,
         0.1094,  0.1504,  0.2349,  0.1479,  0.0640,  0.1788,  0.5640,  0.2648,
         0.1979,  0.0767,  0.5561,  0.3956,  0.2672,  0.1609,  0.2024,  0.1089,
         0.2316,  0.1162,  0.0241,  0.2085,  0.0539,  0.1471,  0.2550,  0.4071,
         0.2433,  0.1914,  0.5593,  0.0968,  0.2498,  0.2275,  0.1722,  0.2678,
         0.4053,  0.5062,  0.1784,  0.5628,  0.5887,  0.2367,  0.1058,  0.2788,
         0.1151,  0.0303,  0.1907,  0.1858,  0.2798,  0.1362,  0.1223,  0.0680,
         0.1794,  0.2405,  0.1543,  0.0479,  0.1904,  0.2418,  0.2596,  0.4194,
         0.1439,  0.0082,  0.2154,  0.1809,  0.3658,  0.0789,  0.3499,  0.2896,
         0.0720,  0.0916,  0.1263,  0.2047,  0.2232,  0.1617,  0.1999,  0.2820,
         0.2592,  0.2360,  0.2975,  0.2515,  0.1398,  0.1853,  0.1625,  0.1093,
         0.1242,  0.0010,  0.2602,  0.1604,  0.3501,  0.2383,  0.2641,  0.2658,
         0.1617])"
33,33,0.0928170656090352,"tensor([0.3915, 0.4393, 0.3262, 0.2907, 0.1657, 0.6023, 0.6041, 0.4290, 0.0154,
        0.2643, 0.2022, 0.1254, 0.2601, 0.2496, 0.1240, 0.2849, 0.5151, 0.0216,
        0.0769, 0.4470, 0.4340, 0.2250, 0.3120, 0.2602, 0.2407, 0.3220, 0.3376,
        0.3384, 0.4011, 0.2628, 0.2805, 0.0609, 0.2723, 0.1339, 0.3652, 0.3127,
        0.2474, 0.5522, 0.0572, 0.2759, 0.2377, 0.4872, 0.1689, 0.2852, 0.2703,
        0.2777, 0.1534, 0.3239, 0.1577, 0.1596, 0.1058, 0.1803, 0.3172, 0.1824,
        0.2604, 0.3315, 0.1858, 0.1974, 0.0774, 0.1214, 0.2656, 0.1752, 0.2926,
        0.1556, 0.4162, 0.2826, 0.1087, 0.3842, 0.5439, 0.1632, 0.2540, 0.1690,
        0.2816, 0.1856, 0.2674, 0.1739, 0.1046, 0.0427, 0.2442, 0.0151, 0.3528,
        0.0380, 0.0326, 0.1481, 0.1564, 0.3251, 0.2148, 0.5300, 0.1999, 0.0911,
        0.3125, 0.0318, 0.2633, 0.1013, 0.1066, 0.1758, 0.0488, 0.1171, 0.3759,
        0.2676, 0.3593, 0.3147, 0.1290, 0.1997, 0.3291, 0.3144, 0.1045, 0.2381,
        0.1607, 0.3067, 0.2573, 0.3546, 0.5206, 0.5657, 0.1462, 0.3893, 0.3746,
        0.2111, 0.1426, 0.5422, 0.2415, 0.4848, 0.3735, 0.3066, 0.3213, 0.3172,
        0.3179, 0.5879, 0.1936, 0.0813, 0.1934, 0.4767, 0.4871, 0.1876, 0.1014,
        0.2558, 0.2052, 0.2986, 0.0832, 0.2267, 0.1365, 0.2518, 0.1537, 0.2162,
        0.2036, 0.0943, 0.4332, 0.2462, 0.2425, 0.2904, 0.1759, 0.3843, 0.1223,
        0.2133, 0.2599, 0.2534, 0.1658, 0.3752, 0.2871, 0.3009, 0.2534, 0.1026,
        0.1437, 0.0822, 0.5700, 0.4008, 0.3685, 0.3983, 0.4966, 0.4360, 0.6041,
        0.4907, 0.1091, 0.1991, 0.2641, 0.2978, 0.1414, 0.1246, 0.1750, 0.4690,
        0.1619, 0.3930, 0.2032, 0.5324, 0.0977, 0.2664, 0.4039, 0.1403, 0.2697,
        0.2980, 0.2264, 0.4234, 0.2300, 0.4810, 0.4989, 0.2276, 0.2373, 0.0209,
        0.3239, 0.3380, 0.0272, 0.0404, 0.5418, 0.5024, 0.3547, 0.2782, 0.2857,
        0.0661, 0.0636, 0.1090, 0.2715, 0.0632, 0.1777, 0.4936, 0.2047, 0.2925,
        0.1907, 0.0150, 0.1118, 0.1112, 0.4028, 0.3874, 0.3905, 0.2951, 0.1333,
        0.1881, 0.2465, 0.1822, 0.0952, 0.1901, 0.5814, 0.2839, 0.2189, 0.0884,
        0.5701, 0.4020, 0.3139, 0.1663, 0.2118, 0.1210, 0.2775, 0.1252, 0.0554,
        0.2262, 0.0838, 0.1731, 0.2847, 0.4290, 0.2698, 0.1781, 0.5780, 0.1084,
        0.2586, 0.2367, 0.1954, 0.2639, 0.4258, 0.5242, 0.2033, 0.5865, 0.6045,
        0.2642, 0.1470, 0.3070, 0.1230, 0.0409, 0.2152, 0.2071, 0.2892, 0.1573,
        0.1646, 0.0732, 0.2001, 0.2476, 0.1813, 0.0497, 0.2009, 0.2781, 0.2754,
        0.4310, 0.1650, 0.0422, 0.2564, 0.2036, 0.3922, 0.0966, 0.3681, 0.3031,
        0.0833, 0.1205, 0.1463, 0.2140, 0.2239, 0.1583, 0.2305, 0.3004, 0.2887,
        0.2652, 0.3204, 0.2580, 0.1724, 0.1985, 0.1848, 0.1318, 0.1435, 0.0233,
        0.2722, 0.2057, 0.3845, 0.2676, 0.2945, 0.2963, 0.1866])",0.09469004214874335,"tensor([ 0.3776,  0.4089,  0.2972,  0.2684,  0.1244,  0.5796,  0.5708,  0.4255,
         0.0100,  0.2277,  0.1945,  0.1095,  0.2334,  0.2158,  0.1048,  0.2829,
         0.4987, -0.0053,  0.0586,  0.4311,  0.4167,  0.2059,  0.2908,  0.2500,
         0.2178,  0.2893,  0.3145,  0.3417,  0.3784,  0.2260,  0.2404,  0.0451,
         0.2683,  0.1073,  0.3353,  0.2515,  0.2323,  0.5321,  0.0526,  0.2459,
         0.2296,  0.4566,  0.1333,  0.2720,  0.2413,  0.2479,  0.1530,  0.3066,
         0.1216,  0.1369,  0.0768,  0.1455,  0.2916,  0.1470,  0.2178,  0.3052,
         0.1581,  0.1970,  0.0503,  0.0839,  0.2398,  0.1245,  0.2659,  0.1326,
         0.3962,  0.2514,  0.0905,  0.3782,  0.5252,  0.1333,  0.2247,  0.1287,
         0.2676,  0.1613,  0.2285,  0.1236,  0.0808,  0.0089,  0.2270,  0.0116,
         0.3275,  0.0053,  0.0148,  0.1190,  0.1422,  0.2916,  0.2020,  0.5035,
         0.1668,  0.0888,  0.2944,  0.0380,  0.2369,  0.0805,  0.0927,  0.1667,
         0.0339,  0.0935,  0.3421,  0.2489,  0.3451,  0.2965,  0.1090,  0.1861,
         0.2906,  0.2869,  0.0954,  0.2225,  0.1301,  0.3048,  0.2927,  0.3369,
         0.5031,  0.5539,  0.1307,  0.4147,  0.3585,  0.1866,  0.1053,  0.5343,
         0.2144,  0.4529,  0.3448,  0.2704,  0.2903,  0.2736,  0.2979,  0.5779,
         0.1793,  0.0680,  0.1677,  0.4567,  0.4730,  0.1519,  0.0695,  0.2289,
         0.1492,  0.2871,  0.0890,  0.2065,  0.1042,  0.2384,  0.1410,  0.1991,
         0.1598,  0.0666,  0.4115,  0.2071,  0.2404,  0.2462,  0.1724,  0.3679,
         0.0866,  0.2077,  0.2300,  0.2510,  0.1568,  0.3471,  0.2663,  0.2938,
         0.2223,  0.0681,  0.1109,  0.0546,  0.5585,  0.3864,  0.3484,  0.4038,
         0.4847,  0.4379,  0.5870,  0.4757,  0.1033,  0.1739,  0.2421,  0.2254,
         0.1135,  0.1218,  0.1572,  0.4474,  0.1285,  0.3668,  0.1904,  0.5042,
         0.0721,  0.2329,  0.3660,  0.1188,  0.2500,  0.2814,  0.2104,  0.4105,
         0.2305,  0.5027,  0.4866,  0.1784,  0.1998,  0.0057,  0.2940,  0.2998,
         0.0152,  0.0386,  0.5253,  0.4871,  0.3557,  0.2723,  0.2665,  0.0713,
         0.0594,  0.0893,  0.2508,  0.0482,  0.1610,  0.4936,  0.1952,  0.2670,
         0.1622,  0.0011,  0.0814,  0.0868,  0.3694,  0.3486,  0.3696,  0.2603,
         0.1140,  0.1512,  0.2472,  0.1510,  0.0653,  0.1800,  0.5668,  0.2703,
         0.1999,  0.0784,  0.5562,  0.3975,  0.2683,  0.1597,  0.2053,  0.1095,
         0.2395,  0.1236,  0.0348,  0.2109,  0.0615,  0.1482,  0.2582,  0.4031,
         0.2461,  0.1988,  0.5603,  0.0862,  0.2540,  0.2255,  0.1696,  0.2681,
         0.4050,  0.5040,  0.1778,  0.5630,  0.5878,  0.2377,  0.1022,  0.2736,
         0.1094,  0.0241,  0.1899,  0.1847,  0.2794,  0.1379,  0.1371,  0.0723,
         0.1847,  0.2431,  0.1549,  0.0460,  0.1915,  0.2410,  0.2637,  0.4199,
         0.1509,  0.0077,  0.2154,  0.1796,  0.3662,  0.0734,  0.3512,  0.2908,
         0.0686,  0.0926,  0.1270,  0.2119,  0.2260,  0.1538,  0.1985,  0.2751,
         0.2618,  0.2452,  0.2978,  0.2517,  0.1354,  0.1838,  0.1557,  0.1113,
         0.1234,  0.0024,  0.2603,  0.1607,  0.3514,  0.2406,  0.2621,  0.2686,
         0.1607])"
34,34,0.09274184737187713,"tensor([0.3925, 0.4399, 0.3275, 0.2929, 0.1647, 0.6019, 0.6008, 0.4310, 0.0092,
        0.2654, 0.1988, 0.1254, 0.2622, 0.2492, 0.1275, 0.2863, 0.5170, 0.0183,
        0.0766, 0.4479, 0.4345, 0.2270, 0.3129, 0.2675, 0.2419, 0.3237, 0.3398,
        0.3419, 0.4045, 0.2621, 0.2817, 0.0616, 0.2713, 0.1401, 0.3673, 0.3140,
        0.2493, 0.5535, 0.0530, 0.2764, 0.2370, 0.4891, 0.1703, 0.2848, 0.2727,
        0.2811, 0.1537, 0.3266, 0.1612, 0.1624, 0.1068, 0.1824, 0.3197, 0.1851,
        0.2644, 0.3330, 0.1868, 0.1999, 0.0849, 0.1232, 0.2664, 0.1758, 0.2941,
        0.1572, 0.4173, 0.2850, 0.1087, 0.3852, 0.5452, 0.1616, 0.2545, 0.1627,
        0.2836, 0.1904, 0.2656, 0.1785, 0.0957, 0.0397, 0.2452, 0.0143, 0.3552,
        0.0312, 0.0271, 0.1477, 0.1598, 0.3268, 0.2172, 0.5310, 0.1986, 0.0850,
        0.3145, 0.0369, 0.2635, 0.1015, 0.1107, 0.1725, 0.0520, 0.1133, 0.3761,
        0.2698, 0.3599, 0.3165, 0.1264, 0.2013, 0.3286, 0.3145, 0.1019, 0.2406,
        0.1622, 0.3088, 0.2581, 0.3568, 0.5211, 0.5662, 0.1468, 0.3906, 0.3745,
        0.2123, 0.1412, 0.5434, 0.2413, 0.4861, 0.3779, 0.3094, 0.3233, 0.3184,
        0.3190, 0.5884, 0.1949, 0.0807, 0.1939, 0.4771, 0.4894, 0.1884, 0.1063,
        0.2579, 0.2089, 0.2984, 0.0821, 0.2300, 0.1399, 0.2528, 0.1549, 0.2178,
        0.2054, 0.0901, 0.4336, 0.2468, 0.2423, 0.2921, 0.1824, 0.3869, 0.1175,
        0.2133, 0.2590, 0.2561, 0.1686, 0.3763, 0.2851, 0.3020, 0.2547, 0.1037,
        0.1469, 0.0776, 0.5696, 0.4005, 0.3690, 0.3989, 0.4975, 0.4374, 0.6042,
        0.4909, 0.1132, 0.1997, 0.2651, 0.2986, 0.1465, 0.1233, 0.1781, 0.4720,
        0.1645, 0.3930, 0.2026, 0.5330, 0.0975, 0.2661, 0.4055, 0.1439, 0.2702,
        0.2976, 0.2241, 0.4237, 0.2286, 0.4837, 0.5001, 0.2281, 0.2393, 0.0242,
        0.3262, 0.3389, 0.0222, 0.0379, 0.5431, 0.5030, 0.3568, 0.2801, 0.2848,
        0.0647, 0.0674, 0.1128, 0.2702, 0.0707, 0.1795, 0.4934, 0.2027, 0.2913,
        0.1914, 0.0155, 0.1149, 0.1114, 0.4040, 0.3896, 0.3911, 0.2959, 0.1354,
        0.1928, 0.2506, 0.1815, 0.1031, 0.1910, 0.5831, 0.2856, 0.2209, 0.0870,
        0.5703, 0.4054, 0.3155, 0.1676, 0.2137, 0.1224, 0.2794, 0.1251, 0.0577,
        0.2284, 0.0843, 0.1765, 0.2856, 0.4298, 0.2743, 0.1732, 0.5790, 0.1027,
        0.2621, 0.2376, 0.1984, 0.2641, 0.4272, 0.5256, 0.2054, 0.5874, 0.6059,
        0.2664, 0.1472, 0.3066, 0.1211, 0.0462, 0.2153, 0.2081, 0.2897, 0.1550,
        0.1686, 0.0830, 0.2014, 0.2485, 0.1812, 0.0568, 0.2023, 0.2797, 0.2795,
        0.4336, 0.1650, 0.0420, 0.2571, 0.2059, 0.3938, 0.0993, 0.3691, 0.3030,
        0.0819, 0.1216, 0.1472, 0.2199, 0.2248, 0.1604, 0.2323, 0.3006, 0.2899,
        0.2690, 0.3224, 0.2615, 0.1732, 0.1989, 0.1860, 0.1358, 0.1420, 0.0246,
        0.2727, 0.2061, 0.3864, 0.2686, 0.2951, 0.2970, 0.1886])",0.09472407631221272,"tensor([ 0.3761,  0.4088,  0.2974,  0.2667,  0.1193,  0.5791,  0.5714,  0.4249,
         0.0073,  0.2236,  0.1924,  0.1149,  0.2336,  0.2216,  0.0998,  0.2813,
         0.4987, -0.0049,  0.0640,  0.4343,  0.4163,  0.2046,  0.2907,  0.2439,
         0.2165,  0.2876,  0.3129,  0.3404,  0.3817,  0.2273,  0.2380,  0.0439,
         0.2643,  0.1106,  0.3326,  0.2520,  0.2331,  0.5328,  0.0574,  0.2464,
         0.2322,  0.4600,  0.1430,  0.2750,  0.2385,  0.2453,  0.1616,  0.3032,
         0.1211,  0.1481,  0.0864,  0.1433,  0.2892,  0.1441,  0.2170,  0.3036,
         0.1593,  0.2061,  0.0485,  0.0845,  0.2351,  0.1161,  0.2615,  0.1325,
         0.3944,  0.2498,  0.0971,  0.3758,  0.5282,  0.1355,  0.2248,  0.1283,
         0.2679,  0.1753,  0.2202,  0.1374,  0.0747,  0.0163,  0.2246,  0.0070,
         0.3255,  0.0172,  0.0075,  0.1154,  0.1416,  0.2927,  0.1929,  0.5016,
         0.1636,  0.0793,  0.2897,  0.0346,  0.2358,  0.0751,  0.0925,  0.1645,
         0.0191,  0.0888,  0.3396,  0.2486,  0.3416,  0.2960,  0.0993,  0.1833,
         0.2872,  0.2876,  0.0838,  0.2252,  0.1296,  0.3091,  0.2916,  0.3378,
         0.5021,  0.5540,  0.1294,  0.4126,  0.3578,  0.1840,  0.1133,  0.5325,
         0.2144,  0.4536,  0.3451,  0.2670,  0.2876,  0.2739,  0.2984,  0.5771,
         0.1831,  0.0668,  0.1651,  0.4552,  0.4742,  0.1518,  0.0646,  0.2276,
         0.1471,  0.2867,  0.0690,  0.2022,  0.1032,  0.2341,  0.1390,  0.1988,
         0.1594,  0.0641,  0.4144,  0.2086,  0.2370,  0.2435,  0.1705,  0.3692,
         0.0826,  0.2080,  0.2290,  0.2542,  0.1574,  0.3472,  0.2670,  0.2914,
         0.2258,  0.0683,  0.1194,  0.0618,  0.5564,  0.3821,  0.3452,  0.4033,
         0.4842,  0.4399,  0.5871,  0.4754,  0.0985,  0.1748,  0.2391,  0.2147,
         0.1139,  0.0984,  0.1684,  0.4477,  0.1265,  0.3671,  0.1848,  0.5061,
         0.0691,  0.2356,  0.3641,  0.1201,  0.2515,  0.2834,  0.2100,  0.4106,
         0.2441,  0.5037,  0.4874,  0.1713,  0.1998,  0.0039,  0.2928,  0.2975,
         0.0052,  0.0407,  0.5258,  0.4886,  0.3555,  0.2746,  0.2676,  0.0575,
         0.0622,  0.0908,  0.2490,  0.0629,  0.1585,  0.4872,  0.2060,  0.2715,
         0.1603, -0.0025,  0.0845,  0.0895,  0.3705,  0.3481,  0.3691,  0.2609,
         0.1118,  0.1603,  0.2533,  0.1512,  0.0672,  0.1803,  0.5657,  0.2701,
         0.2022,  0.0736,  0.5595,  0.3960,  0.2657,  0.1595,  0.2032,  0.1144,
         0.2310,  0.1216,  0.0356,  0.2094,  0.0583,  0.1437,  0.2575,  0.4056,
         0.2441,  0.2026,  0.5600,  0.1041,  0.2517,  0.2277,  0.1711,  0.2660,
         0.4038,  0.5027,  0.1774,  0.5626,  0.5887,  0.2412,  0.1057,  0.2779,
         0.1098,  0.0174,  0.1883,  0.1862,  0.2823,  0.1396,  0.1411,  0.0616,
         0.1848,  0.2367,  0.1557,  0.0562,  0.1913,  0.2399,  0.2634,  0.4178,
         0.1493,  0.0071,  0.2150,  0.1795,  0.3671,  0.0812,  0.3516,  0.2910,
         0.0704,  0.0935,  0.1209,  0.2093,  0.2229,  0.1606,  0.1968,  0.2811,
         0.2656,  0.2417,  0.2976,  0.2524,  0.1385,  0.1868,  0.1590,  0.1129,
         0.1212,  0.0066,  0.2597,  0.1612,  0.3518,  0.2406,  0.2637,  0.2670,
         0.1603])"
35,35,0.092706717528514,"tensor([0.3915, 0.4410, 0.3280, 0.2931, 0.1660, 0.6024, 0.6034, 0.4322, 0.0111,
        0.2667, 0.2023, 0.1292, 0.2637, 0.2563, 0.1280, 0.2849, 0.5153, 0.0274,
        0.0831, 0.4480, 0.4372, 0.2245, 0.3158, 0.2676, 0.2423, 0.3233, 0.3413,
        0.3425, 0.4042, 0.2632, 0.2843, 0.0611, 0.2736, 0.1364, 0.3684, 0.3139,
        0.2481, 0.5531, 0.0593, 0.2778, 0.2402, 0.4896, 0.1714, 0.2873, 0.2751,
        0.2822, 0.1591, 0.3285, 0.1579, 0.1632, 0.1098, 0.1825, 0.3198, 0.1860,
        0.2650, 0.3332, 0.1907, 0.2017, 0.0867, 0.1255, 0.2698, 0.1766, 0.2961,
        0.1597, 0.4181, 0.2856, 0.1106, 0.3853, 0.5453, 0.1657, 0.2537, 0.1620,
        0.2834, 0.1908, 0.2673, 0.1853, 0.1016, 0.0361, 0.2451, 0.0154, 0.3566,
        0.0345, 0.0276, 0.1497, 0.1609, 0.3266, 0.2156, 0.5314, 0.1995, 0.0863,
        0.3137, 0.0365, 0.2641, 0.1077, 0.1088, 0.1755, 0.0504, 0.1160, 0.3761,
        0.2695, 0.3600, 0.3159, 0.1314, 0.1995, 0.3290, 0.3152, 0.1069, 0.2410,
        0.1638, 0.3082, 0.2530, 0.3561, 0.5217, 0.5664, 0.1482, 0.3922, 0.3770,
        0.2127, 0.1431, 0.5429, 0.2426, 0.4870, 0.3789, 0.3093, 0.3230, 0.3185,
        0.3207, 0.5891, 0.1966, 0.0797, 0.1952, 0.4778, 0.4889, 0.1906, 0.1085,
        0.2565, 0.2111, 0.3005, 0.0764, 0.2315, 0.1409, 0.2525, 0.1568, 0.2193,
        0.2088, 0.0939, 0.4341, 0.2503, 0.2450, 0.2923, 0.1851, 0.3862, 0.1234,
        0.2136, 0.2610, 0.2546, 0.1657, 0.3760, 0.2888, 0.3032, 0.2577, 0.1046,
        0.1517, 0.0725, 0.5702, 0.4034, 0.3690, 0.3997, 0.5000, 0.4380, 0.6049,
        0.4913, 0.1102, 0.1990, 0.2658, 0.2955, 0.1435, 0.1251, 0.1821, 0.4710,
        0.1651, 0.3958, 0.2017, 0.5341, 0.0937, 0.2681, 0.4064, 0.1427, 0.2723,
        0.2970, 0.2200, 0.4246, 0.2304, 0.4822, 0.4999, 0.2287, 0.2389, 0.0218,
        0.3272, 0.3386, 0.0264, 0.0387, 0.5426, 0.5036, 0.3570, 0.2803, 0.2868,
        0.0716, 0.0697, 0.1112, 0.2739, 0.0709, 0.1807, 0.4936, 0.2101, 0.2934,
        0.1902, 0.0127, 0.1128, 0.1150, 0.4057, 0.3905, 0.3922, 0.2982, 0.1356,
        0.1978, 0.2512, 0.1817, 0.1000, 0.1936, 0.5836, 0.2852, 0.2226, 0.0926,
        0.5714, 0.4058, 0.3161, 0.1672, 0.2138, 0.1238, 0.2791, 0.1301, 0.0570,
        0.2288, 0.0798, 0.1760, 0.2880, 0.4307, 0.2746, 0.1806, 0.5791, 0.1077,
        0.2630, 0.2366, 0.1984, 0.2659, 0.4268, 0.5263, 0.2050, 0.5884, 0.6064,
        0.2647, 0.1476, 0.3086, 0.1204, 0.0391, 0.2162, 0.2081, 0.2910, 0.1533,
        0.1660, 0.0877, 0.2013, 0.2490, 0.1807, 0.0608, 0.2045, 0.2796, 0.2721,
        0.4342, 0.1687, 0.0404, 0.2585, 0.2060, 0.3945, 0.0939, 0.3691, 0.3054,
        0.0861, 0.1222, 0.1500, 0.2201, 0.2255, 0.1664, 0.2339, 0.3006, 0.2898,
        0.2709, 0.3226, 0.2594, 0.1745, 0.1999, 0.1865, 0.1328, 0.1427, 0.0230,
        0.2734, 0.2069, 0.3859, 0.2698, 0.2953, 0.2986, 0.1878])",0.09470966130140282,"tensor([ 0.3738,  0.4084,  0.2996,  0.2645,  0.1199,  0.5788,  0.5744,  0.4303,
         0.0073,  0.2239,  0.1887,  0.1094,  0.2386,  0.2199,  0.1011,  0.2849,
         0.4987, -0.0103,  0.0626,  0.4350,  0.4148,  0.2075,  0.2898,  0.2461,
         0.2170,  0.2852,  0.3140,  0.3454,  0.3818,  0.2295,  0.2371,  0.0387,
         0.2746,  0.1027,  0.3333,  0.2507,  0.2307,  0.5329,  0.0683,  0.2469,
         0.2331,  0.4586,  0.1385,  0.2742,  0.2420,  0.2456,  0.1493,  0.3029,
         0.1230,  0.1471,  0.0838,  0.1462,  0.2913,  0.1440,  0.2177,  0.3067,
         0.1563,  0.2012,  0.0519,  0.0866,  0.2358,  0.1238,  0.2644,  0.1326,
         0.3954,  0.2544,  0.0978,  0.3769,  0.5250,  0.1266,  0.2265,  0.1249,
         0.2671,  0.1598,  0.2247,  0.1373,  0.0809, -0.0043,  0.2258,  0.0088,
         0.3254,  0.0091,  0.0130,  0.1160,  0.1357,  0.2909,  0.2018,  0.5041,
         0.1641,  0.0773,  0.2912,  0.0434,  0.2351,  0.0765,  0.1017,  0.1666,
         0.0290,  0.0916,  0.3407,  0.2491,  0.3429,  0.2973,  0.1057,  0.1869,
         0.2852,  0.2866,  0.0888,  0.2244,  0.1300,  0.3063,  0.2889,  0.3386,
         0.4990,  0.5546,  0.1289,  0.4106,  0.3552,  0.1812,  0.1130,  0.5348,
         0.2122,  0.4519,  0.3436,  0.2675,  0.2884,  0.2724,  0.2956,  0.5763,
         0.1820,  0.0627,  0.1733,  0.4551,  0.4735,  0.1483,  0.0743,  0.2292,
         0.1520,  0.2867,  0.0699,  0.2023,  0.1084,  0.2367,  0.1389,  0.2005,
         0.1635,  0.0619,  0.4123,  0.2004,  0.2407,  0.2459,  0.1666,  0.3687,
         0.0796,  0.2017,  0.2281,  0.2525,  0.1559,  0.3390,  0.2630,  0.2873,
         0.2244,  0.0608,  0.1224,  0.0620,  0.5573,  0.3883,  0.3468,  0.4051,
         0.4832,  0.4387,  0.5866,  0.4753,  0.0999,  0.1717,  0.2381,  0.2078,
         0.1164,  0.1167,  0.1606,  0.4468,  0.1237,  0.3668,  0.1920,  0.5076,
         0.0741,  0.2370,  0.3667,  0.1174,  0.2515,  0.2846,  0.2096,  0.4105,
         0.2400,  0.5048,  0.4878,  0.1743,  0.2004,  0.0175,  0.2944,  0.2963,
         0.0062,  0.0375,  0.5233,  0.4873,  0.3535,  0.2735,  0.2675,  0.0643,
         0.0599,  0.0940,  0.2450,  0.0424,  0.1548,  0.4870,  0.2026,  0.2713,
         0.1620,  0.0025,  0.0836,  0.0912,  0.3696,  0.3449,  0.3697,  0.2649,
         0.1129,  0.1607,  0.2459,  0.1483,  0.0713,  0.1797,  0.5662,  0.2663,
         0.1996,  0.0740,  0.5579,  0.3988,  0.2652,  0.1583,  0.2042,  0.1089,
         0.2358,  0.1186,  0.0334,  0.2050,  0.0624,  0.1473,  0.2561,  0.4066,
         0.2454,  0.2033,  0.5604,  0.0970,  0.2533,  0.2255,  0.1675,  0.2668,
         0.4055,  0.5060,  0.1785,  0.5623,  0.5873,  0.2402,  0.1073,  0.2770,
         0.1136,  0.0320,  0.1885,  0.1872,  0.2812,  0.1407,  0.1432,  0.0641,
         0.1883,  0.2394,  0.1544,  0.0647,  0.1939,  0.2418,  0.2570,  0.4202,
         0.1445,  0.0153,  0.2154,  0.1773,  0.3658,  0.0726,  0.3495,  0.2887,
         0.0651,  0.0955,  0.1274,  0.2114,  0.2245,  0.1641,  0.1986,  0.2798,
         0.2630,  0.2453,  0.2952,  0.2511,  0.1429,  0.1825,  0.1584,  0.1027,
         0.1211, -0.0056,  0.2616,  0.1611,  0.3504,  0.2392,  0.2638,  0.2662,
         0.1590])"
36,36,0.09262744214997362,"tensor([0.3940, 0.4426, 0.3304, 0.2942, 0.1684, 0.6015, 0.6064, 0.4317, 0.0120,
        0.2685, 0.2038, 0.1289, 0.2637, 0.2528, 0.1270, 0.2857, 0.5180, 0.0221,
        0.0841, 0.4499, 0.4375, 0.2294, 0.3171, 0.2706, 0.2427, 0.3217, 0.3407,
        0.3463, 0.4060, 0.2639, 0.2843, 0.0610, 0.2748, 0.1390, 0.3677, 0.3154,
        0.2513, 0.5535, 0.0679, 0.2797, 0.2409, 0.4908, 0.1704, 0.2877, 0.2752,
        0.2839, 0.1527, 0.3281, 0.1645, 0.1640, 0.1049, 0.1858, 0.3211, 0.1861,
        0.2675, 0.3352, 0.1917, 0.2015, 0.0900, 0.1269, 0.2723, 0.1778, 0.2966,
        0.1616, 0.4200, 0.2866, 0.1141, 0.3877, 0.5456, 0.1601, 0.2563, 0.1728,
        0.2832, 0.1831, 0.2701, 0.1874, 0.1050, 0.0387, 0.2479, 0.0254, 0.3558,
        0.0348, 0.0316, 0.1534, 0.1633, 0.3274, 0.2196, 0.5334, 0.1991, 0.0800,
        0.3165, 0.0352, 0.2677, 0.1070, 0.1088, 0.1791, 0.0495, 0.1153, 0.3783,
        0.2684, 0.3619, 0.3172, 0.1339, 0.2014, 0.3306, 0.3167, 0.1098, 0.2406,
        0.1629, 0.3097, 0.2573, 0.3570, 0.5228, 0.5660, 0.1501, 0.3948, 0.3782,
        0.2134, 0.1453, 0.5441, 0.2443, 0.4880, 0.3747, 0.3105, 0.3244, 0.3210,
        0.3211, 0.5889, 0.1941, 0.0800, 0.1964, 0.4782, 0.4908, 0.1907, 0.1096,
        0.2602, 0.2137, 0.2991, 0.0839, 0.2299, 0.1417, 0.2552, 0.1579, 0.2200,
        0.2075, 0.0947, 0.4345, 0.2507, 0.2469, 0.2949, 0.1838, 0.3894, 0.1228,
        0.2164, 0.2634, 0.2558, 0.1675, 0.3771, 0.2885, 0.3047, 0.2574, 0.1063,
        0.1484, 0.0783, 0.5727, 0.4043, 0.3713, 0.4008, 0.4999, 0.4399, 0.6059,
        0.4919, 0.1103, 0.2005, 0.2669, 0.3027, 0.1476, 0.1303, 0.1802, 0.4723,
        0.1668, 0.3958, 0.2054, 0.5361, 0.0944, 0.2693, 0.4083, 0.1447, 0.2739,
        0.2991, 0.2240, 0.4258, 0.2344, 0.4861, 0.5000, 0.2321, 0.2410, 0.0192,
        0.3276, 0.3396, 0.0246, 0.0402, 0.5439, 0.5049, 0.3565, 0.2827, 0.2878,
        0.0633, 0.0708, 0.1133, 0.2772, 0.0680, 0.1811, 0.4897, 0.2081, 0.2938,
        0.1942, 0.0169, 0.1089, 0.1165, 0.4066, 0.3913, 0.3938, 0.2993, 0.1377,
        0.1962, 0.2418, 0.1823, 0.1045, 0.1951, 0.5835, 0.2872, 0.2231, 0.0905,
        0.5726, 0.4063, 0.3188, 0.1682, 0.2144, 0.1214, 0.2800, 0.1327, 0.0515,
        0.2290, 0.0814, 0.1780, 0.2876, 0.4306, 0.2767, 0.1815, 0.5807, 0.0970,
        0.2627, 0.2382, 0.1994, 0.2668, 0.4282, 0.5282, 0.2082, 0.5892, 0.6067,
        0.2672, 0.1492, 0.3106, 0.1201, 0.0383, 0.2173, 0.2116, 0.2919, 0.1593,
        0.1743, 0.0825, 0.2016, 0.2497, 0.1803, 0.0587, 0.2024, 0.2810, 0.2783,
        0.4370, 0.1685, 0.0497, 0.2612, 0.2073, 0.3946, 0.1000, 0.3708, 0.3048,
        0.0851, 0.1235, 0.1501, 0.2161, 0.2272, 0.1629, 0.2352, 0.3020, 0.2924,
        0.2692, 0.3253, 0.2622, 0.1758, 0.2012, 0.1862, 0.1342, 0.1417, 0.0243,
        0.2753, 0.2071, 0.3906, 0.2723, 0.2967, 0.3009, 0.1911])",0.09470749708513419,"tensor([ 0.3764,  0.4087,  0.2997,  0.2685,  0.1211,  0.5772,  0.5694,  0.4302,
        -0.0029,  0.2232,  0.1933,  0.1116,  0.2354,  0.2167,  0.1018,  0.2845,
         0.4994, -0.0097,  0.0642,  0.4349,  0.4146,  0.2060,  0.2914,  0.2479,
         0.2161,  0.2841,  0.3140,  0.3455,  0.3815,  0.2291,  0.2403,  0.0399,
         0.2716,  0.1093,  0.3342,  0.2535,  0.2320,  0.5316,  0.0696,  0.2463,
         0.2290,  0.4591,  0.1350,  0.2752,  0.2422,  0.2459,  0.1562,  0.3082,
         0.1225,  0.1434,  0.0824,  0.1451,  0.2907,  0.1444,  0.2170,  0.3057,
         0.1563,  0.2004,  0.0532,  0.0892,  0.2391,  0.1247,  0.2614,  0.1339,
         0.3946,  0.2497,  0.0938,  0.3760,  0.5278,  0.1333,  0.2268,  0.1237,
         0.2643,  0.1707,  0.2233,  0.1436,  0.0789,  0.0054,  0.2278,  0.0096,
         0.3266,  0.0094,  0.0077,  0.1186,  0.1495,  0.2924,  0.2051,  0.5035,
         0.1640,  0.0800,  0.2914,  0.0507,  0.2366,  0.0728,  0.1010,  0.1653,
         0.0258,  0.0893,  0.3397,  0.2492,  0.3471,  0.2975,  0.1056,  0.1878,
         0.2911,  0.2852,  0.0918,  0.2233,  0.1289,  0.3098,  0.2874,  0.3364,
         0.5016,  0.5537,  0.1327,  0.4127,  0.3576,  0.1812,  0.1128,  0.5355,
         0.2170,  0.4518,  0.3506,  0.2687,  0.2932,  0.2748,  0.2986,  0.5755,
         0.1904,  0.0621,  0.1711,  0.4517,  0.4728,  0.1533,  0.0763,  0.2294,
         0.1475,  0.2887,  0.0856,  0.2066,  0.1037,  0.2380,  0.1367,  0.2002,
         0.1645,  0.0627,  0.4112,  0.2034,  0.2434,  0.2466,  0.1721,  0.3664,
         0.0876,  0.2030,  0.2303,  0.2519,  0.1547,  0.3512,  0.2685,  0.2944,
         0.2248,  0.0635,  0.1127,  0.0487,  0.5600,  0.3846,  0.3462,  0.4054,
         0.4854,  0.4398,  0.5864,  0.4759,  0.0973,  0.1742,  0.2398,  0.2198,
         0.1125,  0.1133,  0.1527,  0.4485,  0.1244,  0.3646,  0.1902,  0.5064,
         0.0787,  0.2375,  0.3654,  0.1242,  0.2507,  0.2785,  0.2106,  0.4137,
         0.2476,  0.5045,  0.4874,  0.1767,  0.2014,  0.0150,  0.2947,  0.2993,
         0.0131,  0.0289,  0.5258,  0.4879,  0.3567,  0.2760,  0.2689,  0.0713,
         0.0545,  0.0914,  0.2482,  0.0614,  0.1577,  0.4925,  0.2081,  0.2710,
         0.1647,  0.0029,  0.0850,  0.0923,  0.3662,  0.3448,  0.3706,  0.2655,
         0.1110,  0.1559,  0.2588,  0.1511,  0.0722,  0.1771,  0.5649,  0.2696,
         0.2005,  0.0772,  0.5582,  0.3981,  0.2660,  0.1588,  0.2052,  0.1092,
         0.2357,  0.1206,  0.0236,  0.2062,  0.0621,  0.1444,  0.2565,  0.4062,
         0.2471,  0.2171,  0.5595,  0.1021,  0.2512,  0.2293,  0.1712,  0.2658,
         0.4064,  0.5079,  0.1758,  0.5615,  0.5878,  0.2402,  0.1072,  0.2734,
         0.1148,  0.0207,  0.1901,  0.1857,  0.2799,  0.1400,  0.1367,  0.0627,
         0.1742,  0.2353,  0.1573,  0.0630,  0.1909,  0.2400,  0.2625,  0.4200,
         0.1513,  0.0048,  0.2191,  0.1790,  0.3643,  0.0826,  0.3512,  0.2908,
         0.0707,  0.0942,  0.1257,  0.2099,  0.2222,  0.1525,  0.1978,  0.2786,
         0.2648,  0.2477,  0.2960,  0.2522,  0.1424,  0.1860,  0.1598,  0.1101,
         0.1255,  0.0055,  0.2611,  0.1596,  0.3510,  0.2429,  0.2625,  0.2658,
         0.1589])"
37,37,0.09255415041055252,"tensor([0.3939, 0.4439, 0.3313, 0.2959, 0.1680, 0.6027, 0.6068, 0.4336, 0.0128,
        0.2702, 0.2029, 0.1294, 0.2641, 0.2574, 0.1289, 0.2876, 0.5188, 0.0281,
        0.0849, 0.4484, 0.4386, 0.2292, 0.3169, 0.2676, 0.2451, 0.3258, 0.3428,
        0.3474, 0.4079, 0.2642, 0.2876, 0.0594, 0.2765, 0.1415, 0.3699, 0.3178,
        0.2515, 0.5549, 0.0632, 0.2820, 0.2422, 0.4919, 0.1724, 0.2884, 0.2769,
        0.2851, 0.1553, 0.3307, 0.1634, 0.1650, 0.1089, 0.1880, 0.3239, 0.1903,
        0.2681, 0.3371, 0.1933, 0.1997, 0.0835, 0.1257, 0.2715, 0.1772, 0.2980,
        0.1653, 0.4208, 0.2878, 0.1084, 0.3882, 0.5453, 0.1622, 0.2571, 0.1738,
        0.2835, 0.1976, 0.2723, 0.1903, 0.1048, 0.0481, 0.2517, 0.0177, 0.3573,
        0.0382, 0.0319, 0.1514, 0.1699, 0.3295, 0.2162, 0.5339, 0.2019, 0.0937,
        0.3171, 0.0446, 0.2691, 0.1074, 0.1148, 0.1765, 0.0530, 0.1192, 0.3782,
        0.2697, 0.3628, 0.3194, 0.1333, 0.2037, 0.3336, 0.3170, 0.1080, 0.2431,
        0.1630, 0.3119, 0.2592, 0.3582, 0.5234, 0.5679, 0.1516, 0.3960, 0.3776,
        0.2162, 0.1452, 0.5449, 0.2448, 0.4887, 0.3809, 0.3121, 0.3264, 0.3212,
        0.3223, 0.5902, 0.2008, 0.0829, 0.1928, 0.4797, 0.4914, 0.1937, 0.1171,
        0.2611, 0.2134, 0.3009, 0.0850, 0.2339, 0.1422, 0.2559, 0.1586, 0.2221,
        0.2082, 0.0986, 0.4343, 0.2526, 0.2477, 0.2958, 0.1873, 0.3893, 0.1277,
        0.2175, 0.2629, 0.2565, 0.1699, 0.3795, 0.2900, 0.3037, 0.2579, 0.1009,
        0.1542, 0.0815, 0.5741, 0.4038, 0.3709, 0.4000, 0.5008, 0.4403, 0.6073,
        0.4935, 0.1109, 0.2021, 0.2688, 0.3070, 0.1458, 0.1254, 0.1838, 0.4733,
        0.1671, 0.3958, 0.2071, 0.5371, 0.1006, 0.2718, 0.4100, 0.1444, 0.2733,
        0.2957, 0.2283, 0.4280, 0.2337, 0.4854, 0.5007, 0.2323, 0.2410, 0.0193,
        0.3262, 0.3392, 0.0265, 0.0364, 0.5465, 0.5069, 0.3582, 0.2838, 0.2877,
        0.0757, 0.0747, 0.1146, 0.2774, 0.0701, 0.1818, 0.4969, 0.2074, 0.2974,
        0.1953, 0.0145, 0.1129, 0.1138, 0.4066, 0.3933, 0.3943, 0.2996, 0.1360,
        0.1988, 0.2534, 0.1824, 0.1003, 0.1944, 0.5850, 0.2875, 0.2242, 0.0894,
        0.5737, 0.4082, 0.3207, 0.1701, 0.2166, 0.1253, 0.2816, 0.1326, 0.0512,
        0.2313, 0.0907, 0.1803, 0.2887, 0.4327, 0.2772, 0.1880, 0.5817, 0.1033,
        0.2633, 0.2379, 0.2014, 0.2679, 0.4302, 0.5301, 0.2056, 0.5897, 0.6071,
        0.2687, 0.1527, 0.3103, 0.1218, 0.0467, 0.2194, 0.2106, 0.2938, 0.1531,
        0.1729, 0.0889, 0.2023, 0.2513, 0.1839, 0.0579, 0.2031, 0.2831, 0.2773,
        0.4373, 0.1652, 0.0493, 0.2615, 0.2076, 0.3972, 0.1091, 0.3733, 0.3076,
        0.0914, 0.1259, 0.1520, 0.2157, 0.2266, 0.1643, 0.2363, 0.3027, 0.2931,
        0.2716, 0.3268, 0.2629, 0.1768, 0.2027, 0.1867, 0.1356, 0.1392, 0.0208,
        0.2757, 0.2086, 0.3921, 0.2728, 0.2968, 0.3035, 0.1930])",0.09466253017031011,"tensor([ 0.3759,  0.4098,  0.3003,  0.2688,  0.1193,  0.5802,  0.5721,  0.4302,
         0.0111,  0.2240,  0.1921,  0.1129,  0.2357,  0.2171,  0.0975,  0.2807,
         0.5003, -0.0021,  0.0572,  0.4343,  0.4166,  0.2049,  0.2902,  0.2516,
         0.2179,  0.2831,  0.3140,  0.3453,  0.3763,  0.2283,  0.2389,  0.0479,
         0.2760,  0.1076,  0.3350,  0.2505,  0.2317,  0.5337,  0.0695,  0.2467,
         0.2305,  0.4602,  0.1419,  0.2752,  0.2417,  0.2453,  0.1594,  0.3073,
         0.1209,  0.1436,  0.0774,  0.1446,  0.2886,  0.1458,  0.2158,  0.3035,
         0.1579,  0.2060,  0.0500,  0.0826,  0.2344,  0.1220,  0.2621,  0.1353,
         0.3934,  0.2548,  0.0884,  0.3796,  0.5258,  0.1380,  0.2228,  0.1317,
         0.2695,  0.1693,  0.2287,  0.1538,  0.0794,  0.0122,  0.2227,  0.0047,
         0.3244,  0.0317,  0.0125,  0.1203,  0.1536,  0.2923,  0.2037,  0.5037,
         0.1607,  0.0788,  0.2926,  0.0367,  0.2364,  0.0800,  0.0997,  0.1639,
         0.0285,  0.0938,  0.3400,  0.2487,  0.3458,  0.2949,  0.1090,  0.1842,
         0.2917,  0.2868,  0.0920,  0.2235,  0.1286,  0.3086,  0.2942,  0.3382,
         0.5011,  0.5551,  0.1301,  0.4152,  0.3602,  0.1842,  0.1097,  0.5361,
         0.2097,  0.4528,  0.3516,  0.2659,  0.2909,  0.2725,  0.2977,  0.5767,
         0.1893,  0.0693,  0.1698,  0.4554,  0.4723,  0.1469,  0.0844,  0.2311,
         0.1495,  0.2871,  0.0792,  0.2060,  0.1019,  0.2384,  0.1426,  0.1996,
         0.1587,  0.0669,  0.4135,  0.2054,  0.2423,  0.2464,  0.1698,  0.3678,
         0.0875,  0.2080,  0.2305,  0.2521,  0.1581,  0.3513,  0.2658,  0.2963,
         0.2235,  0.0696,  0.1159,  0.0555,  0.5560,  0.3871,  0.3474,  0.3965,
         0.4864,  0.4411,  0.5870,  0.4764,  0.0979,  0.1739,  0.2408,  0.2212,
         0.1165,  0.1130,  0.1611,  0.4473,  0.1227,  0.3670,  0.1906,  0.5065,
         0.0732,  0.2383,  0.3639,  0.1216,  0.2526,  0.2826,  0.2118,  0.4112,
         0.2503,  0.5051,  0.4895,  0.1751,  0.1998,  0.0198,  0.2952,  0.2910,
         0.0178,  0.0408,  0.5278,  0.4893,  0.3564,  0.2736,  0.2676,  0.0724,
         0.0598,  0.0934,  0.2530,  0.0618,  0.1609,  0.4955,  0.2007,  0.2734,
         0.1650,  0.0075,  0.0850,  0.0898,  0.3694,  0.3470,  0.3709,  0.2638,
         0.1113,  0.1526,  0.2527,  0.1483,  0.0722,  0.1800,  0.5670,  0.2687,
         0.1989,  0.0734,  0.5580,  0.3966,  0.2659,  0.1575,  0.2029,  0.1154,
         0.2353,  0.1258,  0.0251,  0.2095,  0.0623,  0.1486,  0.2577,  0.4093,
         0.2440,  0.1861,  0.5606,  0.0954,  0.2541,  0.2276,  0.1725,  0.2664,
         0.4070,  0.5086,  0.1810,  0.5621,  0.5865,  0.2407,  0.1063,  0.2752,
         0.1103,  0.0299,  0.1858,  0.1873,  0.2821,  0.1400,  0.1455,  0.0729,
         0.1829,  0.2436,  0.1584,  0.0565,  0.1909,  0.2426,  0.2620,  0.4205,
         0.1455,  0.0143,  0.2127,  0.1826,  0.3685,  0.0744,  0.3526,  0.2900,
         0.0734,  0.0867,  0.1239,  0.1940,  0.2219,  0.1602,  0.1966,  0.2795,
         0.2656,  0.2457,  0.2981,  0.2518,  0.1432,  0.1884,  0.1580,  0.1145,
         0.1185,  0.0028,  0.2597,  0.1622,  0.3513,  0.2417,  0.2609,  0.2691,
         0.1623])"
38,38,0.09248147073076732,"tensor([0.3962, 0.4443, 0.3317, 0.2963, 0.1702, 0.6041, 0.6073, 0.4354, 0.0139,
        0.2713, 0.2019, 0.1307, 0.2647, 0.2611, 0.1290, 0.2878, 0.5193, 0.0258,
        0.0848, 0.4505, 0.4395, 0.2296, 0.3160, 0.2659, 0.2468, 0.3272, 0.3428,
        0.3504, 0.4080, 0.2663, 0.2896, 0.0631, 0.2735, 0.1427, 0.3727, 0.3195,
        0.2528, 0.5559, 0.0700, 0.2822, 0.2441, 0.4919, 0.1749, 0.2913, 0.2797,
        0.2857, 0.1607, 0.3314, 0.1658, 0.1667, 0.1082, 0.1864, 0.3252, 0.1918,
        0.2702, 0.3366, 0.1954, 0.2029, 0.0861, 0.1260, 0.2729, 0.1842, 0.2997,
        0.1644, 0.4203, 0.2879, 0.1105, 0.3884, 0.5469, 0.1693, 0.2562, 0.1714,
        0.2868, 0.1990, 0.2744, 0.1911, 0.1029, 0.0416, 0.2523, 0.0174, 0.3590,
        0.0409, 0.0258, 0.1504, 0.1692, 0.3298, 0.2223, 0.5348, 0.2027, 0.0906,
        0.3193, 0.0407, 0.2696, 0.1083, 0.1083, 0.1776, 0.0522, 0.1205, 0.3794,
        0.2714, 0.3634, 0.3212, 0.1339, 0.2032, 0.3346, 0.3171, 0.1131, 0.2428,
        0.1667, 0.3134, 0.2618, 0.3584, 0.5247, 0.5689, 0.1503, 0.3995, 0.3796,
        0.2180, 0.1487, 0.5455, 0.2461, 0.4894, 0.3821, 0.3134, 0.3274, 0.3227,
        0.3240, 0.5904, 0.2025, 0.0874, 0.1974, 0.4804, 0.4908, 0.1955, 0.1205,
        0.2618, 0.2154, 0.3007, 0.0796, 0.2340, 0.1441, 0.2566, 0.1601, 0.2227,
        0.2074, 0.0990, 0.4368, 0.2523, 0.2460, 0.2963, 0.1862, 0.3895, 0.1252,
        0.2193, 0.2649, 0.2573, 0.1703, 0.3796, 0.2909, 0.3050, 0.2595, 0.1054,
        0.1527, 0.0791, 0.5737, 0.4050, 0.3739, 0.4016, 0.5026, 0.4409, 0.6069,
        0.4941, 0.1111, 0.2032, 0.2697, 0.3075, 0.1454, 0.1270, 0.1865, 0.4741,
        0.1670, 0.3986, 0.2078, 0.5380, 0.1036, 0.2730, 0.4107, 0.1462, 0.2742,
        0.3008, 0.2294, 0.4286, 0.2379, 0.4859, 0.5027, 0.2335, 0.2433, 0.0221,
        0.3298, 0.3404, 0.0273, 0.0436, 0.5481, 0.5081, 0.3612, 0.2837, 0.2890,
        0.0709, 0.0757, 0.1149, 0.2773, 0.0712, 0.1820, 0.4975, 0.2052, 0.2971,
        0.1960, 0.0158, 0.1175, 0.1168, 0.4092, 0.3946, 0.3955, 0.3026, 0.1402,
        0.1988, 0.2645, 0.1870, 0.1019, 0.1958, 0.5870, 0.2873, 0.2250, 0.0900,
        0.5739, 0.4100, 0.3223, 0.1688, 0.2160, 0.1261, 0.2821, 0.1335, 0.0554,
        0.2308, 0.0900, 0.1834, 0.2897, 0.4342, 0.2786, 0.1865, 0.5821, 0.1012,
        0.2657, 0.2412, 0.2019, 0.2695, 0.4297, 0.5302, 0.2086, 0.5911, 0.6084,
        0.2686, 0.1541, 0.3125, 0.1259, 0.0483, 0.2173, 0.2121, 0.2938, 0.1627,
        0.1746, 0.0872, 0.2053, 0.2517, 0.1832, 0.0569, 0.2070, 0.2830, 0.2798,
        0.4374, 0.1671, 0.0467, 0.2627, 0.2075, 0.3985, 0.1049, 0.3723, 0.3077,
        0.0887, 0.1252, 0.1541, 0.2174, 0.2250, 0.1663, 0.2355, 0.3036, 0.2943,
        0.2735, 0.3273, 0.2638, 0.1784, 0.2037, 0.1891, 0.1374, 0.1452, 0.0189,
        0.2769, 0.2098, 0.3927, 0.2736, 0.2986, 0.3048, 0.1930])",0.09471443792184193,"tensor([ 0.3781,  0.4095,  0.2995,  0.2679,  0.1203,  0.5800,  0.5743,  0.4311,
         0.0072,  0.2254,  0.1941,  0.1080,  0.2337,  0.2206,  0.0994,  0.2835,
         0.4982, -0.0079,  0.0600,  0.4347,  0.4157,  0.2062,  0.2880,  0.2476,
         0.2176,  0.2866,  0.3127,  0.3466,  0.3794,  0.2261,  0.2403,  0.0419,
         0.2708,  0.1132,  0.3369,  0.2566,  0.2306,  0.5338,  0.0725,  0.2459,
         0.2367,  0.4596,  0.1383,  0.2711,  0.2395,  0.2483,  0.1542,  0.3084,
         0.1232,  0.1413,  0.0859,  0.1447,  0.2891,  0.1424,  0.2165,  0.3035,
         0.1556,  0.2020,  0.0556,  0.0864,  0.2345,  0.1268,  0.2630,  0.1315,
         0.3951,  0.2525,  0.0922,  0.3777,  0.5248,  0.1365,  0.2240,  0.1266,
         0.2671,  0.1732,  0.2266,  0.1545,  0.0829,  0.0173,  0.2284,  0.0103,
         0.3264,  0.0233,  0.0125,  0.1204,  0.1404,  0.2915,  0.2029,  0.5047,
         0.1657,  0.0811,  0.2890,  0.0486,  0.2350,  0.0763,  0.1028,  0.1622,
         0.0317,  0.0928,  0.3415,  0.2468,  0.3427,  0.2982,  0.0986,  0.1903,
         0.2950,  0.2849,  0.0931,  0.2225,  0.1291,  0.3068,  0.2939,  0.3392,
         0.5010,  0.5544,  0.1326,  0.4138,  0.3622,  0.1823,  0.1116,  0.5358,
         0.2169,  0.4531,  0.3450,  0.2694,  0.2909,  0.2756,  0.3002,  0.5774,
         0.1899,  0.0670,  0.1729,  0.4549,  0.4740,  0.1481,  0.0865,  0.2290,
         0.1492,  0.2838,  0.0831,  0.2053,  0.1054,  0.2372,  0.1438,  0.2013,
         0.1593,  0.0687,  0.4134,  0.2046,  0.2397,  0.2472,  0.1787,  0.3656,
         0.0842,  0.2067,  0.2291,  0.2509,  0.1549,  0.3450,  0.2710,  0.2936,
         0.2254,  0.0675,  0.1185,  0.0408,  0.5614,  0.3867,  0.3473,  0.4051,
         0.4871,  0.4387,  0.5867,  0.4739,  0.1014,  0.1727,  0.2429,  0.2244,
         0.1139,  0.1174,  0.1658,  0.4485,  0.1196,  0.3657,  0.1912,  0.5066,
         0.0801,  0.2405,  0.3640,  0.1197,  0.2529,  0.2857,  0.2093,  0.4126,
         0.2463,  0.5029,  0.4888,  0.1627,  0.1984,  0.0153,  0.2975,  0.3000,
         0.0187,  0.0382,  0.5288,  0.4890,  0.3554,  0.2729,  0.2675,  0.0635,
         0.0530,  0.0876,  0.2538,  0.0663,  0.1609,  0.4833,  0.2103,  0.2723,
         0.1608, -0.0027,  0.0836,  0.0874,  0.3670,  0.3447,  0.3702,  0.2648,
         0.1129,  0.1606,  0.2657,  0.1484,  0.0664,  0.1809,  0.5663,  0.2682,
         0.1999,  0.0740,  0.5586,  0.3989,  0.2652,  0.1561,  0.2017,  0.1107,
         0.2381,  0.1217,  0.0317,  0.2077,  0.0639,  0.1425,  0.2583,  0.4083,
         0.2449,  0.2155,  0.5612,  0.0856,  0.2564,  0.2274,  0.1725,  0.2675,
         0.4082,  0.5071,  0.1793,  0.5614,  0.5884,  0.2361,  0.1060,  0.2773,
         0.1156,  0.0218,  0.1902,  0.1863,  0.2829,  0.1443,  0.1457,  0.0755,
         0.1824,  0.2430,  0.1563,  0.0688,  0.1987,  0.2420,  0.2621,  0.4195,
         0.1457,  0.0149,  0.2142,  0.1829,  0.3685,  0.0820,  0.3523,  0.2888,
         0.0644,  0.0894,  0.1352,  0.2102,  0.2218,  0.1501,  0.1968,  0.2797,
         0.2617,  0.2462,  0.2949,  0.2534,  0.1419,  0.1856,  0.1596,  0.1075,
         0.1245, -0.0017,  0.2619,  0.1625,  0.3475,  0.2417,  0.2656,  0.2674,
         0.1603])"
39,39,0.09242678406968045,"tensor([0.3982, 0.4453, 0.3321, 0.2955, 0.1722, 0.6035, 0.6070, 0.4365, 0.0098,
        0.2727, 0.2040, 0.1290, 0.2685, 0.2653, 0.1289, 0.2894, 0.5201, 0.0226,
        0.0854, 0.4489, 0.4415, 0.2301, 0.3186, 0.2704, 0.2458, 0.3260, 0.3445,
        0.3521, 0.4095, 0.2673, 0.2891, 0.0624, 0.2811, 0.1389, 0.3730, 0.3210,
        0.2530, 0.5568, 0.0668, 0.2831, 0.2466, 0.4926, 0.1727, 0.2883, 0.2810,
        0.2879, 0.1571, 0.3370, 0.1680, 0.1673, 0.1120, 0.1899, 0.3285, 0.1901,
        0.2721, 0.3389, 0.1942, 0.2034, 0.0882, 0.1343, 0.2748, 0.1821, 0.3007,
        0.1689, 0.4224, 0.2911, 0.1158, 0.3896, 0.5463, 0.1672, 0.2575, 0.1808,
        0.2873, 0.1992, 0.2736, 0.2062, 0.1048, 0.0352, 0.2534, 0.0141, 0.3585,
        0.0343, 0.0367, 0.1573, 0.1711, 0.3298, 0.2228, 0.5360, 0.2030, 0.0947,
        0.3187, 0.0379, 0.2706, 0.1073, 0.1098, 0.1758, 0.0579, 0.1206, 0.3795,
        0.2716, 0.3645, 0.3208, 0.1329, 0.2061, 0.3350, 0.3181, 0.1147, 0.2458,
        0.1650, 0.3142, 0.2598, 0.3590, 0.5253, 0.5695, 0.1547, 0.3983, 0.3801,
        0.2179, 0.1482, 0.5465, 0.2483, 0.4904, 0.3848, 0.3156, 0.3278, 0.3234,
        0.3248, 0.5913, 0.1988, 0.0899, 0.1964, 0.4809, 0.4934, 0.1968, 0.1273,
        0.2619, 0.2169, 0.3021, 0.0785, 0.2354, 0.1455, 0.2580, 0.1602, 0.2232,
        0.2107, 0.1000, 0.4379, 0.2530, 0.2478, 0.2987, 0.1876, 0.3918, 0.1283,
        0.2199, 0.2669, 0.2605, 0.1713, 0.3817, 0.2934, 0.3062, 0.2627, 0.1119,
        0.1562, 0.0823, 0.5745, 0.4058, 0.3760, 0.3992, 0.5009, 0.4414, 0.6074,
        0.4946, 0.1091, 0.2050, 0.2707, 0.3070, 0.1494, 0.1410, 0.1822, 0.4743,
        0.1695, 0.3969, 0.2101, 0.5388, 0.1016, 0.2729, 0.4125, 0.1470, 0.2769,
        0.3029, 0.2294, 0.4290, 0.2379, 0.4870, 0.5036, 0.2371, 0.2443, 0.0206,
        0.3315, 0.3425, 0.0288, 0.0442, 0.5464, 0.5088, 0.3613, 0.2852, 0.2904,
        0.0702, 0.0721, 0.1170, 0.2818, 0.0709, 0.1843, 0.4970, 0.2114, 0.2981,
        0.1957, 0.0187, 0.1187, 0.1157, 0.4098, 0.3964, 0.3969, 0.3031, 0.1425,
        0.2011, 0.2588, 0.1869, 0.1031, 0.1984, 0.5869, 0.2873, 0.2248, 0.0921,
        0.5729, 0.4102, 0.3243, 0.1703, 0.2157, 0.1265, 0.2831, 0.1356, 0.0559,
        0.2318, 0.0911, 0.1815, 0.2896, 0.4349, 0.2814, 0.1913, 0.5826, 0.1062,
        0.2645, 0.2414, 0.2001, 0.2715, 0.4309, 0.5313, 0.2111, 0.5911, 0.6092,
        0.2693, 0.1514, 0.3140, 0.1217, 0.0442, 0.2202, 0.2131, 0.2927, 0.1618,
        0.1803, 0.0923, 0.2002, 0.2515, 0.1841, 0.0674, 0.2060, 0.2845, 0.2818,
        0.4397, 0.1682, 0.0471, 0.2633, 0.2085, 0.3995, 0.1112, 0.3748, 0.3067,
        0.0901, 0.1244, 0.1511, 0.2183, 0.2298, 0.1632, 0.2375, 0.3056, 0.2967,
        0.2752, 0.3291, 0.2658, 0.1790, 0.2031, 0.1901, 0.1379, 0.1434, 0.0239,
        0.2784, 0.2115, 0.3942, 0.2741, 0.3003, 0.3066, 0.1945])",0.09470476706822713,"tensor([ 0.3789,  0.4092,  0.2980,  0.2690,  0.1176,  0.5791,  0.5749,  0.4312,
         0.0087,  0.2224,  0.1887,  0.1097,  0.2350,  0.2226,  0.1002,  0.2855,
         0.4987, -0.0052,  0.0575,  0.4334,  0.4174,  0.2043,  0.2888,  0.2473,
         0.2178,  0.2830,  0.3147,  0.3485,  0.3849,  0.2262,  0.2374,  0.0468,
         0.2731,  0.1094,  0.3331,  0.2586,  0.2301,  0.5310,  0.0725,  0.2427,
         0.2353,  0.4594,  0.1375,  0.2730,  0.2449,  0.2470,  0.1578,  0.3063,
         0.1204,  0.1417,  0.0856,  0.1406,  0.2893,  0.1456,  0.2165,  0.3048,
         0.1501,  0.1996,  0.0566,  0.0880,  0.2351,  0.1246,  0.2659,  0.1373,
         0.3945,  0.2522,  0.0952,  0.3792,  0.5256,  0.1366,  0.2264,  0.1234,
         0.2676,  0.1742,  0.2293,  0.1607,  0.0823,  0.0147,  0.2300,  0.0096,
         0.3260,  0.0080,  0.0119,  0.1182,  0.1591,  0.2903,  0.2078,  0.5024,
         0.1636,  0.0853,  0.2942,  0.0438,  0.2367,  0.0787,  0.0909,  0.1669,
         0.0391,  0.0890,  0.3410,  0.2486,  0.3463,  0.2996,  0.1066,  0.1900,
         0.2972,  0.2858,  0.0903,  0.2218,  0.1304,  0.3086,  0.2845,  0.3397,
         0.5014,  0.5545,  0.1317,  0.4177,  0.3622,  0.1843,  0.1147,  0.5353,
         0.2143,  0.4519,  0.3476,  0.2699,  0.2915,  0.2725,  0.2996,  0.5777,
         0.1858,  0.0669,  0.1659,  0.4567,  0.4738,  0.1492,  0.0880,  0.2301,
         0.1506,  0.2880,  0.0823,  0.2070,  0.1048,  0.2381,  0.1372,  0.2014,
         0.1589,  0.0695,  0.4138,  0.2058,  0.2414,  0.2445,  0.1806,  0.3652,
         0.0799,  0.2080,  0.2307,  0.2528,  0.1560,  0.3500,  0.2705,  0.2894,
         0.2224,  0.0735,  0.1177,  0.0564,  0.5588,  0.3870,  0.3462,  0.4052,
         0.4796,  0.4348,  0.5865,  0.4742,  0.1034,  0.1735,  0.2402,  0.2224,
         0.1147,  0.1188,  0.1525,  0.4470,  0.1180,  0.3680,  0.1894,  0.5067,
         0.0794,  0.2398,  0.3650,  0.1205,  0.2519,  0.2849,  0.2094,  0.4117,
         0.2525,  0.5057,  0.4875,  0.1784,  0.1982,  0.0211,  0.2973,  0.2933,
         0.0031,  0.0398,  0.5192,  0.4893,  0.3545,  0.2717,  0.2670,  0.0720,
         0.0526,  0.0892,  0.2507,  0.0551,  0.1576,  0.4953,  0.2084,  0.2739,
         0.1659,  0.0043,  0.0860,  0.0886,  0.3688,  0.3486,  0.3711,  0.2646,
         0.1107,  0.1577,  0.2542,  0.1507,  0.0691,  0.1816,  0.5661,  0.2667,
         0.2010,  0.0799,  0.5577,  0.3990,  0.2660,  0.1560,  0.2043,  0.1118,
         0.2372,  0.1235,  0.0231,  0.2112,  0.0624,  0.1499,  0.2547,  0.4096,
         0.2444,  0.2166,  0.5604,  0.1090,  0.2555,  0.2271,  0.1727,  0.2632,
         0.4073,  0.5082,  0.1764,  0.5624,  0.5871,  0.2406,  0.1052,  0.2763,
         0.1120,  0.0233,  0.1874,  0.1795,  0.2814,  0.1403,  0.1453,  0.0676,
         0.1853,  0.2419,  0.1537,  0.0619,  0.1926,  0.2407,  0.2653,  0.4196,
         0.1483,  0.0174,  0.2125,  0.1779,  0.3665,  0.0804,  0.3523,  0.2917,
         0.0644,  0.0934,  0.1337,  0.2016,  0.2244,  0.1662,  0.1960,  0.2830,
         0.2636,  0.2483,  0.2962,  0.2553,  0.1381,  0.1850,  0.1592,  0.1162,
         0.1201, -0.0071,  0.2634,  0.1613,  0.3511,  0.2374,  0.2637,  0.2658,
         0.1579])"
40,40,0.09236544977817962,"tensor([0.3974, 0.4469, 0.3332, 0.2988, 0.1726, 0.6043, 0.6071, 0.4354, 0.0151,
        0.2744, 0.2035, 0.1290, 0.2664, 0.2630, 0.1290, 0.2899, 0.5216, 0.0252,
        0.0849, 0.4514, 0.4427, 0.2327, 0.3203, 0.2751, 0.2484, 0.3272, 0.3455,
        0.3528, 0.4114, 0.2708, 0.2907, 0.0648, 0.2789, 0.1387, 0.3731, 0.3224,
        0.2538, 0.5585, 0.0640, 0.2859, 0.2493, 0.4924, 0.1725, 0.2905, 0.2815,
        0.2879, 0.1574, 0.3380, 0.1703, 0.1677, 0.1072, 0.1907, 0.3282, 0.1941,
        0.2725, 0.3402, 0.1976, 0.2012, 0.0906, 0.1271, 0.2772, 0.1859, 0.3020,
        0.1683, 0.4228, 0.2911, 0.1160, 0.3907, 0.5481, 0.1604, 0.2610, 0.1721,
        0.2875, 0.1989, 0.2757, 0.2029, 0.1082, 0.0491, 0.2552, 0.0167, 0.3600,
        0.0351, 0.0382, 0.1571, 0.1744, 0.3317, 0.2201, 0.5375, 0.2033, 0.0969,
        0.3217, 0.0397, 0.2725, 0.1070, 0.1145, 0.1769, 0.0551, 0.1183, 0.3805,
        0.2711, 0.3664, 0.3238, 0.1360, 0.2054, 0.3375, 0.3209, 0.1130, 0.2460,
        0.1663, 0.3146, 0.2598, 0.3616, 0.5253, 0.5681, 0.1565, 0.3978, 0.3803,
        0.2196, 0.1500, 0.5474, 0.2486, 0.4924, 0.3823, 0.3168, 0.3277, 0.3260,
        0.3260, 0.5913, 0.1987, 0.0877, 0.1979, 0.4826, 0.4941, 0.1975, 0.1294,
        0.2649, 0.2196, 0.3012, 0.0801, 0.2370, 0.1487, 0.2575, 0.1609, 0.2231,
        0.2147, 0.1008, 0.4394, 0.2566, 0.2488, 0.2992, 0.1946, 0.3920, 0.1271,
        0.2243, 0.2680, 0.2572, 0.1725, 0.3824, 0.2918, 0.3064, 0.2632, 0.1109,
        0.1568, 0.0810, 0.5759, 0.4066, 0.3754, 0.4019, 0.5036, 0.4439, 0.6080,
        0.4949, 0.1143, 0.2054, 0.2705, 0.3059, 0.1472, 0.1347, 0.1867, 0.4734,
        0.1694, 0.3983, 0.2084, 0.5404, 0.1067, 0.2745, 0.4135, 0.1494, 0.2769,
        0.3007, 0.2319, 0.4301, 0.2403, 0.4888, 0.5048, 0.2391, 0.2475, 0.0275,
        0.3328, 0.3434, 0.0308, 0.0374, 0.5491, 0.5092, 0.3608, 0.2846, 0.2914,
        0.0722, 0.0748, 0.1236, 0.2816, 0.0787, 0.1853, 0.4971, 0.2151, 0.2987,
        0.1970, 0.0146, 0.1103, 0.1192, 0.4111, 0.3978, 0.3975, 0.3047, 0.1407,
        0.2017, 0.2672, 0.1886, 0.1013, 0.1982, 0.5883, 0.2892, 0.2275, 0.0934,
        0.5745, 0.4112, 0.3263, 0.1701, 0.2189, 0.1281, 0.2870, 0.1370, 0.0584,
        0.2317, 0.0922, 0.1797, 0.2928, 0.4351, 0.2839, 0.1959, 0.5828, 0.1081,
        0.2673, 0.2406, 0.2024, 0.2713, 0.4314, 0.5322, 0.2113, 0.5916, 0.6096,
        0.2706, 0.1503, 0.3148, 0.1269, 0.0469, 0.2208, 0.2129, 0.2954, 0.1634,
        0.1831, 0.0857, 0.2067, 0.2536, 0.1836, 0.0677, 0.2090, 0.2862, 0.2818,
        0.4402, 0.1682, 0.0524, 0.2656, 0.2114, 0.4012, 0.1099, 0.3737, 0.3098,
        0.0853, 0.1231, 0.1512, 0.2185, 0.2294, 0.1698, 0.2379, 0.3062, 0.2975,
        0.2761, 0.3300, 0.2657, 0.1806, 0.2050, 0.1918, 0.1377, 0.1481, 0.0231,
        0.2786, 0.2116, 0.3946, 0.2747, 0.3008, 0.3071, 0.1945])",0.09471348078832739,"tensor([ 0.3771,  0.4113,  0.3005,  0.2707,  0.1247,  0.5782,  0.5718,  0.4304,
         0.0050,  0.2232,  0.1918,  0.0938,  0.2301,  0.2202,  0.0954,  0.2831,
         0.5009, -0.0018,  0.0614,  0.4361,  0.4186,  0.2027,  0.2901,  0.2551,
         0.2171,  0.2886,  0.3154,  0.3459,  0.3842,  0.2310,  0.2340,  0.0443,
         0.2701,  0.1096,  0.3348,  0.2566,  0.2283,  0.5294,  0.0728,  0.2440,
         0.2386,  0.4593,  0.1363,  0.2740,  0.2405,  0.2448,  0.1540,  0.3113,
         0.1242,  0.1414,  0.0802,  0.1459,  0.2878,  0.1461,  0.2149,  0.3055,
         0.1519,  0.1991,  0.0482,  0.0835,  0.2370,  0.1205,  0.2623,  0.1338,
         0.3957,  0.2534,  0.0933,  0.3765,  0.5272,  0.1356,  0.2260,  0.1272,
         0.2692,  0.1803,  0.2293,  0.1595,  0.0828,  0.0078,  0.2302,  0.0102,
         0.3245,  0.0258,  0.0094,  0.1231,  0.1623,  0.2899,  0.2066,  0.5026,
         0.1651,  0.0850,  0.2903,  0.0404,  0.2377,  0.0764,  0.0964,  0.1649,
         0.0289,  0.0873,  0.3374,  0.2479,  0.3426,  0.2998,  0.1071,  0.1851,
         0.2976,  0.2858,  0.0928,  0.2200,  0.1273,  0.3047,  0.2922,  0.3370,
         0.5003,  0.5501,  0.1319,  0.4192,  0.3637,  0.1842,  0.1113,  0.5369,
         0.2141,  0.4520,  0.3497,  0.2658,  0.2899,  0.2715,  0.2982,  0.5770,
         0.1890,  0.0752,  0.1712,  0.4554,  0.4754,  0.1469,  0.0876,  0.2288,
         0.1491,  0.2831,  0.0637,  0.2020,  0.1043,  0.2368,  0.1398,  0.2006,
         0.1554,  0.0659,  0.4115,  0.2036,  0.2396,  0.2453,  0.1803,  0.3669,
         0.0866,  0.2064,  0.2265,  0.2538,  0.1587,  0.3456,  0.2726,  0.2937,
         0.2209,  0.0668,  0.1122,  0.0611,  0.5581,  0.3878,  0.3492,  0.4039,
         0.4859,  0.4412,  0.5865,  0.4749,  0.0978,  0.1708,  0.2433,  0.2167,
         0.1134,  0.1200,  0.1658,  0.4432,  0.1227,  0.3690,  0.1916,  0.5063,
         0.0717,  0.2388,  0.3639,  0.1175,  0.2517,  0.2843,  0.2109,  0.4127,
         0.2438,  0.5012,  0.4840,  0.1759,  0.2013,  0.0114,  0.2957,  0.3019,
         0.0232,  0.0424,  0.5291,  0.4896,  0.3536,  0.2693,  0.2693,  0.0672,
         0.0608,  0.0877,  0.2562,  0.0644,  0.1583,  0.4949,  0.2091,  0.2691,
         0.1657, -0.0025,  0.0788,  0.0848,  0.3663,  0.3443,  0.3699,  0.2633,
         0.1110,  0.1626,  0.2717,  0.1487,  0.0708,  0.1820,  0.5644,  0.2693,
         0.2000,  0.0744,  0.5563,  0.4003,  0.2623,  0.1543,  0.2051,  0.1130,
         0.2343,  0.1281,  0.0254,  0.2085,  0.0593,  0.1495,  0.2568,  0.4072,
         0.2465,  0.2198,  0.5600,  0.1025,  0.2547,  0.2242,  0.1676,  0.2653,
         0.4069,  0.5082,  0.1770,  0.5611,  0.5887,  0.2412,  0.0995,  0.2763,
         0.1117,  0.0179,  0.1926,  0.1804,  0.2815,  0.1448,  0.1359,  0.0630,
         0.1830,  0.2402,  0.1572,  0.0604,  0.1979,  0.2425,  0.2633,  0.4178,
         0.1515,  0.0090,  0.2176,  0.1787,  0.3672,  0.0840,  0.3523,  0.2923,
         0.0711,  0.0888,  0.1297,  0.2075,  0.2247,  0.1565,  0.1964,  0.2788,
         0.2647,  0.2493,  0.2975,  0.2504,  0.1390,  0.1878,  0.1593,  0.1056,
         0.1253,  0.0006,  0.2610,  0.1613,  0.3529,  0.2405,  0.2593,  0.2596,
         0.1598])"
41,41,0.0922982784349527,"tensor([0.3986, 0.4480, 0.3341, 0.2998, 0.1721, 0.6052, 0.6082, 0.4376, 0.0125,
        0.2744, 0.2010, 0.1343, 0.2690, 0.2654, 0.1268, 0.2916, 0.5222, 0.0247,
        0.0877, 0.4523, 0.4427, 0.2338, 0.3200, 0.2762, 0.2494, 0.3301, 0.3455,
        0.3527, 0.4098, 0.2716, 0.2923, 0.0632, 0.2795, 0.1431, 0.3743, 0.3231,
        0.2561, 0.5585, 0.0689, 0.2878, 0.2478, 0.4948, 0.1767, 0.2915, 0.2829,
        0.2892, 0.1596, 0.3376, 0.1714, 0.1703, 0.1115, 0.1927, 0.3322, 0.1957,
        0.2735, 0.3405, 0.1984, 0.2059, 0.0906, 0.1256, 0.2759, 0.1851, 0.3041,
        0.1683, 0.4235, 0.2932, 0.1146, 0.3929, 0.5487, 0.1689, 0.2628, 0.1784,
        0.2886, 0.2020, 0.2770, 0.2096, 0.1047, 0.0459, 0.2589, 0.0168, 0.3620,
        0.0401, 0.0379, 0.1597, 0.1808, 0.3336, 0.2220, 0.5387, 0.2037, 0.0907,
        0.3215, 0.0441, 0.2754, 0.1063, 0.1118, 0.1803, 0.0536, 0.1220, 0.3813,
        0.2711, 0.3669, 0.3239, 0.1378, 0.2070, 0.3404, 0.3198, 0.1215, 0.2473,
        0.1654, 0.3155, 0.2568, 0.3617, 0.5267, 0.5703, 0.1553, 0.4018, 0.3830,
        0.2197, 0.1513, 0.5469, 0.2497, 0.4930, 0.3865, 0.3169, 0.3298, 0.3273,
        0.3264, 0.5922, 0.1982, 0.0909, 0.1989, 0.4830, 0.4942, 0.1979, 0.1297,
        0.2653, 0.2224, 0.3019, 0.0888, 0.2364, 0.1477, 0.2588, 0.1619, 0.2250,
        0.2156, 0.1027, 0.4391, 0.2577, 0.2487, 0.3011, 0.1906, 0.3947, 0.1282,
        0.2210, 0.2699, 0.2606, 0.1734, 0.3834, 0.2932, 0.3086, 0.2651, 0.1099,
        0.1617, 0.0854, 0.5771, 0.4068, 0.3760, 0.4031, 0.5046, 0.4443, 0.6097,
        0.4954, 0.1114, 0.2050, 0.2696, 0.3057, 0.1501, 0.1349, 0.1882, 0.4748,
        0.1729, 0.3989, 0.2115, 0.5421, 0.1082, 0.2753, 0.4137, 0.1466, 0.2780,
        0.3040, 0.2295, 0.4317, 0.2417, 0.4880, 0.5048, 0.2411, 0.2469, 0.0204,
        0.3341, 0.3449, 0.0276, 0.0423, 0.5510, 0.5117, 0.3623, 0.2858, 0.2918,
        0.0724, 0.0737, 0.1243, 0.2851, 0.0797, 0.1857, 0.5000, 0.2101, 0.2986,
        0.1985, 0.0162, 0.1114, 0.1180, 0.4129, 0.3990, 0.3981, 0.3054, 0.1441,
        0.2017, 0.2668, 0.1893, 0.1071, 0.2000, 0.5883, 0.2895, 0.2291, 0.0909,
        0.5755, 0.4138, 0.3290, 0.1701, 0.2200, 0.1285, 0.2860, 0.1331, 0.0588,
        0.2347, 0.0883, 0.1779, 0.2933, 0.4374, 0.2862, 0.1986, 0.5845, 0.1139,
        0.2669, 0.2446, 0.2026, 0.2704, 0.4333, 0.5340, 0.2111, 0.5923, 0.6102,
        0.2723, 0.1535, 0.3168, 0.1276, 0.0513, 0.2219, 0.2152, 0.2946, 0.1655,
        0.1832, 0.0813, 0.2036, 0.2522, 0.1854, 0.0645, 0.2089, 0.2874, 0.2822,
        0.4409, 0.1730, 0.0497, 0.2658, 0.2104, 0.4010, 0.1100, 0.3761, 0.3108,
        0.0900, 0.1268, 0.1545, 0.2250, 0.2311, 0.1724, 0.2401, 0.3070, 0.2991,
        0.2780, 0.3327, 0.2665, 0.1810, 0.2062, 0.1919, 0.1388, 0.1452, 0.0265,
        0.2799, 0.2130, 0.3971, 0.2761, 0.3020, 0.3086, 0.1938])",0.09473706471423309,"tensor([ 3.7785e-01,  4.0824e-01,  2.9890e-01,  2.7012e-01,  1.2084e-01,
         5.7726e-01,  5.7304e-01,  4.3207e-01,  1.0008e-02,  2.1886e-01,
         1.8612e-01,  1.1627e-01,  2.3162e-01,  2.2458e-01,  1.0438e-01,
         2.8507e-01,  4.9874e-01, -8.1979e-03,  6.4259e-02,  4.3609e-01,
         4.1779e-01,  2.0385e-01,  2.9044e-01,  2.5109e-01,  2.2056e-01,
         2.8336e-01,  3.1428e-01,  3.4763e-01,  3.8014e-01,  2.2603e-01,
         2.3642e-01,  4.8364e-02,  2.7430e-01,  1.0639e-01,  3.3351e-01,
         2.5159e-01,  2.2921e-01,  5.3076e-01,  6.5646e-02,  2.4486e-01,
         2.4112e-01,  4.6029e-01,  1.3680e-01,  2.6839e-01,  2.4148e-01,
         2.4578e-01,  1.6363e-01,  3.1351e-01,  1.1817e-01,  1.4109e-01,
         8.9038e-02,  1.4227e-01,  2.8764e-01,  1.4549e-01,  2.1595e-01,
         3.0130e-01,  1.5141e-01,  1.9550e-01,  5.5936e-02,  8.6404e-02,
         2.3968e-01,  1.1110e-01,  2.6349e-01,  1.3112e-01,  3.9305e-01,
         2.5233e-01,  8.6787e-02,  3.7680e-01,  5.2746e-01,  1.3338e-01,
         2.2518e-01,  1.3122e-01,  2.6789e-01,  1.8096e-01,  2.2900e-01,
         1.5561e-01,  8.1290e-02,  9.5674e-03,  2.2657e-01,  8.1841e-03,
         3.2601e-01,  2.0649e-02,  7.8939e-03,  1.2303e-01,  1.5596e-01,
         2.9141e-01,  2.0429e-01,  5.0039e-01,  1.6415e-01,  7.1241e-02,
         2.9183e-01,  4.3952e-02,  2.3856e-01,  7.5478e-02,  9.5125e-02,
         1.6434e-01,  2.1228e-02,  9.1260e-02,  3.4051e-01,  2.4814e-01,
         3.4478e-01,  3.0028e-01,  1.0772e-01,  1.8922e-01,  3.0091e-01,
         2.8373e-01,  9.6840e-02,  2.2395e-01,  1.2938e-01,  3.0917e-01,
         2.9664e-01,  3.3869e-01,  5.0123e-01,  5.5205e-01,  1.2524e-01,
         4.2002e-01,  3.6240e-01,  1.8486e-01,  1.1201e-01,  5.3639e-01,
         2.1179e-01,  4.4998e-01,  3.4906e-01,  2.6302e-01,  2.9006e-01,
         2.6809e-01,  2.9906e-01,  5.7587e-01,  1.8523e-01,  6.1494e-02,
         1.7018e-01,  4.5546e-01,  4.7458e-01,  1.5057e-01,  7.7947e-02,
         2.2927e-01,  1.5107e-01,  2.8798e-01,  7.8424e-02,  2.0862e-01,
         1.0558e-01,  2.3631e-01,  1.3060e-01,  2.0139e-01,  1.5859e-01,
         6.6601e-02,  4.1199e-01,  2.0260e-01,  2.4066e-01,  2.4687e-01,
         1.8311e-01,  3.6434e-01,  7.7020e-02,  2.0468e-01,  2.2872e-01,
         2.5378e-01,  1.5663e-01,  3.5213e-01,  2.6742e-01,  2.9181e-01,
         2.2227e-01,  6.4907e-02,  1.1619e-01,  6.4755e-02,  5.5844e-01,
         3.8813e-01,  3.4723e-01,  4.0717e-01,  4.8506e-01,  4.4080e-01,
         5.8604e-01,  4.7710e-01,  1.0250e-01,  1.7395e-01,  2.4294e-01,
         2.0748e-01,  1.1258e-01,  1.1896e-01,  1.6198e-01,  4.4678e-01,
         1.2330e-01,  3.6863e-01,  1.9074e-01,  5.0221e-01,  8.0088e-02,
         2.4107e-01,  3.6042e-01,  1.1712e-01,  2.5298e-01,  2.8106e-01,
         2.1143e-01,  4.1251e-01,  2.3844e-01,  5.0826e-01,  4.8733e-01,
         1.7737e-01,  1.9431e-01,  2.3160e-02,  2.9482e-01,  2.9944e-01,
         2.2593e-02,  4.1680e-02,  5.2703e-01,  4.8806e-01,  3.5610e-01,
         2.7019e-01,  2.6597e-01,  6.9823e-02,  6.5606e-02,  9.2981e-02,
         2.5417e-01,  6.1604e-02,  1.6061e-01,  4.9537e-01,  2.0465e-01,
         2.7136e-01,  1.6702e-01, -5.8316e-03,  7.7452e-02,  8.9276e-02,
         3.6552e-01,  3.4554e-01,  3.6880e-01,  2.6504e-01,  1.1216e-01,
         1.5564e-01,  2.6865e-01,  1.5253e-01,  7.3320e-02,  1.8105e-01,
         5.6262e-01,  2.6636e-01,  1.9985e-01,  7.0848e-02,  5.5663e-01,
         3.9923e-01,  2.6534e-01,  1.5733e-01,  2.0457e-01,  1.1361e-01,
         2.3493e-01,  1.2846e-01,  3.0894e-02,  2.1221e-01,  6.3110e-02,
         1.4878e-01,  2.5373e-01,  4.0968e-01,  2.4173e-01,  2.2530e-01,
         5.5958e-01,  1.0392e-01,  2.5730e-01,  2.2837e-01,  1.7216e-01,
         2.6753e-01,  4.0607e-01,  5.1023e-01,  1.7904e-01,  5.6043e-01,
         5.8593e-01,  2.4020e-01,  1.0587e-01,  2.7448e-01,  1.1435e-01,
         3.4787e-02,  1.8760e-01,  1.8490e-01,  2.8173e-01,  1.4497e-01,
         1.4453e-01,  7.2981e-02,  1.8445e-01,  2.4168e-01,  1.5315e-01,
         6.4001e-02,  1.9313e-01,  2.3973e-01,  2.6512e-01,  4.1851e-01,
         1.5035e-01,  1.8438e-02,  2.1452e-01,  1.8125e-01,  3.6727e-01,
         8.7130e-02,  3.5402e-01,  2.9184e-01,  7.0693e-02,  8.5050e-02,
         1.3065e-01,  2.0850e-01,  2.2173e-01,  1.5893e-01,  1.9595e-01,
         2.7914e-01,  2.6580e-01,  2.4935e-01,  2.9695e-01,  2.4842e-01,
         1.4093e-01,  1.8694e-01,  1.5895e-01,  1.1347e-01,  1.2496e-01,
        -4.4901e-04,  2.6103e-01,  1.6220e-01,  3.5302e-01,  2.4048e-01,
         2.6275e-01,  2.6397e-01,  1.6097e-01])"
42,42,0.09224198275982444,"tensor([0.4008, 0.4496, 0.3353, 0.3009, 0.1740, 0.6057, 0.6094, 0.4374, 0.0130,
        0.2770, 0.2041, 0.1339, 0.2697, 0.2701, 0.1322, 0.2942, 0.5234, 0.0288,
        0.0902, 0.4527, 0.4439, 0.2329, 0.3206, 0.2785, 0.2502, 0.3276, 0.3466,
        0.3554, 0.4106, 0.2717, 0.2938, 0.0559, 0.2811, 0.1431, 0.3757, 0.3208,
        0.2568, 0.5591, 0.0724, 0.2869, 0.2527, 0.4947, 0.1775, 0.2936, 0.2842,
        0.2914, 0.1576, 0.3389, 0.1731, 0.1696, 0.1136, 0.1941, 0.3343, 0.1980,
        0.2761, 0.3414, 0.1973, 0.2069, 0.0896, 0.1309, 0.2766, 0.1851, 0.3051,
        0.1717, 0.4241, 0.2948, 0.1116, 0.3950, 0.5493, 0.1725, 0.2607, 0.1817,
        0.2889, 0.1998, 0.2793, 0.2160, 0.1019, 0.0483, 0.2622, 0.0189, 0.3626,
        0.0436, 0.0313, 0.1576, 0.1772, 0.3348, 0.2236, 0.5394, 0.2037, 0.0958,
        0.3237, 0.0419, 0.2745, 0.1129, 0.1122, 0.1840, 0.0585, 0.1235, 0.3834,
        0.2732, 0.3665, 0.3260, 0.1338, 0.2067, 0.3414, 0.3201, 0.1205, 0.2492,
        0.1665, 0.3165, 0.2555, 0.3629, 0.5270, 0.5706, 0.1567, 0.4043, 0.3820,
        0.2208, 0.1512, 0.5477, 0.2517, 0.4925, 0.3848, 0.3173, 0.3306, 0.3271,
        0.3285, 0.5927, 0.2057, 0.0935, 0.2023, 0.4838, 0.4943, 0.2007, 0.1316,
        0.2663, 0.2252, 0.3036, 0.0915, 0.2379, 0.1482, 0.2576, 0.1598, 0.2260,
        0.2147, 0.0996, 0.4418, 0.2595, 0.2494, 0.3002, 0.1912, 0.3947, 0.1275,
        0.2241, 0.2702, 0.2617, 0.1736, 0.3847, 0.2944, 0.3095, 0.2671, 0.1095,
        0.1608, 0.0867, 0.5795, 0.4083, 0.3781, 0.4033, 0.5059, 0.4457, 0.6098,
        0.4972, 0.1136, 0.2067, 0.2739, 0.3118, 0.1545, 0.1385, 0.1824, 0.4765,
        0.1732, 0.3992, 0.2115, 0.5431, 0.1083, 0.2776, 0.4144, 0.1485, 0.2779,
        0.3028, 0.2299, 0.4331, 0.2403, 0.4908, 0.5059, 0.2443, 0.2466, 0.0253,
        0.3356, 0.3440, 0.0302, 0.0474, 0.5514, 0.5115, 0.3632, 0.2858, 0.2921,
        0.0790, 0.0768, 0.1190, 0.2877, 0.0738, 0.1876, 0.4958, 0.2111, 0.3014,
        0.1997, 0.0154, 0.1122, 0.1161, 0.4141, 0.4008, 0.3993, 0.3067, 0.1428,
        0.2053, 0.2737, 0.1885, 0.1073, 0.2018, 0.5904, 0.2893, 0.2300, 0.0956,
        0.5758, 0.4132, 0.3301, 0.1716, 0.2212, 0.1316, 0.2882, 0.1335, 0.0641,
        0.2334, 0.0899, 0.1844, 0.2941, 0.4367, 0.2847, 0.1971, 0.5846, 0.1113,
        0.2671, 0.2460, 0.2047, 0.2731, 0.4331, 0.5342, 0.2129, 0.5930, 0.6086,
        0.2730, 0.1572, 0.3177, 0.1261, 0.0456, 0.2249, 0.2160, 0.2964, 0.1595,
        0.1853, 0.0942, 0.2101, 0.2547, 0.1850, 0.0663, 0.2068, 0.2888, 0.2817,
        0.4421, 0.1732, 0.0481, 0.2654, 0.2083, 0.4028, 0.1056, 0.3763, 0.3092,
        0.0912, 0.1261, 0.1553, 0.2211, 0.2316, 0.1719, 0.2399, 0.3066, 0.2993,
        0.2773, 0.3336, 0.2673, 0.1811, 0.2080, 0.1906, 0.1399, 0.1473, 0.0273,
        0.2809, 0.2132, 0.3965, 0.2773, 0.3022, 0.3101, 0.1977])",0.09474408254027367,"tensor([ 0.3768,  0.4088,  0.3003,  0.2712,  0.1195,  0.5781,  0.5737,  0.4236,
         0.0060,  0.2206,  0.1921,  0.1002,  0.2372,  0.2226,  0.1038,  0.2830,
         0.5007, -0.0074,  0.0642,  0.4361,  0.4194,  0.2106,  0.2896,  0.2540,
         0.2183,  0.2863,  0.3111,  0.3465,  0.3831,  0.2236,  0.2354,  0.0442,
         0.2745,  0.1097,  0.3353,  0.2553,  0.2306,  0.5324,  0.0730,  0.2444,
         0.2361,  0.4592,  0.1427,  0.2640,  0.2384,  0.2395,  0.1565,  0.3112,
         0.1200,  0.1380,  0.0855,  0.1406,  0.2859,  0.1448,  0.2152,  0.3046,
         0.1503,  0.1995,  0.0510,  0.0889,  0.2377,  0.1213,  0.2623,  0.1327,
         0.3957,  0.2513,  0.0866,  0.3787,  0.5296,  0.1391,  0.2271,  0.1279,
         0.2721,  0.1597,  0.2259,  0.1611,  0.0730,  0.0154,  0.2293,  0.0056,
         0.3235,  0.0164,  0.0129,  0.1163,  0.1446,  0.2913,  0.2015,  0.5037,
         0.1636,  0.0801,  0.2953,  0.0356,  0.2349,  0.0750,  0.0915,  0.1654,
         0.0326,  0.0915,  0.3402,  0.2511,  0.3463,  0.2992,  0.1027,  0.1893,
         0.3007,  0.2858,  0.0903,  0.2239,  0.1223,  0.3111,  0.2980,  0.3386,
         0.5015,  0.5540,  0.1296,  0.4229,  0.3609,  0.1814,  0.1138,  0.5367,
         0.2116,  0.4518,  0.3496,  0.2640,  0.2894,  0.2691,  0.3003,  0.5768,
         0.1894,  0.0686,  0.1707,  0.4553,  0.4752,  0.1458,  0.0950,  0.2243,
         0.1517,  0.2896,  0.0792,  0.2046,  0.1060,  0.2387,  0.1360,  0.2023,
         0.1659,  0.0681,  0.4139,  0.2034,  0.2414,  0.2397,  0.1772,  0.3681,
         0.0864,  0.2050,  0.2266,  0.2504,  0.1561,  0.3498,  0.2723,  0.2931,
         0.2249,  0.0729,  0.1086,  0.0666,  0.5600,  0.3883,  0.3471,  0.4076,
         0.4856,  0.4399,  0.5866,  0.4755,  0.1095,  0.1745,  0.2391,  0.2276,
         0.1151,  0.1169,  0.1614,  0.4460,  0.1206,  0.3692,  0.1860,  0.5059,
         0.0804,  0.2415,  0.3639,  0.1229,  0.2542,  0.2862,  0.2082,  0.4106,
         0.2530,  0.5094,  0.4871,  0.1785,  0.1987,  0.0233,  0.2952,  0.2978,
         0.0051,  0.0490,  0.5272,  0.4884,  0.3566,  0.2682,  0.2678,  0.0719,
         0.0501,  0.0899,  0.2571,  0.0501,  0.1596,  0.4931,  0.2096,  0.2734,
         0.1669, -0.0065,  0.0791,  0.0781,  0.3666,  0.3483,  0.3671,  0.2621,
         0.1106,  0.1587,  0.2696,  0.1513,  0.0712,  0.1797,  0.5656,  0.2647,
         0.1997,  0.0763,  0.5577,  0.3967,  0.2641,  0.1600,  0.2053,  0.1036,
         0.2398,  0.1275,  0.0389,  0.2111,  0.0652,  0.1511,  0.2582,  0.4078,
         0.2434,  0.2250,  0.5603,  0.1042,  0.2544,  0.2249,  0.1746,  0.2688,
         0.4059,  0.5109,  0.1777,  0.5614,  0.5866,  0.2372,  0.1078,  0.2697,
         0.1165,  0.0128,  0.1897,  0.1864,  0.2823,  0.1507,  0.1431,  0.0754,
         0.1819,  0.2415,  0.1595,  0.0756,  0.1956,  0.2390,  0.2564,  0.4200,
         0.1524,  0.0150,  0.2135,  0.1750,  0.3704,  0.0686,  0.3519,  0.2877,
         0.0718,  0.0895,  0.1290,  0.2070,  0.2236,  0.1661,  0.1996,  0.2788,
         0.2634,  0.2519,  0.2953,  0.2517,  0.1400,  0.1891,  0.1631,  0.1168,
         0.1123,  0.0021,  0.2625,  0.1615,  0.3533,  0.2406,  0.2631,  0.2667,
         0.1584])"
43,43,0.0921596079175152,"tensor([0.4005, 0.4506, 0.3366, 0.3019, 0.1754, 0.6063, 0.6058, 0.4362, 0.0145,
        0.2775, 0.2068, 0.1336, 0.2702, 0.2707, 0.1326, 0.2958, 0.5240, 0.0232,
        0.0870, 0.4535, 0.4456, 0.2350, 0.3225, 0.2773, 0.2517, 0.3283, 0.3470,
        0.3566, 0.4140, 0.2713, 0.2947, 0.0648, 0.2754, 0.1435, 0.3776, 0.3261,
        0.2577, 0.5612, 0.0765, 0.2907, 0.2530, 0.4968, 0.1773, 0.2944, 0.2832,
        0.2925, 0.1637, 0.3381, 0.1725, 0.1697, 0.1171, 0.1933, 0.3346, 0.1973,
        0.2779, 0.3418, 0.1987, 0.2073, 0.0874, 0.1315, 0.2806, 0.1889, 0.3070,
        0.1739, 0.4254, 0.2952, 0.1155, 0.3960, 0.5492, 0.1695, 0.2620, 0.1788,
        0.2910, 0.1994, 0.2831, 0.2151, 0.1053, 0.0504, 0.2614, 0.0192, 0.3641,
        0.0414, 0.0369, 0.1596, 0.1805, 0.3360, 0.2213, 0.5416, 0.2048, 0.1009,
        0.3257, 0.0399, 0.2769, 0.1069, 0.1158, 0.1835, 0.0578, 0.1218, 0.3845,
        0.2744, 0.3694, 0.3278, 0.1377, 0.2093, 0.3440, 0.3226, 0.1228, 0.2489,
        0.1639, 0.3184, 0.2654, 0.3638, 0.5284, 0.5730, 0.1585, 0.4042, 0.3838,
        0.2205, 0.1515, 0.5480, 0.2517, 0.4945, 0.3883, 0.3197, 0.3300, 0.3282,
        0.3292, 0.5944, 0.2022, 0.0921, 0.2024, 0.4847, 0.4954, 0.2008, 0.1318,
        0.2690, 0.2265, 0.3042, 0.0859, 0.2397, 0.1486, 0.2599, 0.1628, 0.2281,
        0.2155, 0.1025, 0.4424, 0.2600, 0.2488, 0.3033, 0.1968, 0.3959, 0.1346,
        0.2255, 0.2718, 0.2603, 0.1734, 0.3851, 0.2975, 0.3110, 0.2682, 0.1091,
        0.1631, 0.0903, 0.5792, 0.4097, 0.3798, 0.4042, 0.5062, 0.4467, 0.6110,
        0.4976, 0.1135, 0.2092, 0.2740, 0.3118, 0.1539, 0.1394, 0.1859, 0.4765,
        0.1732, 0.4003, 0.2095, 0.5442, 0.1101, 0.2771, 0.4165, 0.1502, 0.2784,
        0.3033, 0.2313, 0.4325, 0.2452, 0.4952, 0.5075, 0.2447, 0.2485, 0.0242,
        0.3365, 0.3455, 0.0302, 0.0450, 0.5531, 0.5137, 0.3642, 0.2898, 0.2937,
        0.0730, 0.0764, 0.1245, 0.2881, 0.0779, 0.1905, 0.4994, 0.2157, 0.3030,
        0.1990, 0.0118, 0.1175, 0.1222, 0.4162, 0.4040, 0.4001, 0.3081, 0.1433,
        0.2092, 0.2812, 0.1892, 0.1121, 0.2027, 0.5918, 0.2901, 0.2308, 0.0950,
        0.5766, 0.4158, 0.3326, 0.1710, 0.2208, 0.1299, 0.2888, 0.1385, 0.0591,
        0.2355, 0.0909, 0.1861, 0.2952, 0.4364, 0.2884, 0.2025, 0.5854, 0.1080,
        0.2680, 0.2445, 0.2055, 0.2736, 0.4342, 0.5351, 0.2138, 0.5941, 0.6104,
        0.2731, 0.1572, 0.3180, 0.1276, 0.0461, 0.2240, 0.2186, 0.2969, 0.1608,
        0.1870, 0.0949, 0.2109, 0.2546, 0.1868, 0.0666, 0.2120, 0.2906, 0.2843,
        0.4437, 0.1726, 0.0514, 0.2694, 0.2102, 0.4047, 0.1138, 0.3781, 0.3097,
        0.0931, 0.1300, 0.1530, 0.2225, 0.2333, 0.1709, 0.2408, 0.3087, 0.3007,
        0.2764, 0.3353, 0.2674, 0.1832, 0.2086, 0.1941, 0.1385, 0.1479, 0.0352,
        0.2824, 0.2143, 0.3988, 0.2781, 0.3037, 0.3120, 0.1980])",0.09475868053379513,"tensor([ 3.7848e-01,  4.0928e-01,  3.0021e-01,  2.6867e-01,  1.2511e-01,
         5.7894e-01,  5.7052e-01,  4.2658e-01,  2.8423e-04,  2.2108e-01,
         1.8748e-01,  1.1619e-01,  2.3547e-01,  2.2260e-01,  9.9591e-02,
         2.8477e-01,  4.9971e-01, -6.4673e-03,  5.8600e-02,  4.3547e-01,
         4.1628e-01,  2.1158e-01,  2.8967e-01,  2.5387e-01,  2.1833e-01,
         2.8598e-01,  3.1286e-01,  3.4966e-01,  3.8556e-01,  2.1933e-01,
         2.3634e-01,  4.5801e-02,  2.7131e-01,  1.1039e-01,  3.3462e-01,
         2.5167e-01,  2.2835e-01,  5.3296e-01,  7.3159e-02,  2.4285e-01,
         2.4083e-01,  4.5905e-01,  1.3592e-01,  2.7140e-01,  2.4093e-01,
         2.4368e-01,  1.5465e-01,  3.0807e-01,  1.1852e-01,  1.3787e-01,
         9.0818e-02,  1.4459e-01,  2.8644e-01,  1.4540e-01,  2.1573e-01,
         3.0240e-01,  1.5295e-01,  2.0266e-01,  5.0387e-02,  8.5869e-02,
         2.4163e-01,  1.1868e-01,  2.5333e-01,  1.3464e-01,  3.9531e-01,
         2.5311e-01,  9.6491e-02,  3.7737e-01,  5.2824e-01,  1.3778e-01,
         2.2650e-01,  1.2981e-01,  2.6861e-01,  1.6308e-01,  2.2530e-01,
         1.5545e-01,  8.3914e-02,  6.7437e-03,  2.2471e-01,  5.6323e-03,
         3.2377e-01,  2.5148e-02,  1.6908e-02,  1.2373e-01,  1.5951e-01,
         2.8852e-01,  1.9964e-01,  5.0151e-01,  1.6222e-01,  7.6135e-02,
         2.9340e-01,  3.9348e-02,  2.3273e-01,  6.8726e-02,  9.6642e-02,
         1.6085e-01,  3.1329e-02,  8.9358e-02,  3.4059e-01,  2.4877e-01,
         3.4543e-01,  2.9680e-01,  1.0916e-01,  1.8941e-01,  2.9950e-01,
         2.8678e-01,  9.4970e-02,  2.2100e-01,  1.2527e-01,  3.0974e-01,
         2.9922e-01,  3.3868e-01,  5.0069e-01,  5.5087e-01,  1.3052e-01,
         4.1875e-01,  3.6330e-01,  1.8268e-01,  1.1010e-01,  5.3634e-01,
         2.1396e-01,  4.5313e-01,  3.5199e-01,  2.6297e-01,  2.9305e-01,
         2.7137e-01,  2.9803e-01,  5.7620e-01,  1.8864e-01,  6.9542e-02,
         1.7230e-01,  4.5499e-01,  4.7471e-01,  1.4616e-01,  9.4860e-02,
         2.2668e-01,  1.5145e-01,  2.9061e-01,  8.3326e-02,  2.0277e-01,
         1.0379e-01,  2.3784e-01,  1.3963e-01,  2.0108e-01,  1.6036e-01,
         6.5367e-02,  4.1246e-01,  2.0301e-01,  2.4097e-01,  2.4457e-01,
         1.8260e-01,  3.6548e-01,  8.8087e-02,  2.0096e-01,  2.2929e-01,
         2.5208e-01,  1.5445e-01,  3.5067e-01,  2.7106e-01,  2.9485e-01,
         2.2329e-01,  6.9005e-02,  1.1185e-01,  5.7255e-02,  5.5906e-01,
         3.8554e-01,  3.4671e-01,  4.0297e-01,  4.8395e-01,  4.3965e-01,
         5.8616e-01,  4.7480e-01,  9.1066e-02,  1.7185e-01,  2.4207e-01,
         2.2531e-01,  1.1499e-01,  1.1567e-01,  1.6237e-01,  4.4704e-01,
         1.2321e-01,  3.6771e-01,  1.8771e-01,  5.0519e-01,  8.2147e-02,
         2.3907e-01,  3.6104e-01,  1.2208e-01,  2.5127e-01,  2.8512e-01,
         2.1002e-01,  4.1152e-01,  2.5256e-01,  5.0638e-01,  4.8827e-01,
         1.7258e-01,  1.9941e-01,  2.7305e-02,  2.9625e-01,  2.9769e-01,
         1.9415e-03,  3.4853e-02,  5.2743e-01,  4.8876e-01,  3.5358e-01,
         2.7108e-01,  2.6889e-01,  6.5149e-02,  6.0358e-02,  9.0215e-02,
         2.5409e-01,  6.2191e-02,  1.6046e-01,  4.9411e-01,  2.0582e-01,
         2.7283e-01,  1.6493e-01, -1.5039e-03,  8.6260e-02,  8.6832e-02,
         3.6811e-01,  3.4561e-01,  3.6763e-01,  2.6620e-01,  1.0945e-01,
         1.6062e-01,  2.6920e-01,  1.4978e-01,  7.4766e-02,  1.7453e-01,
         5.6551e-01,  2.6485e-01,  1.9813e-01,  7.7522e-02,  5.5671e-01,
         3.9958e-01,  2.6557e-01,  1.5569e-01,  2.0339e-01,  1.1554e-01,
         2.3342e-01,  1.2166e-01,  3.0406e-02,  2.1129e-01,  5.9955e-02,
         1.4729e-01,  2.5765e-01,  4.0838e-01,  2.4521e-01,  2.3642e-01,
         5.6030e-01,  1.0962e-01,  2.5483e-01,  2.2767e-01,  1.6651e-01,
         2.5809e-01,  4.0760e-01,  5.0881e-01,  1.7704e-01,  5.6136e-01,
         5.8736e-01,  2.4174e-01,  1.0544e-01,  2.7705e-01,  1.1370e-01,
         1.9708e-02,  1.8591e-01,  1.8509e-01,  2.8089e-01,  1.4858e-01,
         1.2965e-01,  7.3140e-02,  1.8897e-01,  2.4302e-01,  1.5619e-01,
         7.0058e-02,  1.9738e-01,  2.3957e-01,  2.6772e-01,  4.1934e-01,
         1.5076e-01,  1.7006e-02,  2.1047e-01,  1.7904e-01,  3.6938e-01,
         7.7861e-02,  3.5514e-01,  2.9118e-01,  7.1173e-02,  9.2369e-02,
         1.3314e-01,  2.0975e-01,  2.2034e-01,  1.6170e-01,  1.9471e-01,
         2.7696e-01,  2.6452e-01,  2.4657e-01,  2.9656e-01,  2.5155e-01,
         1.3894e-01,  1.8960e-01,  1.5856e-01,  1.0758e-01,  1.2552e-01,
         3.6063e-03,  2.6028e-01,  1.6126e-01,  3.5175e-01,  2.3890e-01,
         2.6206e-01,  2.6462e-01,  1.5973e-01])"
44,44,0.09209392677936981,"tensor([0.4025, 0.4512, 0.3364, 0.3025, 0.1768, 0.6062, 0.6085, 0.4403, 0.0230,
        0.2799, 0.2048, 0.1370, 0.2702, 0.2696, 0.1322, 0.2951, 0.5249, 0.0264,
        0.0889, 0.4545, 0.4464, 0.2363, 0.3229, 0.2779, 0.2512, 0.3289, 0.3492,
        0.3594, 0.4148, 0.2719, 0.2976, 0.0648, 0.2783, 0.1465, 0.3781, 0.3271,
        0.2590, 0.5625, 0.0728, 0.2905, 0.2554, 0.4969, 0.1771, 0.2938, 0.2871,
        0.2939, 0.1603, 0.3413, 0.1780, 0.1729, 0.1151, 0.1955, 0.3370, 0.1988,
        0.2790, 0.3426, 0.2034, 0.2043, 0.0901, 0.1327, 0.2783, 0.1886, 0.3079,
        0.1754, 0.4271, 0.2976, 0.1167, 0.3970, 0.5511, 0.1724, 0.2643, 0.1820,
        0.2905, 0.2040, 0.2831, 0.2184, 0.1057, 0.0494, 0.2614, 0.0177, 0.3652,
        0.0424, 0.0329, 0.1630, 0.1835, 0.3392, 0.2257, 0.5422, 0.2060, 0.0933,
        0.3267, 0.0421, 0.2791, 0.1033, 0.1162, 0.1813, 0.0466, 0.1228, 0.3849,
        0.2739, 0.3709, 0.3286, 0.1396, 0.2096, 0.3459, 0.3232, 0.1220, 0.2506,
        0.1687, 0.3179, 0.2669, 0.3635, 0.5297, 0.5727, 0.1608, 0.4057, 0.3828,
        0.2235, 0.1532, 0.5490, 0.2542, 0.4956, 0.3887, 0.3214, 0.3316, 0.3308,
        0.3291, 0.5944, 0.2042, 0.0952, 0.2045, 0.4852, 0.4972, 0.2033, 0.1349,
        0.2700, 0.2274, 0.3028, 0.0869, 0.2409, 0.1490, 0.2602, 0.1611, 0.2284,
        0.2199, 0.1043, 0.4428, 0.2595, 0.2485, 0.3050, 0.1955, 0.3979, 0.1333,
        0.2250, 0.2732, 0.2619, 0.1745, 0.3860, 0.2958, 0.3095, 0.2703, 0.1179,
        0.1627, 0.0887, 0.5814, 0.4104, 0.3821, 0.4038, 0.5078, 0.4473, 0.6120,
        0.4984, 0.1138, 0.2087, 0.2754, 0.3080, 0.1529, 0.1425, 0.1886, 0.4775,
        0.1770, 0.4017, 0.2131, 0.5454, 0.1068, 0.2795, 0.4184, 0.1519, 0.2806,
        0.3054, 0.2325, 0.4359, 0.2490, 0.4926, 0.5093, 0.2455, 0.2496, 0.0222,
        0.3371, 0.3471, 0.0304, 0.0422, 0.5542, 0.5146, 0.3645, 0.2899, 0.2935,
        0.0729, 0.0797, 0.1238, 0.2895, 0.0762, 0.1905, 0.5009, 0.2146, 0.3036,
        0.2012, 0.0156, 0.1140, 0.1200, 0.4170, 0.4040, 0.4010, 0.3109, 0.1450,
        0.2057, 0.2765, 0.1922, 0.1098, 0.2038, 0.5917, 0.2903, 0.2336, 0.0981,
        0.5774, 0.4165, 0.3340, 0.1720, 0.2230, 0.1289, 0.2915, 0.1362, 0.0606,
        0.2362, 0.0906, 0.1822, 0.2968, 0.4386, 0.2890, 0.2001, 0.5862, 0.1144,
        0.2699, 0.2460, 0.2046, 0.2744, 0.4353, 0.5359, 0.2155, 0.5953, 0.6122,
        0.2750, 0.1608, 0.3202, 0.1304, 0.0432, 0.2251, 0.2188, 0.2979, 0.1618,
        0.1879, 0.0953, 0.2092, 0.2574, 0.1869, 0.0669, 0.2106, 0.2922, 0.2883,
        0.4447, 0.1714, 0.0527, 0.2716, 0.2101, 0.4053, 0.1138, 0.3782, 0.3114,
        0.0907, 0.1304, 0.1599, 0.2238, 0.2340, 0.1699, 0.2423, 0.3092, 0.3032,
        0.2753, 0.3367, 0.2698, 0.1836, 0.2107, 0.1951, 0.1389, 0.1444, 0.0309,
        0.2829, 0.2140, 0.4008, 0.2779, 0.3047, 0.3127, 0.1990])",0.09474870890733741,"tensor([ 0.3772,  0.4096,  0.3024,  0.2720,  0.1218,  0.5786,  0.5694,  0.4307,
         0.0056,  0.2193,  0.1811,  0.1157,  0.2356,  0.2245,  0.0968,  0.2854,
         0.5001, -0.0045,  0.0555,  0.4342,  0.4165,  0.2096,  0.2876,  0.2559,
         0.2195,  0.2795,  0.3134,  0.3493,  0.3829,  0.2234,  0.2370,  0.0401,
         0.2762,  0.1094,  0.3323,  0.2526,  0.2304,  0.5331,  0.0623,  0.2397,
         0.2428,  0.4597,  0.1387,  0.2628,  0.2411,  0.2433,  0.1489,  0.3141,
         0.1222,  0.1419,  0.0909,  0.1435,  0.2872,  0.1478,  0.2165,  0.3045,
         0.1552,  0.2056,  0.0435,  0.0864,  0.2363,  0.1194,  0.2581,  0.1339,
         0.3954,  0.2521,  0.0982,  0.3777,  0.5257,  0.1418,  0.2279,  0.1372,
         0.2725,  0.1753,  0.2237,  0.1675,  0.0592,  0.0072,  0.2298,  0.0097,
         0.3256,  0.0214,  0.0148,  0.1227,  0.1552,  0.2893,  0.2059,  0.5037,
         0.1669,  0.0804,  0.2935,  0.0511,  0.2357,  0.0699,  0.0921,  0.1645,
         0.0373,  0.0922,  0.3416,  0.2498,  0.3468,  0.2975,  0.1104,  0.1905,
         0.3021,  0.2843,  0.0966,  0.2231,  0.1289,  0.3093,  0.2974,  0.3374,
         0.5021,  0.5537,  0.1324,  0.4232,  0.3624,  0.1859,  0.1116,  0.5361,
         0.2121,  0.4515,  0.3526,  0.2631,  0.2912,  0.2699,  0.3011,  0.5765,
         0.1824,  0.0694,  0.1667,  0.4546,  0.4742,  0.1473,  0.0998,  0.2277,
         0.1482,  0.2844,  0.0760,  0.2016,  0.1058,  0.2373,  0.1392,  0.2018,
         0.1638,  0.0705,  0.4130,  0.1973,  0.2414,  0.2429,  0.1802,  0.3665,
         0.0854,  0.1979,  0.2294,  0.2534,  0.1568,  0.3491,  0.2698,  0.2954,
         0.2255,  0.0685,  0.1165,  0.0662,  0.5607,  0.3865,  0.3491,  0.4065,
         0.4859,  0.4376,  0.5869,  0.4757,  0.0991,  0.1701,  0.2409,  0.2218,
         0.1168,  0.1273,  0.1541,  0.4473,  0.1209,  0.3678,  0.1888,  0.5036,
         0.0795,  0.2423,  0.3634,  0.1226,  0.2512,  0.2796,  0.2082,  0.4108,
         0.2544,  0.5080,  0.4878,  0.1803,  0.1982,  0.0222,  0.2969,  0.2949,
         0.0126,  0.0408,  0.5267,  0.4881,  0.3541,  0.2718,  0.2678,  0.0725,
         0.0647,  0.0854,  0.2600,  0.0524,  0.1607,  0.4968,  0.2066,  0.2722,
         0.1660,  0.0104,  0.0857,  0.0911,  0.3667,  0.3447,  0.3691,  0.2620,
         0.1095,  0.1637,  0.2766,  0.1506,  0.0733,  0.1769,  0.5641,  0.2679,
         0.2006,  0.0696,  0.5565,  0.3998,  0.2649,  0.1549,  0.2016,  0.1052,
         0.2387,  0.1273,  0.0243,  0.2113,  0.0630,  0.1490,  0.2565,  0.4095,
         0.2454,  0.2270,  0.5602,  0.1009,  0.2563,  0.2273,  0.1693,  0.2644,
         0.4079,  0.5089,  0.1773,  0.5620,  0.5880,  0.2409,  0.1035,  0.2754,
         0.1155,  0.0312,  0.1914,  0.1831,  0.2810,  0.1465,  0.1468,  0.0680,
         0.1841,  0.2403,  0.1602,  0.0583,  0.1978,  0.2418,  0.2661,  0.4210,
         0.1510,  0.0172,  0.2117,  0.1770,  0.3676,  0.0846,  0.3539,  0.2917,
         0.0751,  0.0928,  0.1267,  0.2092,  0.2210,  0.1636,  0.1985,  0.2815,
         0.2638,  0.2503,  0.2972,  0.2514,  0.1393,  0.1888,  0.1545,  0.1140,
         0.1160,  0.0068,  0.2615,  0.1598,  0.3518,  0.2411,  0.2624,  0.2645,
         0.1587])"
45,45,0.09201702751330475,"tensor([0.4028, 0.4533, 0.3380, 0.3033, 0.1788, 0.6077, 0.6089, 0.4404, 0.0209,
        0.2808, 0.2060, 0.1338, 0.2704, 0.2741, 0.1353, 0.2974, 0.5252, 0.0237,
        0.0886, 0.4550, 0.4489, 0.2337, 0.3234, 0.2794, 0.2543, 0.3283, 0.3507,
        0.3590, 0.4153, 0.2715, 0.2961, 0.0624, 0.2861, 0.1428, 0.3799, 0.3298,
        0.2594, 0.5633, 0.0766, 0.2923, 0.2548, 0.4982, 0.1815, 0.2935, 0.2884,
        0.2951, 0.1552, 0.3433, 0.1741, 0.1730, 0.1149, 0.1956, 0.3375, 0.2015,
        0.2817, 0.3457, 0.2055, 0.2048, 0.0957, 0.1324, 0.2815, 0.1911, 0.3098,
        0.1719, 0.4277, 0.2981, 0.1154, 0.3983, 0.5519, 0.1760, 0.2647, 0.1848,
        0.2934, 0.2058, 0.2865, 0.2216, 0.1041, 0.0470, 0.2666, 0.0219, 0.3672,
        0.0448, 0.0382, 0.1640, 0.1864, 0.3393, 0.2269, 0.5443, 0.2078, 0.0976,
        0.3279, 0.0433, 0.2810, 0.1123, 0.1207, 0.1839, 0.0549, 0.1248, 0.3853,
        0.2750, 0.3709, 0.3311, 0.1414, 0.2130, 0.3456, 0.3240, 0.1228, 0.2516,
        0.1664, 0.3200, 0.2659, 0.3646, 0.5308, 0.5736, 0.1576, 0.4058, 0.3847,
        0.2244, 0.1548, 0.5499, 0.2549, 0.4971, 0.3904, 0.3226, 0.3333, 0.3315,
        0.3317, 0.5952, 0.2033, 0.0962, 0.2035, 0.4858, 0.4952, 0.2037, 0.1412,
        0.2700, 0.2273, 0.3042, 0.0865, 0.2408, 0.1504, 0.2620, 0.1638, 0.2286,
        0.2211, 0.1055, 0.4436, 0.2612, 0.2442, 0.3054, 0.1971, 0.3990, 0.1378,
        0.2285, 0.2743, 0.2631, 0.1730, 0.3861, 0.2955, 0.3124, 0.2705, 0.1173,
        0.1636, 0.0901, 0.5816, 0.4105, 0.3816, 0.4048, 0.5085, 0.4460, 0.6127,
        0.4996, 0.1164, 0.2098, 0.2774, 0.3081, 0.1547, 0.1407, 0.1890, 0.4776,
        0.1770, 0.4019, 0.2143, 0.5476, 0.1127, 0.2806, 0.4201, 0.1521, 0.2827,
        0.3046, 0.2319, 0.4359, 0.2494, 0.4971, 0.5099, 0.2488, 0.2497, 0.0229,
        0.3401, 0.3438, 0.0299, 0.0497, 0.5554, 0.5165, 0.3656, 0.2922, 0.2939,
        0.0801, 0.0766, 0.1254, 0.2916, 0.0805, 0.1911, 0.5002, 0.2103, 0.3030,
        0.2032, 0.0129, 0.1167, 0.1226, 0.4204, 0.4072, 0.4019, 0.3117, 0.1466,
        0.2054, 0.2832, 0.1923, 0.1133, 0.2044, 0.5934, 0.2922, 0.2330, 0.0993,
        0.5789, 0.4170, 0.3362, 0.1726, 0.2224, 0.1302, 0.2886, 0.1430, 0.0574,
        0.2371, 0.0889, 0.1816, 0.2991, 0.4407, 0.2909, 0.2023, 0.5874, 0.1120,
        0.2697, 0.2468, 0.2092, 0.2746, 0.4375, 0.5374, 0.2151, 0.5952, 0.6133,
        0.2754, 0.1620, 0.3218, 0.1294, 0.0571, 0.2274, 0.2186, 0.2992, 0.1675,
        0.1911, 0.0945, 0.2110, 0.2569, 0.1893, 0.0670, 0.2127, 0.2912, 0.2871,
        0.4451, 0.1740, 0.0534, 0.2722, 0.2137, 0.4058, 0.1121, 0.3797, 0.3113,
        0.0940, 0.1314, 0.1581, 0.2246, 0.2364, 0.1747, 0.2436, 0.3109, 0.3044,
        0.2806, 0.3384, 0.2680, 0.1868, 0.2115, 0.1936, 0.1410, 0.1513, 0.0189,
        0.2833, 0.2158, 0.4028, 0.2784, 0.3052, 0.3132, 0.2015])",0.09474995342038926,"tensor([ 0.3776,  0.4071,  0.3004,  0.2691,  0.1177,  0.5785,  0.5720,  0.4319,
        -0.0051,  0.2203,  0.1920,  0.1180,  0.2323,  0.2206,  0.1032,  0.2812,
         0.5010, -0.0103,  0.0532,  0.4371,  0.4183,  0.2075,  0.2877,  0.2522,
         0.2166,  0.2863,  0.3148,  0.3499,  0.3844,  0.2234,  0.2391,  0.0472,
         0.2717,  0.1045,  0.3304,  0.2532,  0.2281,  0.5329,  0.0797,  0.2418,
         0.2410,  0.4588,  0.1359,  0.2661,  0.2435,  0.2441,  0.1559,  0.3124,
         0.1219,  0.1433,  0.0854,  0.1439,  0.2853,  0.1452,  0.2157,  0.3044,
         0.1524,  0.1981,  0.0531,  0.0881,  0.2414,  0.1228,  0.2609,  0.1307,
         0.3947,  0.2531,  0.0855,  0.3785,  0.5284,  0.1467,  0.2265,  0.1359,
         0.2713,  0.1838,  0.2235,  0.1639,  0.0872,  0.0086,  0.2343,  0.0032,
         0.3251,  0.0217,  0.0114,  0.1186,  0.1588,  0.2896,  0.2051,  0.5025,
         0.1691,  0.0921,  0.2925,  0.0473,  0.2346,  0.0729,  0.0998,  0.1672,
         0.0280,  0.0918,  0.3403,  0.2515,  0.3472,  0.2987,  0.1060,  0.1892,
         0.3053,  0.2867,  0.0923,  0.2248,  0.1289,  0.3110,  0.2956,  0.3379,
         0.5004,  0.5538,  0.1227,  0.4259,  0.3607,  0.1823,  0.1161,  0.5357,
         0.2142,  0.4506,  0.3525,  0.2651,  0.2932,  0.2715,  0.2990,  0.5765,
         0.1854,  0.0706,  0.1686,  0.4556,  0.4743,  0.1458,  0.0953,  0.2279,
         0.1423,  0.2898,  0.0752,  0.2013,  0.1026,  0.2358,  0.1408,  0.1978,
         0.1644,  0.0701,  0.4126,  0.2030,  0.2422,  0.2445,  0.1806,  0.3647,
         0.0869,  0.2039,  0.2230,  0.2507,  0.1562,  0.3471,  0.2730,  0.2960,
         0.2253,  0.0707,  0.1121,  0.0624,  0.5566,  0.3899,  0.3494,  0.4079,
         0.4781,  0.4413,  0.5869,  0.4743,  0.1019,  0.1702,  0.2417,  0.2266,
         0.1157,  0.1181,  0.1623,  0.4478,  0.1195,  0.3687,  0.1891,  0.5049,
         0.0746,  0.2411,  0.3639,  0.1241,  0.2514,  0.2841,  0.2085,  0.4137,
         0.2597,  0.5079,  0.4869,  0.1712,  0.1991,  0.0037,  0.2952,  0.2946,
         0.0150,  0.0482,  0.5264,  0.4884,  0.3574,  0.2642,  0.2660,  0.0738,
         0.0643,  0.0898,  0.2600,  0.0609,  0.1627,  0.4940,  0.2078,  0.2715,
         0.1650, -0.0065,  0.0863,  0.0819,  0.3646,  0.3433,  0.3706,  0.2648,
         0.1071,  0.1636,  0.2729,  0.1500,  0.0704,  0.1800,  0.5648,  0.2668,
         0.2017,  0.0674,  0.5577,  0.4013,  0.2651,  0.1597,  0.2045,  0.1148,
         0.2356,  0.1294,  0.0355,  0.2148,  0.0581,  0.1473,  0.2573,  0.4069,
         0.2464,  0.2344,  0.5604,  0.1126,  0.2504,  0.2252,  0.1697,  0.2636,
         0.4060,  0.5090,  0.1787,  0.5596,  0.5863,  0.2425,  0.1080,  0.2729,
         0.1106,  0.0312,  0.1886,  0.1837,  0.2803,  0.1495,  0.1446,  0.0762,
         0.1864,  0.2442,  0.1588,  0.0643,  0.1971,  0.2408,  0.2661,  0.4191,
         0.1519,  0.0196,  0.2128,  0.1787,  0.3681,  0.0757,  0.3514,  0.2903,
         0.0712,  0.0955,  0.1302,  0.2082,  0.2201,  0.1650,  0.1961,  0.2812,
         0.2624,  0.2502,  0.2958,  0.2521,  0.1383,  0.1859,  0.1576,  0.1163,
         0.1188, -0.0111,  0.2600,  0.1567,  0.3533,  0.2353,  0.2607,  0.2682,
         0.1583])"
46,46,0.09194483496804735,"tensor([0.4050, 0.4548, 0.3395, 0.3042, 0.1799, 0.6081, 0.6119, 0.4422, 0.0127,
        0.2821, 0.2093, 0.1380, 0.2733, 0.2741, 0.1361, 0.2988, 0.5280, 0.0311,
        0.0931, 0.4547, 0.4479, 0.2396, 0.3251, 0.2831, 0.2539, 0.3309, 0.3508,
        0.3603, 0.4158, 0.2718, 0.2995, 0.0657, 0.2814, 0.1447, 0.3814, 0.3291,
        0.2615, 0.5647, 0.0800, 0.2930, 0.2559, 0.5005, 0.1818, 0.2963, 0.2880,
        0.2955, 0.1536, 0.3450, 0.1763, 0.1773, 0.1154, 0.2003, 0.3401, 0.2047,
        0.2824, 0.3467, 0.2050, 0.2071, 0.0956, 0.1357, 0.2824, 0.1923, 0.3105,
        0.1779, 0.4274, 0.3002, 0.1175, 0.3988, 0.5520, 0.1782, 0.2660, 0.1861,
        0.2933, 0.2086, 0.2856, 0.2267, 0.1081, 0.0480, 0.2643, 0.0212, 0.3663,
        0.0480, 0.0290, 0.1656, 0.1894, 0.3397, 0.2255, 0.5458, 0.2078, 0.1014,
        0.3308, 0.0464, 0.2806, 0.1112, 0.1171, 0.1863, 0.0570, 0.1237, 0.3870,
        0.2758, 0.3708, 0.3320, 0.1412, 0.2123, 0.3464, 0.3251, 0.1297, 0.2516,
        0.1720, 0.3221, 0.2668, 0.3659, 0.5304, 0.5750, 0.1579, 0.4067, 0.3859,
        0.2253, 0.1550, 0.5499, 0.2555, 0.4989, 0.3912, 0.3245, 0.3325, 0.3334,
        0.3337, 0.5959, 0.2035, 0.0908, 0.2031, 0.4873, 0.4961, 0.2047, 0.1462,
        0.2725, 0.2292, 0.3046, 0.0917, 0.2423, 0.1509, 0.2632, 0.1651, 0.2284,
        0.2224, 0.1008, 0.4437, 0.2630, 0.2495, 0.3080, 0.2012, 0.4000, 0.1369,
        0.2288, 0.2768, 0.2631, 0.1759, 0.3888, 0.3008, 0.3138, 0.2741, 0.1177,
        0.1638, 0.0938, 0.5834, 0.4110, 0.3858, 0.4084, 0.5104, 0.4497, 0.6135,
        0.5005, 0.1166, 0.2115, 0.2766, 0.3131, 0.1576, 0.1404, 0.1947, 0.4789,
        0.1783, 0.4042, 0.2139, 0.5493, 0.1127, 0.2806, 0.4202, 0.1532, 0.2827,
        0.3064, 0.2327, 0.4375, 0.2517, 0.4946, 0.5109, 0.2481, 0.2544, 0.0252,
        0.3399, 0.3462, 0.0310, 0.0458, 0.5562, 0.5177, 0.3658, 0.2930, 0.2958,
        0.0781, 0.0843, 0.1259, 0.2950, 0.0820, 0.1905, 0.5007, 0.2131, 0.3055,
        0.2025, 0.0151, 0.1170, 0.1228, 0.4219, 0.4089, 0.4037, 0.3124, 0.1439,
        0.2144, 0.2882, 0.1918, 0.1151, 0.2073, 0.5947, 0.2908, 0.2346, 0.1004,
        0.5795, 0.4188, 0.3388, 0.1735, 0.2243, 0.1335, 0.2919, 0.1396, 0.0604,
        0.2383, 0.0925, 0.1888, 0.2988, 0.4400, 0.2918, 0.2072, 0.5876, 0.1103,
        0.2698, 0.2469, 0.2078, 0.2752, 0.4363, 0.5379, 0.2176, 0.5957, 0.6136,
        0.2766, 0.1615, 0.3219, 0.1300, 0.0440, 0.2285, 0.2196, 0.2982, 0.1635,
        0.1888, 0.0969, 0.2113, 0.2576, 0.1894, 0.0667, 0.2136, 0.2940, 0.2885,
        0.4465, 0.1760, 0.0473, 0.2718, 0.2160, 0.4083, 0.1125, 0.3805, 0.3124,
        0.0914, 0.1316, 0.1597, 0.2287, 0.2356, 0.1779, 0.2451, 0.3092, 0.3051,
        0.2816, 0.3414, 0.2712, 0.1866, 0.2102, 0.1967, 0.1413, 0.1515, 0.0351,
        0.2857, 0.2184, 0.4039, 0.2788, 0.3072, 0.3167, 0.2011])",0.09477931740028518,"tensor([ 0.3787,  0.4041,  0.2980,  0.2696,  0.1222,  0.5774,  0.5721,  0.4331,
         0.0131,  0.2217,  0.1962,  0.1197,  0.2370,  0.2195,  0.1015,  0.2847,
         0.4980, -0.0056,  0.0557,  0.4363,  0.4161,  0.2081,  0.2875,  0.2534,
         0.2184,  0.2815,  0.3131,  0.3512,  0.3850,  0.2278,  0.2374,  0.0482,
         0.2715,  0.1028,  0.3321,  0.2498,  0.2295,  0.5311,  0.0785,  0.2403,
         0.2328,  0.4593,  0.1344,  0.2714,  0.2399,  0.2434,  0.1617,  0.3124,
         0.1188,  0.1427,  0.0865,  0.1426,  0.2821,  0.1425,  0.2140,  0.3039,
         0.1553,  0.2008,  0.0473,  0.0837,  0.2359,  0.1206,  0.2571,  0.1265,
         0.3960,  0.2511,  0.1007,  0.3765,  0.5264,  0.1446,  0.2273,  0.1279,
         0.2715,  0.1774,  0.2311,  0.1699,  0.0851,  0.0186,  0.2287,  0.0122,
         0.3242,  0.0201,  0.0140,  0.1223,  0.1610,  0.2898,  0.2054,  0.4991,
         0.1627,  0.0971,  0.2922,  0.0467,  0.2355,  0.0779,  0.0964,  0.1666,
         0.0311,  0.0890,  0.3392,  0.2510,  0.3462,  0.2980,  0.1103,  0.1898,
         0.3066,  0.2859,  0.0911,  0.2224,  0.1239,  0.3131,  0.2991,  0.3373,
         0.4997,  0.5521,  0.1324,  0.4211,  0.3645,  0.1802,  0.1133,  0.5354,
         0.2086,  0.4477,  0.3487,  0.2647,  0.2918,  0.2664,  0.2984,  0.5757,
         0.1905,  0.0666,  0.1685,  0.4544,  0.4763,  0.1473,  0.0996,  0.2262,
         0.1488,  0.2890,  0.0777,  0.2058,  0.1063,  0.2355,  0.1402,  0.1989,
         0.1627,  0.0597,  0.4103,  0.2042,  0.2402,  0.2341,  0.1849,  0.3644,
         0.0838,  0.2022,  0.2221,  0.2520,  0.1536,  0.3497,  0.2701,  0.2949,
         0.2238,  0.0688,  0.1138,  0.0655,  0.5585,  0.3876,  0.3488,  0.4066,
         0.4855,  0.4421,  0.5853,  0.4746,  0.0886,  0.1706,  0.2432,  0.2210,
         0.1177,  0.1129,  0.1622,  0.4480,  0.1116,  0.3693,  0.1791,  0.5027,
         0.0814,  0.2409,  0.3611,  0.1238,  0.2521,  0.2847,  0.2082,  0.4103,
         0.2560,  0.5079,  0.4830,  0.1807,  0.1989,  0.0214,  0.2925,  0.2984,
         0.0158,  0.0413,  0.5308,  0.4883,  0.3542,  0.2708,  0.2663,  0.0558,
         0.0569,  0.0880,  0.2624,  0.0633,  0.1614,  0.4940,  0.2118,  0.2687,
         0.1664,  0.0052,  0.0895,  0.0842,  0.3637,  0.3410,  0.3681,  0.2632,
         0.1031,  0.1672,  0.2696,  0.1512,  0.0716,  0.1791,  0.5634,  0.2645,
         0.2016,  0.0661,  0.5552,  0.4000,  0.2604,  0.1553,  0.2037,  0.1126,
         0.2419,  0.1305,  0.0191,  0.2147,  0.0610,  0.1483,  0.2560,  0.4088,
         0.2462,  0.2459,  0.5586,  0.1049,  0.2556,  0.2264,  0.1709,  0.2626,
         0.4075,  0.5106,  0.1801,  0.5599,  0.5876,  0.2395,  0.1036,  0.2756,
         0.1131,  0.0236,  0.1888,  0.1833,  0.2806,  0.1428,  0.1413,  0.0559,
         0.1870,  0.2390,  0.1593,  0.0654,  0.2022,  0.2384,  0.2680,  0.4194,
         0.1558,  0.0214,  0.2114,  0.1761,  0.3640,  0.0826,  0.3529,  0.2927,
         0.0703,  0.0905,  0.1275,  0.2089,  0.2238,  0.1675,  0.1938,  0.2779,
         0.2619,  0.2481,  0.2936,  0.2526,  0.1408,  0.1889,  0.1597,  0.1119,
         0.1222,  0.0041,  0.2598,  0.1597,  0.3534,  0.2425,  0.2572,  0.2660,
         0.1571])"
47,47,0.09187448820961056,"tensor([0.4055, 0.4564, 0.3408, 0.3054, 0.1807, 0.6084, 0.6109, 0.4435, 0.0176,
        0.2856, 0.2099, 0.1365, 0.2747, 0.2777, 0.1367, 0.2975, 0.5287, 0.0317,
        0.0954, 0.4556, 0.4487, 0.2387, 0.3268, 0.2844, 0.2556, 0.3320, 0.3523,
        0.3642, 0.4161, 0.2764, 0.3002, 0.0662, 0.2877, 0.1459, 0.3819, 0.3320,
        0.2610, 0.5658, 0.0777, 0.2955, 0.2575, 0.4994, 0.1797, 0.2997, 0.2892,
        0.2983, 0.1591, 0.3459, 0.1803, 0.1771, 0.1184, 0.1986, 0.3424, 0.2040,
        0.2850, 0.3478, 0.2061, 0.2098, 0.0953, 0.1352, 0.2856, 0.1937, 0.3113,
        0.1789, 0.4296, 0.2975, 0.1175, 0.4002, 0.5521, 0.1767, 0.2667, 0.1854,
        0.2933, 0.2030, 0.2905, 0.2293, 0.1099, 0.0536, 0.2649, 0.0195, 0.3680,
        0.0403, 0.0331, 0.1683, 0.1921, 0.3413, 0.2286, 0.5468, 0.2087, 0.0962,
        0.3319, 0.0442, 0.2850, 0.1113, 0.1226, 0.1859, 0.0571, 0.1251, 0.3865,
        0.2755, 0.3736, 0.3329, 0.1399, 0.2141, 0.3494, 0.3262, 0.1308, 0.2547,
        0.1705, 0.3197, 0.2701, 0.3669, 0.5329, 0.5760, 0.1627, 0.4109, 0.3876,
        0.2276, 0.1566, 0.5509, 0.2558, 0.4992, 0.3932, 0.3256, 0.3348, 0.3354,
        0.3340, 0.5962, 0.2063, 0.0940, 0.2053, 0.4878, 0.4983, 0.2067, 0.1524,
        0.2728, 0.2337, 0.3055, 0.0827, 0.2425, 0.1528, 0.2642, 0.1675, 0.2295,
        0.2187, 0.1071, 0.4455, 0.2671, 0.2535, 0.3079, 0.1985, 0.4014, 0.1377,
        0.2290, 0.2757, 0.2651, 0.1765, 0.3905, 0.2985, 0.3137, 0.2744, 0.1176,
        0.1688, 0.0908, 0.5835, 0.4135, 0.3862, 0.4088, 0.5126, 0.4493, 0.6141,
        0.5006, 0.1176, 0.2121, 0.2767, 0.3118, 0.1554, 0.1435, 0.1916, 0.4783,
        0.1785, 0.4019, 0.2141, 0.5497, 0.1105, 0.2818, 0.4228, 0.1514, 0.2842,
        0.3072, 0.2327, 0.4384, 0.2508, 0.4968, 0.5127, 0.2520, 0.2555, 0.0260,
        0.3423, 0.3479, 0.0338, 0.0516, 0.5586, 0.5196, 0.3676, 0.2930, 0.2965,
        0.0786, 0.0816, 0.1290, 0.2970, 0.0819, 0.1914, 0.5039, 0.2165, 0.3047,
        0.2050, 0.0112, 0.1188, 0.1249, 0.4232, 0.4117, 0.4052, 0.3134, 0.1475,
        0.2122, 0.2864, 0.1919, 0.1117, 0.2085, 0.5957, 0.2918, 0.2371, 0.0932,
        0.5800, 0.4200, 0.3414, 0.1733, 0.2235, 0.1335, 0.2940, 0.1451, 0.0577,
        0.2393, 0.0897, 0.1878, 0.3007, 0.4420, 0.2958, 0.2112, 0.5881, 0.1118,
        0.2692, 0.2480, 0.2089, 0.2750, 0.4372, 0.5395, 0.2168, 0.5972, 0.6139,
        0.2771, 0.1634, 0.3246, 0.1291, 0.0516, 0.2290, 0.2214, 0.3000, 0.1700,
        0.1860, 0.0937, 0.2081, 0.2562, 0.1904, 0.0729, 0.2143, 0.2950, 0.2838,
        0.4474, 0.1762, 0.0489, 0.2751, 0.2146, 0.4096, 0.1172, 0.3814, 0.3135,
        0.0954, 0.1327, 0.1594, 0.2288, 0.2381, 0.1742, 0.2456, 0.3133, 0.3071,
        0.2827, 0.3394, 0.2710, 0.1887, 0.2106, 0.1986, 0.1428, 0.1517, 0.0313,
        0.2853, 0.2183, 0.4051, 0.2823, 0.3077, 0.3179, 0.2012])",0.09481577184938249,"tensor([ 0.3752,  0.4085,  0.3006,  0.2678,  0.1224,  0.5777,  0.5722,  0.4340,
        -0.0042,  0.2168,  0.1919,  0.1183,  0.2328,  0.2238,  0.1005,  0.2846,
         0.4991, -0.0066,  0.0575,  0.4355,  0.4159,  0.2113,  0.2893,  0.2495,
         0.2177,  0.2836,  0.3124,  0.3525,  0.3826,  0.2273,  0.2358,  0.0486,
         0.2773,  0.1081,  0.3341,  0.2547,  0.2264,  0.5308,  0.0708,  0.2410,
         0.2379,  0.4590,  0.1340,  0.2682,  0.2382,  0.2432,  0.1533,  0.3118,
         0.1171,  0.1426,  0.0889,  0.1369,  0.2847,  0.1452,  0.2122,  0.3029,
         0.1557,  0.2094,  0.0553,  0.0861,  0.2431,  0.1219,  0.2547,  0.1340,
         0.3946,  0.2531,  0.0932,  0.3759,  0.5264,  0.1388,  0.2287,  0.1268,
         0.2726,  0.1700,  0.2328,  0.1716,  0.0839,  0.0215,  0.2264,  0.0118,
         0.3235,  0.0113,  0.0139,  0.1240,  0.1558,  0.2905,  0.2002,  0.4999,
         0.1665,  0.0989,  0.2927,  0.0413,  0.2361,  0.0776,  0.1033,  0.1610,
         0.0284,  0.0891,  0.3346,  0.2504,  0.3471,  0.2962,  0.1094,  0.1885,
         0.3060,  0.2854,  0.0977,  0.2200,  0.1269,  0.3113,  0.3020,  0.3383,
         0.4998,  0.5530,  0.1283,  0.4229,  0.3642,  0.1834,  0.1114,  0.5353,
         0.2126,  0.4464,  0.3500,  0.2648,  0.2839,  0.2706,  0.2988,  0.5759,
         0.1755,  0.0692,  0.1703,  0.4556,  0.4741,  0.1443,  0.1066,  0.2258,
         0.1510,  0.2900,  0.0788,  0.2062,  0.0979,  0.2375,  0.1395,  0.2015,
         0.1672,  0.0702,  0.4089,  0.2005,  0.2418,  0.2439,  0.1798,  0.3619,
         0.0816,  0.1994,  0.2236,  0.2542,  0.1544,  0.3514,  0.2689,  0.2943,
         0.2215,  0.0676,  0.1047,  0.0596,  0.5582,  0.3853,  0.3455,  0.4069,
         0.4845,  0.4415,  0.5851,  0.4741,  0.0874,  0.1689,  0.2400,  0.2240,
         0.1150,  0.1258,  0.1593,  0.4477,  0.1208,  0.3653,  0.1808,  0.5029,
         0.0776,  0.2434,  0.3599,  0.1224,  0.2506,  0.2826,  0.2072,  0.4075,
         0.2540,  0.5093,  0.4845,  0.1807,  0.1986,  0.0181,  0.2955,  0.2975,
         0.0238,  0.0304,  0.5306,  0.4877,  0.3531,  0.2723,  0.2673,  0.0692,
         0.0643,  0.0920,  0.2619,  0.0610,  0.1594,  0.4967,  0.2132,  0.2742,
         0.1656,  0.0032,  0.0877,  0.0852,  0.3609,  0.3444,  0.3681,  0.2643,
         0.1093,  0.1665,  0.2659,  0.1519,  0.0712,  0.1796,  0.5620,  0.2696,
         0.2026,  0.0760,  0.5557,  0.4007,  0.2606,  0.1561,  0.2001,  0.1114,
         0.2418,  0.1316,  0.0293,  0.2114,  0.0646,  0.1490,  0.2565,  0.4090,
         0.2432,  0.2427,  0.5611,  0.1074,  0.2533,  0.2241,  0.1704,  0.2628,
         0.4083,  0.5112,  0.1750,  0.5595,  0.5879,  0.2438,  0.1036,  0.2745,
         0.1064,  0.0258,  0.1885,  0.1806,  0.2815,  0.1531,  0.1488,  0.0612,
         0.1870,  0.2407,  0.1582,  0.0653,  0.2017,  0.2371,  0.2617,  0.4181,
         0.1469,  0.0178,  0.2078,  0.1732,  0.3668,  0.0882,  0.3540,  0.2912,
         0.0746,  0.0926,  0.1300,  0.2082,  0.2214,  0.1674,  0.1961,  0.2793,
         0.2660,  0.2493,  0.2975,  0.2430,  0.1405,  0.1890,  0.1600,  0.1044,
         0.1216,  0.0068,  0.2612,  0.1599,  0.3535,  0.2374,  0.2591,  0.2616,
         0.1578])"
48,48,0.09180918082372466,"tensor([0.4057, 0.4570, 0.3415, 0.3062, 0.1816, 0.6089, 0.6106, 0.4419, 0.0155,
        0.2852, 0.2112, 0.1372, 0.2761, 0.2787, 0.1377, 0.2996, 0.5295, 0.0289,
        0.0947, 0.4567, 0.4506, 0.2392, 0.3285, 0.2850, 0.2562, 0.3318, 0.3517,
        0.3641, 0.4177, 0.2795, 0.3030, 0.0655, 0.2861, 0.1480, 0.3845, 0.3334,
        0.2634, 0.5655, 0.0692, 0.2955, 0.2599, 0.5016, 0.1822, 0.2977, 0.2917,
        0.2984, 0.1593, 0.3482, 0.1811, 0.1784, 0.1182, 0.2035, 0.3443, 0.2076,
        0.2865, 0.3476, 0.2064, 0.2129, 0.0950, 0.1373, 0.2853, 0.1970, 0.3139,
        0.1831, 0.4306, 0.3029, 0.1197, 0.4017, 0.5540, 0.1751, 0.2667, 0.1831,
        0.2933, 0.2031, 0.2896, 0.2332, 0.1098, 0.0483, 0.2707, 0.0208, 0.3699,
        0.0442, 0.0322, 0.1695, 0.1885, 0.3428, 0.2283, 0.5478, 0.2092, 0.1018,
        0.3333, 0.0464, 0.2861, 0.1165, 0.1262, 0.1833, 0.0565, 0.1267, 0.3860,
        0.2779, 0.3738, 0.3345, 0.1403, 0.2145, 0.3493, 0.3267, 0.1252, 0.2552,
        0.1714, 0.3231, 0.2716, 0.3686, 0.5333, 0.5755, 0.1659, 0.4115, 0.3864,
        0.2269, 0.1559, 0.5512, 0.2568, 0.4998, 0.3946, 0.3269, 0.3340, 0.3361,
        0.3349, 0.5973, 0.2043, 0.0950, 0.2073, 0.4891, 0.4986, 0.2093, 0.1500,
        0.2738, 0.2357, 0.3048, 0.0785, 0.2454, 0.1541, 0.2631, 0.1672, 0.2302,
        0.2243, 0.1065, 0.4452, 0.2672, 0.2527, 0.3108, 0.2016, 0.4031, 0.1401,
        0.2316, 0.2787, 0.2662, 0.1760, 0.3891, 0.2998, 0.3142, 0.2759, 0.1236,
        0.1695, 0.0895, 0.5853, 0.4130, 0.3869, 0.4079, 0.5129, 0.4495, 0.6149,
        0.5015, 0.1169, 0.2115, 0.2795, 0.3123, 0.1533, 0.1484, 0.1934, 0.4778,
        0.1825, 0.4032, 0.2185, 0.5510, 0.1095, 0.2853, 0.4227, 0.1541, 0.2840,
        0.3061, 0.2332, 0.4400, 0.2532, 0.4949, 0.5127, 0.2516, 0.2563, 0.0245,
        0.3438, 0.3459, 0.0266, 0.0460, 0.5588, 0.5198, 0.3682, 0.2946, 0.2968,
        0.0758, 0.0771, 0.1284, 0.2976, 0.0816, 0.1922, 0.5026, 0.2169, 0.3052,
        0.2054, 0.0153, 0.1234, 0.1237, 0.4245, 0.4131, 0.4049, 0.3165, 0.1459,
        0.2143, 0.2935, 0.1943, 0.1136, 0.2084, 0.5975, 0.2932, 0.2379, 0.1004,
        0.5802, 0.4207, 0.3434, 0.1761, 0.2264, 0.1361, 0.2959, 0.1442, 0.0566,
        0.2381, 0.0946, 0.1882, 0.3012, 0.4425, 0.2974, 0.2119, 0.5897, 0.1168,
        0.2725, 0.2487, 0.2104, 0.2761, 0.4371, 0.5395, 0.2192, 0.5971, 0.6141,
        0.2782, 0.1645, 0.3262, 0.1301, 0.0555, 0.2284, 0.2227, 0.2995, 0.1699,
        0.1959, 0.0957, 0.2142, 0.2592, 0.1892, 0.0734, 0.2175, 0.2964, 0.2847,
        0.4494, 0.1763, 0.0553, 0.2771, 0.2158, 0.4114, 0.1206, 0.3831, 0.3135,
        0.0976, 0.1320, 0.1630, 0.2269, 0.2394, 0.1778, 0.2477, 0.3109, 0.3083,
        0.2814, 0.3416, 0.2709, 0.1877, 0.2121, 0.1994, 0.1405, 0.1503, 0.0304,
        0.2859, 0.2200, 0.4069, 0.2817, 0.3096, 0.3189, 0.2036])",0.0948297150787853,"tensor([ 3.8031e-01,  4.0653e-01,  2.9866e-01,  2.6614e-01,  1.2153e-01,
         5.7824e-01,  5.6697e-01,  4.3335e-01, -3.0574e-03,  2.1936e-01,
         1.9532e-01,  1.1607e-01,  2.3646e-01,  2.2411e-01,  1.0255e-01,
         2.8277e-01,  5.0054e-01, -4.8706e-03,  5.6460e-02,  4.3560e-01,
         4.1515e-01,  2.1105e-01,  2.8713e-01,  2.4766e-01,  2.1799e-01,
         2.8436e-01,  3.1503e-01,  3.4691e-01,  3.8504e-01,  2.2426e-01,
         2.2965e-01,  5.1227e-02,  2.6953e-01,  1.0014e-01,  3.2880e-01,
         2.5525e-01,  2.2809e-01,  5.3227e-01,  6.1752e-02,  2.3710e-01,
         2.4091e-01,  4.5801e-01,  1.3654e-01,  2.6739e-01,  2.3774e-01,
         2.4049e-01,  1.6486e-01,  3.1119e-01,  1.2125e-01,  1.3830e-01,
         9.0592e-02,  1.4322e-01,  2.8221e-01,  1.4372e-01,  2.1448e-01,
         3.0271e-01,  1.4886e-01,  2.0474e-01,  4.8422e-02,  8.6182e-02,
         2.4026e-01,  1.1586e-01,  2.6156e-01,  1.3364e-01,  3.9166e-01,
         2.5239e-01,  9.2617e-02,  3.7783e-01,  5.2809e-01,  1.4633e-01,
         2.2527e-01,  1.3060e-01,  2.7084e-01,  1.5322e-01,  2.2914e-01,
         1.6704e-01,  8.4359e-02,  1.6563e-02,  2.2558e-01,  1.5465e-02,
         3.2402e-01,  3.0138e-02,  1.1300e-02,  1.2561e-01,  1.6291e-01,
         2.8803e-01,  2.0505e-01,  5.0220e-01,  1.6352e-01,  9.1654e-02,
         2.9117e-01,  5.0710e-02,  2.3816e-01,  7.2557e-02,  9.8641e-02,
         1.6238e-01,  3.1446e-02,  8.7219e-02,  3.4059e-01,  2.4940e-01,
         3.4640e-01,  2.9735e-01,  1.0415e-01,  1.8962e-01,  3.0680e-01,
         2.8478e-01,  9.6606e-02,  2.1774e-01,  1.2696e-01,  3.1113e-01,
         3.0280e-01,  3.3900e-01,  4.9957e-01,  5.5371e-01,  1.2697e-01,
         4.2056e-01,  3.6370e-01,  1.7972e-01,  1.1244e-01,  5.3635e-01,
         2.0926e-01,  4.4959e-01,  3.4982e-01,  2.6641e-01,  2.8850e-01,
         2.7057e-01,  3.0032e-01,  5.7577e-01,  1.9324e-01,  7.1482e-02,
         1.7191e-01,  4.5503e-01,  4.7306e-01,  1.4569e-01,  1.0416e-01,
         2.2850e-01,  1.5018e-01,  2.9027e-01,  8.2076e-02,  2.0817e-01,
         1.0722e-01,  2.3683e-01,  1.3482e-01,  1.9540e-01,  1.6624e-01,
         7.5142e-02,  4.1161e-01,  2.0059e-01,  2.3871e-01,  2.4610e-01,
         1.7877e-01,  3.6441e-01,  8.3512e-02,  2.0252e-01,  2.2354e-01,
         2.5168e-01,  1.5594e-01,  3.4420e-01,  2.7131e-01,  2.9760e-01,
         2.2110e-01,  6.9980e-02,  1.1454e-01,  6.2468e-02,  5.5784e-01,
         3.8757e-01,  3.4271e-01,  4.0806e-01,  4.8532e-01,  4.4227e-01,
         5.8642e-01,  4.7321e-01,  9.9270e-02,  1.7021e-01,  2.4021e-01,
         2.2138e-01,  1.1613e-01,  1.1031e-01,  1.6233e-01,  4.4459e-01,
         1.1963e-01,  3.6611e-01,  1.8349e-01,  5.0423e-01,  7.9719e-02,
         2.3983e-01,  3.6084e-01,  1.1505e-01,  2.4677e-01,  2.8117e-01,
         2.0828e-01,  4.0957e-01,  2.6118e-01,  5.0991e-01,  4.8631e-01,
         1.8178e-01,  1.9554e-01, -1.9776e-03,  2.9678e-01,  2.9747e-01,
         1.7592e-02,  4.8066e-02,  5.2930e-01,  4.8655e-01,  3.5463e-01,
         2.7068e-01,  2.6469e-01,  6.7023e-02,  6.7200e-02,  8.6931e-02,
         2.6329e-01,  6.3073e-02,  1.6387e-01,  4.9582e-01,  2.1219e-01,
         2.7253e-01,  1.6576e-01,  4.8557e-04,  8.9488e-02,  8.7604e-02,
         3.6258e-01,  3.4247e-01,  3.6906e-01,  2.6322e-01,  1.0802e-01,
         1.4960e-01,  2.8408e-01,  1.5192e-01,  6.7011e-02,  1.7860e-01,
         5.6422e-01,  2.6688e-01,  1.9929e-01,  7.4868e-02,  5.5639e-01,
         4.0110e-01,  2.6125e-01,  1.5461e-01,  2.0258e-01,  1.1144e-01,
         2.3938e-01,  1.3034e-01,  2.8482e-02,  2.0974e-01,  6.4278e-02,
         1.4706e-01,  2.5715e-01,  4.0947e-01,  2.4518e-01,  2.4726e-01,
         5.6101e-01,  9.9093e-02,  2.5617e-01,  2.2287e-01,  1.7021e-01,
         2.6272e-01,  4.0876e-01,  5.1078e-01,  1.7936e-01,  5.6087e-01,
         5.8544e-01,  2.4470e-01,  1.0530e-01,  2.7247e-01,  1.1257e-01,
         2.3943e-02,  1.8716e-01,  1.8615e-01,  2.8002e-01,  1.4328e-01,
         1.4919e-01,  6.6731e-02,  1.8756e-01,  2.4014e-01,  1.5715e-01,
         5.8659e-02,  2.0126e-01,  2.3636e-01,  2.6681e-01,  4.2036e-01,
         1.5356e-01,  1.9466e-02,  2.1040e-01,  1.7825e-01,  3.6865e-01,
         7.7734e-02,  3.5482e-01,  2.9133e-01,  7.1835e-02,  8.7511e-02,
         1.2974e-01,  2.0714e-01,  2.2171e-01,  1.5801e-01,  1.9559e-01,
         2.7608e-01,  2.6056e-01,  2.4410e-01,  2.9636e-01,  2.4975e-01,
         1.3711e-01,  1.8870e-01,  1.5740e-01,  1.0785e-01,  1.2114e-01,
         9.3778e-03,  2.6097e-01,  1.5929e-01,  3.5291e-01,  2.4127e-01,
         2.6138e-01,  2.6314e-01,  1.6075e-01])"
49,49,0.09175949465872636,"tensor([0.4068, 0.4575, 0.3421, 0.3069, 0.1839, 0.6092, 0.6109, 0.4436, 0.0146,
        0.2880, 0.2130, 0.1391, 0.2755, 0.2783, 0.1355, 0.2990, 0.5297, 0.0305,
        0.0943, 0.4582, 0.4510, 0.2398, 0.3279, 0.2880, 0.2578, 0.3325, 0.3532,
        0.3640, 0.4176, 0.2783, 0.3034, 0.0686, 0.2845, 0.1470, 0.3840, 0.3365,
        0.2633, 0.5674, 0.0726, 0.2968, 0.2600, 0.5018, 0.1844, 0.2969, 0.2921,
        0.3007, 0.1651, 0.3481, 0.1819, 0.1798, 0.1210, 0.2033, 0.3436, 0.2073,
        0.2885, 0.3495, 0.2070, 0.2138, 0.0897, 0.1405, 0.2867, 0.1941, 0.3137,
        0.1812, 0.4303, 0.3001, 0.1192, 0.4021, 0.5544, 0.1754, 0.2667, 0.1867,
        0.2945, 0.1984, 0.2918, 0.2346, 0.1065, 0.0489, 0.2722, 0.0224, 0.3717,
        0.0415, 0.0356, 0.1697, 0.1948, 0.3440, 0.2293, 0.5494, 0.2113, 0.1092,
        0.3344, 0.0485, 0.2853, 0.1166, 0.1137, 0.1844, 0.0543, 0.1252, 0.3887,
        0.2772, 0.3747, 0.3367, 0.1403, 0.2158, 0.3526, 0.3278, 0.1286, 0.2556,
        0.1720, 0.3242, 0.2702, 0.3690, 0.5336, 0.5759, 0.1653, 0.4121, 0.3868,
        0.2283, 0.1551, 0.5513, 0.2588, 0.5014, 0.3943, 0.3296, 0.3372, 0.3362,
        0.3349, 0.5979, 0.2069, 0.0986, 0.2090, 0.4885, 0.4987, 0.2120, 0.1510,
        0.2756, 0.2352, 0.3052, 0.0951, 0.2453, 0.1567, 0.2650, 0.1672, 0.2326,
        0.2258, 0.1077, 0.4471, 0.2664, 0.2543, 0.3118, 0.2031, 0.4031, 0.1420,
        0.2341, 0.2797, 0.2659, 0.1770, 0.3913, 0.3021, 0.3154, 0.2770, 0.1191,
        0.1705, 0.0886, 0.5865, 0.4140, 0.3819, 0.4092, 0.5136, 0.4488, 0.6159,
        0.5028, 0.1153, 0.2132, 0.2790, 0.3121, 0.1581, 0.1528, 0.1952, 0.4803,
        0.1818, 0.4037, 0.2171, 0.5524, 0.1135, 0.2841, 0.4247, 0.1541, 0.2855,
        0.3091, 0.2349, 0.4406, 0.2561, 0.4960, 0.5144, 0.2537, 0.2576, 0.0245,
        0.3449, 0.3485, 0.0342, 0.0490, 0.5583, 0.5208, 0.3693, 0.2969, 0.2968,
        0.0774, 0.0717, 0.1314, 0.2988, 0.0803, 0.1934, 0.5030, 0.2185, 0.3072,
        0.2056, 0.0173, 0.1223, 0.1251, 0.4269, 0.4145, 0.4064, 0.3177, 0.1482,
        0.2127, 0.2881, 0.1974, 0.1120, 0.2075, 0.5976, 0.2952, 0.2395, 0.1022,
        0.5818, 0.4213, 0.3428, 0.1737, 0.2247, 0.1360, 0.2976, 0.1463, 0.0581,
        0.2397, 0.0943, 0.1895, 0.3031, 0.4427, 0.2979, 0.2160, 0.5889, 0.1191,
        0.2726, 0.2498, 0.2109, 0.2779, 0.4393, 0.5408, 0.2199, 0.5974, 0.6151,
        0.2777, 0.1648, 0.3269, 0.1298, 0.0482, 0.2309, 0.2233, 0.3010, 0.1716,
        0.1956, 0.1002, 0.2143, 0.2596, 0.1910, 0.0700, 0.2191, 0.2978, 0.2840,
        0.4496, 0.1745, 0.0519, 0.2783, 0.2183, 0.4118, 0.1197, 0.3835, 0.3154,
        0.0944, 0.1328, 0.1620, 0.2300, 0.2386, 0.1775, 0.2461, 0.3125, 0.3083,
        0.2817, 0.3432, 0.2717, 0.1885, 0.2124, 0.2000, 0.1435, 0.1542, 0.0335,
        0.2865, 0.2197, 0.4083, 0.2817, 0.3096, 0.3204, 0.2046])",0.09483393441353526,"tensor([ 0.3769,  0.4062,  0.3019,  0.2660,  0.1209,  0.5782,  0.5730,  0.4356,
         0.0140,  0.2212,  0.1900,  0.1070,  0.2302,  0.2228,  0.1030,  0.2851,
         0.5005, -0.0069,  0.0548,  0.4337,  0.4173,  0.2104,  0.2886,  0.2562,
         0.2148,  0.2852,  0.3154,  0.3528,  0.3841,  0.2270,  0.2337,  0.0437,
         0.2842,  0.1081,  0.3312,  0.2550,  0.2293,  0.5320,  0.0803,  0.2414,
         0.2398,  0.4586,  0.1363,  0.2708,  0.2377,  0.2397,  0.1631,  0.3073,
         0.1167,  0.1344,  0.0957,  0.1402,  0.2843,  0.1436,  0.2143,  0.3010,
         0.1565,  0.2107,  0.0537,  0.0838,  0.2382,  0.1166,  0.2604,  0.1306,
         0.3935,  0.2526,  0.1007,  0.3771,  0.5272,  0.1408,  0.2257,  0.1389,
         0.2721,  0.1798,  0.2321,  0.1695,  0.0844,  0.0135,  0.2294,  0.0183,
         0.3223,  0.0230,  0.0118,  0.1195,  0.1620,  0.2905,  0.2053,  0.5007,
         0.1642,  0.0943,  0.2906,  0.0331,  0.2310,  0.0808,  0.0960,  0.1620,
         0.0384,  0.0847,  0.3389,  0.2494,  0.3471,  0.2993,  0.1096,  0.1887,
         0.3020,  0.2862,  0.0935,  0.2222,  0.1256,  0.3151,  0.2964,  0.3354,
         0.4996,  0.5508,  0.1328,  0.4274,  0.3635,  0.1823,  0.1115,  0.5351,
         0.2128,  0.4470,  0.3490,  0.2621,  0.2904,  0.2638,  0.2979,  0.5758,
         0.1930,  0.0704,  0.1713,  0.4551,  0.4712,  0.1480,  0.1025,  0.2251,
         0.1544,  0.2864,  0.0788,  0.2047,  0.1053,  0.2358,  0.1404,  0.1971,
         0.1676,  0.0718,  0.4109,  0.2017,  0.2379,  0.2428,  0.1793,  0.3631,
         0.0854,  0.2028,  0.2231,  0.2503,  0.1575,  0.3488,  0.2669,  0.2958,
         0.2232,  0.0724,  0.1190,  0.0667,  0.5556,  0.3846,  0.3418,  0.4005,
         0.4831,  0.4409,  0.5858,  0.4743,  0.0988,  0.1702,  0.2410,  0.2259,
         0.1174,  0.1190,  0.1557,  0.4470,  0.1190,  0.3668,  0.1856,  0.5026,
         0.0832,  0.2398,  0.3613,  0.1224,  0.2506,  0.2826,  0.2067,  0.4104,
         0.2604,  0.5104,  0.4855,  0.1795,  0.1936,  0.0135,  0.2950,  0.3015,
         0.0162,  0.0400,  0.5284,  0.4869,  0.3548,  0.2735,  0.2654,  0.0753,
         0.0674,  0.0957,  0.2651,  0.0623,  0.1634,  0.4950,  0.2126,  0.2728,
         0.1655,  0.0090,  0.0900,  0.0851,  0.3603,  0.3410,  0.3690,  0.2629,
         0.1084,  0.1650,  0.2766,  0.1516,  0.0697,  0.1780,  0.5626,  0.2687,
         0.2011,  0.0756,  0.5578,  0.4006,  0.2604,  0.1530,  0.2008,  0.1080,
         0.2430,  0.1257,  0.0273,  0.2111,  0.0608,  0.1499,  0.2549,  0.4071,
         0.2436,  0.2521,  0.5589,  0.1010,  0.2572,  0.2217,  0.1714,  0.2634,
         0.4082,  0.5107,  0.1764,  0.5596,  0.5886,  0.2439,  0.1060,  0.2707,
         0.1095,  0.0283,  0.1881,  0.1863,  0.2825,  0.1517,  0.1496,  0.0719,
         0.1927,  0.2401,  0.1572,  0.0700,  0.2048,  0.2373,  0.2674,  0.4202,
         0.1516,  0.0154,  0.2111,  0.1775,  0.3694,  0.0799,  0.3548,  0.2902,
         0.0712,  0.0870,  0.1309,  0.2139,  0.2200,  0.1703,  0.1937,  0.2805,
         0.2635,  0.2467,  0.2974,  0.2511,  0.1394,  0.1893,  0.1583,  0.1153,
         0.1172,  0.0047,  0.2610,  0.1584,  0.3558,  0.2399,  0.2604,  0.2616,
         0.1562])"
